datetime,open,high,low,close,volume,trades
2026-07-23 06:20:00+00:00,4118.5,4118.9,4116.5,4116.9,10.7,33.0
2026-07-23 06:25:00+00:00,4117.1,4117.1,4114.6,4114.6,4.637,16.0
2026-07-23 06:30:00+00:00,4114.6,4115.5,4113.7,4113.7,0.101,10.0
2026-07-23 06:35:00+00:00,4115.1,4115.3,4113.8,4113.8,0.052,6.0
2026-07-23 06:40:00+00:00,4111.8,4113.7,4111.1,4113.7,0.718,11.0
2026-07-23 06:45:00+00:00,4112.7,4114.3,4112.7,4114.3,0.107,9.0
2026-07-23 06:50:00+00:00,4114.7,4114.7,4113.1,4113.1,0.513,26.0
2026-07-23 06:55:00+00:00,4113.3,4113.3,4111.2,4111.3,0.032,7.0
2026-07-23 07:00:00+00:00,4110.3,4110.3,4107.9,4108.0,1.035,15.0
2026-07-23 07:05:00+00:00,4108.6,4108.6,4104.3,4104.3,0.323,19.0
2026-07-23 07:10:00+00:00,4104.0,4104.0,4095.9,4097.3,1.413,22.0
2026-07-23 07:15:00+00:00,4100.4,4103.8,4100.4,4102.4,1.24,15.0
2026-07-23 07:20:00+00:00,4101.1,4101.7,4099.2,4099.2,0.137,6.0
2026-07-23 07:25:00+00:00,4101.6,4102.7,4101.1,4101.1,0.031,5.0
2026-07-23 07:30:00+00:00,4097.3,4098.0,4095.4,4098.0,7.182,13.0
2026-07-23 07:35:00+00:00,4097.5,4097.5,4094.1,4094.1,0.165,9.0
2026-07-23 07:40:00+00:00,4094.3,4094.3,4086.0,4088.5,6.06,61.0
2026-07-23 07:45:00+00:00,4088.6,4089.3,4085.5,4086.1,6.082,54.0
2026-07-23 07:50:00+00:00,4086.5,4088.1,4084.5,4087.2,3.451,34.0
2026-07-23 07:55:00+00:00,4086.9,4089.9,4086.9,4088.7,0.847,16.0
2026-07-23 08:00:00+00:00,4089.9,4090.0,4084.5,4086.2,6.125,54.0
2026-07-23 08:05:00+00:00,4086.4,4088.9,4086.4,4087.7,2.244,21.0
2026-07-23 08:10:00+00:00,4089.8,4090.0,4084.5,4084.7,4.729,43.0
2026-07-23 08:15:00+00:00,4085.0,4085.6,4083.9,4083.9,5.387,35.0
2026-07-23 08:20:00+00:00,4083.8,4084.2,4082.8,4083.4,0.273,13.0
2026-07-23 08:25:00+00:00,4083.3,4085.6,4083.3,4085.3,0.171,8.0
2026-07-23 08:30:00+00:00,4084.5,4084.7,4083.6,4084.7,0.452,7.0
2026-07-23 08:35:00+00:00,4086.1,4086.5,4085.1,4085.8,0.229,10.0
2026-07-23 08:40:00+00:00,4083.0,4085.3,4083.0,4085.2,0.038,6.0
2026-07-23 08:45:00+00:00,4085.2,4085.2,4081.5,4083.9,0.192,14.0
2026-07-23 08:50:00+00:00,4083.0,4085.2,4082.1,4085.2,3.563,110.0
2026-07-23 08:55:00+00:00,4085.3,4087.8,4085.3,4087.3,0.764,53.0
2026-07-23 09:00:00+00:00,4087.0,4091.7,4086.9,4091.7,1.384,80.0
2026-07-23 09:05:00+00:00,4092.6,4092.6,4090.9,4090.9,0.972,12.0
2026-07-23 09:10:00+00:00,4090.8,4091.4,4090.7,4090.7,0.024,5.0
2026-07-23 09:15:00+00:00,4089.1,4090.4,4089.1,4090.4,0.344,13.0
2026-07-23 09:20:00+00:00,4088.7,4089.1,4088.3,4088.3,0.089,7.0
2026-07-23 09:25:00+00:00,4088.2,4088.2,4083.8,4084.6,5.053,46.0
2026-07-23 09:30:00+00:00,4083.9,4084.5,4083.5,4084.0,0.05,7.0
2026-07-23 09:35:00+00:00,4085.4,4086.3,4085.3,4085.7,0.06,10.0
2026-07-23 09:40:00+00:00,4085.2,4086.6,4085.1,4086.6,0.034,6.0
2026-07-23 09:45:00+00:00,4086.4,4087.9,4086.4,4087.3,0.033,6.0
2026-07-23 09:50:00+00:00,4086.8,4087.2,4085.3,4087.2,1.279,11.0
2026-07-23 09:55:00+00:00,4085.6,4085.6,4083.7,4083.7,0.03,6.0
2026-07-23 10:00:00+00:00,4083.4,4085.1,4083.2,4084.9,1.559,20.0
2026-07-23 10:05:00+00:00,4085.2,4085.4,4083.0,4083.0,1.512,29.0
2026-07-23 10:10:00+00:00,4083.1,4085.1,4083.1,4084.6,0.131,14.0
2026-07-23 10:15:00+00:00,4084.6,4085.8,4084.6,4084.6,0.062,12.0
2026-07-23 10:20:00+00:00,4083.2,4083.2,4080.7,4080.9,0.309,15.0
2026-07-23 10:25:00+00:00,4082.3,4082.3,4082.0,4082.1,0.971,13.0
2026-07-23 10:30:00+00:00,4082.9,4085.2,4082.8,4082.8,0.359,9.0
2026-07-23 10:35:00+00:00,4081.1,4083.5,4081.1,4083.0,0.036,6.0
2026-07-23 10:40:00+00:00,4083.3,4083.3,4082.1,4083.0,0.028,7.0
2026-07-23 10:45:00+00:00,4083.2,4085.0,4081.8,4085.0,0.298,10.0
2026-07-23 10:50:00+00:00,4086.1,4086.8,4085.8,4085.9,0.956,12.0
2026-07-23 10:55:00+00:00,4086.9,4087.4,4086.1,4086.2,5.421,22.0
2026-07-23 11:00:00+00:00,4087.2,4087.2,4085.0,4085.0,0.54,11.0
2026-07-23 11:05:00+00:00,4085.4,4085.4,4083.0,4083.0,0.321,15.0
2026-07-23 11:10:00+00:00,4082.7,4082.8,4081.5,4082.0,0.036,6.0
2026-07-23 11:15:00+00:00,4081.9,4081.9,4079.2,4079.2,0.88,13.0
2026-07-23 11:20:00+00:00,4078.5,4080.2,4076.5,4077.0,0.116,6.0
2026-07-23 11:25:00+00:00,4077.8,4078.5,4076.5,4077.8,0.049,6.0
2026-07-23 11:30:00+00:00,4076.7,4077.2,4074.6,4074.6,0.106,9.0
2026-07-23 11:35:00+00:00,4074.5,4075.6,4074.0,4074.2,0.033,5.0
2026-07-23 11:40:00+00:00,4072.7,4072.7,4068.1,4072.3,1.498,25.0
2026-07-23 11:45:00+00:00,4072.7,4074.6,4072.7,4074.4,0.062,4.0
2026-07-23 11:50:00+00:00,4075.1,4082.1,4075.1,4078.6,3.006,33.0
2026-07-23 11:55:00+00:00,4078.7,4079.3,4078.1,4079.3,0.049,7.0
2026-07-23 12:00:00+00:00,4079.9,4079.9,4076.3,4077.1,1.437,22.0
2026-07-23 12:05:00+00:00,4077.4,4078.8,4076.7,4077.4,0.465,17.0
2026-07-23 12:10:00+00:00,4078.4,4078.6,4076.1,4076.1,0.322,9.0
2026-07-23 12:15:00+00:00,4076.1,4077.0,4069.2,4070.0,6.433,59.0
2026-07-23 12:20:00+00:00,4070.4,4071.9,4065.7,4066.6,20.669,21.0
2026-07-23 12:25:00+00:00,4066.6,4070.9,4066.6,4069.7,5.398,26.0
2026-07-23 12:30:00+00:00,4066.9,4067.8,4063.5,4067.8,1.308,19.0
2026-07-23 12:35:00+00:00,4068.2,4068.2,4059.8,4065.3,2.024,23.0
2026-07-23 12:40:00+00:00,4065.3,4065.3,4060.8,4064.6,3.15,20.0
2026-07-23 12:45:00+00:00,4059.8,4061.1,4058.8,4058.8,3.421,15.0
2026-07-23 12:50:00+00:00,4060.7,4062.4,4057.2,4058.0,1.293,18.0
2026-07-23 12:55:00+00:00,4058.6,4060.0,4058.3,4059.8,0.762,13.0
2026-07-23 13:00:00+00:00,4056.8,4057.5,4050.7,4051.1,6.216,43.0
2026-07-23 13:05:00+00:00,4050.7,4050.7,4041.0,4042.8,8.819,61.0
2026-07-23 13:10:00+00:00,4042.2,4042.2,4036.9,4037.4,11.726,43.0
2026-07-23 13:15:00+00:00,4037.5,4044.5,4036.8,4044.0,3.105,27.0
2026-07-23 13:20:00+00:00,4045.2,4048.7,4045.2,4047.9,3.002,24.0
2026-07-23 13:25:00+00:00,4048.9,4052.2,4048.3,4052.2,0.736,16.0
2026-07-23 13:30:00+00:00,4054.3,4062.4,4054.3,4060.6,5.858,48.0
2026-07-23 13:35:00+00:00,4059.1,4059.1,4051.8,4051.8,0.714,9.0
2026-07-23 13:40:00+00:00,4051.4,4056.5,4051.4,4052.0,0.167,10.0
2026-07-23 13:45:00+00:00,4052.3,4052.3,4046.1,4046.1,0.848,13.0
2026-07-23 13:50:00+00:00,4047.3,4053.6,4047.3,4053.6,0.392,18.0
2026-07-23 13:55:00+00:00,4051.8,4051.8,4040.0,4040.0,1.95,29.0
2026-07-23 14:00:00+00:00,4039.4,4045.5,4039.4,4040.6,2.392,30.0
2026-07-23 14:05:00+00:00,4039.5,4041.0,4036.2,4040.6,9.803,33.0
2026-07-23 14:10:00+00:00,4042.4,4046.7,4040.9,4045.2,4.529,32.0
2026-07-23 14:15:00+00:00,4045.6,4045.6,4040.5,4040.5,2.799,17.0
2026-07-23 14:20:00+00:00,4041.1,4047.3,4041.1,4047.3,1.032,10.0
2026-07-23 14:25:00+00:00,4047.8,4050.7,4047.8,4050.7,1.48,14.0
2026-07-23 14:30:00+00:00,4052.9,4052.9,4048.2,4049.8,0.056,4.0
2026-07-23 14:35:00+00:00,4050.4,4054.6,4050.4,4054.2,24.957,27.0
2026-07-23 14:40:00+00:00,4053.9,4053.9,4053.3,4053.3,0.041,3.0
2026-07-23 14:45:00+00:00,4052.9,4056.5,4052.9,4054.8,0.519,11.0
2026-07-23 14:50:00+00:00,4054.3,4055.2,4052.8,4052.8,0.144,7.0
2026-07-23 14:55:00+00:00,4054.4,4055.0,4053.7,4053.7,1.857,12.0
2026-07-23 15:00:00+00:00,4053.7,4054.2,4052.4,4052.4,1.407,28.0
2026-07-23 15:05:00+00:00,4052.2,4052.3,4047.3,4047.3,1.398,14.0
2026-07-23 15:10:00+00:00,4046.4,4049.1,4045.9,4046.3,5.738,26.0
2026-07-23 15:15:00+00:00,4047.1,4049.7,4047.1,4048.7,0.217,9.0
2026-07-23 15:20:00+00:00,4048.9,4048.9,4043.4,4046.3,46.172,49.0
2026-07-23 15:25:00+00:00,4045.9,4045.9,4043.8,4044.2,0.203,7.0
2026-07-23 15:30:00+00:00,4041.4,4041.4,4040.0,4040.7,1.393,16.0
2026-07-23 15:35:00+00:00,4043.8,4046.1,4043.8,4045.3,0.309,11.0
2026-07-23 15:40:00+00:00,4046.5,4048.5,4046.5,4047.7,0.039,7.0
2026-07-23 15:45:00+00:00,4044.2,4046.4,4044.2,4045.5,18.485,64.0
2026-07-23 15:50:00+00:00,4044.8,4046.4,4042.8,4045.7,22.342,57.0
2026-07-23 15:55:00+00:00,4046.0,4046.0,4042.7,4044.0,21.117,29.0
2026-07-23 16:00:00+00:00,4045.0,4046.3,4044.6,4044.9,20.16,40.0
2026-07-23 16:05:00+00:00,4045.0,4046.3,4044.6,4044.8,9.425,48.0
2026-07-23 16:10:00+00:00,4044.6,4045.7,4044.4,4045.7,0.417,12.0
2026-07-23 16:15:00+00:00,4045.5,4045.5,4043.1,4043.1,20.171,16.0
2026-07-23 16:20:00+00:00,4043.0,4046.6,4043.0,4045.5,0.728,14.0
2026-07-23 16:25:00+00:00,4044.9,4046.4,4044.9,4046.4,0.963,14.0
2026-07-23 16:30:00+00:00,4046.0,4046.0,4044.3,4044.4,0.028,6.0
2026-07-23 16:35:00+00:00,4043.7,4045.7,4043.7,4045.6,0.075,10.0
2026-07-23 16:40:00+00:00,4045.4,4046.0,4045.4,4045.9,0.035,7.0
2026-07-23 16:45:00+00:00,4046.2,4046.2,4045.7,4045.7,0.02,5.0
2026-07-23 16:50:00+00:00,4045.3,4045.3,4044.1,4045.1,1.024,7.0
2026-07-23 16:55:00+00:00,4045.7,4046.9,4045.7,4046.8,0.164,13.0
2026-07-23 17:00:00+00:00,4046.9,4050.0,4046.9,4049.1,2.025,23.0
2026-07-23 17:05:00+00:00,4048.4,4049.1,4043.1,4043.1,0.762,17.0
2026-07-23 17:10:00+00:00,4043.2,4043.2,4042.6,4043.0,1.68,11.0
2026-07-23 17:15:00+00:00,4043.8,4045.2,4042.5,4042.5,0.84,10.0
2026-07-23 17:20:00+00:00,4045.7,4045.8,4044.3,4045.3,0.819,16.0
2026-07-23 17:25:00+00:00,4044.5,4044.9,4043.2,4043.2,0.321,9.0
2026-07-23 17:30:00+00:00,4044.7,4044.8,4043.8,4043.8,0.058,7.0
2026-07-23 17:35:00+00:00,4043.3,4043.3,4040.7,4040.7,0.247,12.0
2026-07-23 17:40:00+00:00,4040.7,4040.7,4038.2,4039.3,0.261,7.0
2026-07-23 17:45:00+00:00,4039.2,4039.6,4038.3,4039.3,0.407,11.0
2026-07-23 17:50:00+00:00,4039.4,4039.4,4038.3,4039.0,0.104,8.0
2026-07-23 17:55:00+00:00,4038.8,4038.8,4038.2,4038.2,0.138,10.0
2026-07-23 18:00:00+00:00,4037.5,4038.0,4036.9,4037.8,43.885,40.0
2026-07-23 18:05:00+00:00,4037.1,4038.8,4036.9,4038.8,0.751,16.0
2026-07-23 18:10:00+00:00,4038.6,4038.7,4038.1,4038.4,0.155,7.0
2026-07-23 18:15:00+00:00,4037.1,4038.8,4037.1,4038.7,2.196,19.0
2026-07-23 18:20:00+00:00,4038.2,4038.7,4036.4,4037.7,7.8,29.0
2026-07-23 18:25:00+00:00,4036.9,4040.2,4036.9,4040.2,9.862,77.0
2026-07-23 18:30:00+00:00,4040.3,4042.5,4040.3,4041.5,0.131,6.0
2026-07-23 18:35:00+00:00,4041.5,4041.5,4040.4,4040.5,0.047,8.0
2026-07-23 18:40:00+00:00,4040.7,4042.1,4040.7,4041.5,0.199,8.0
2026-07-23 18:45:00+00:00,4042.7,4043.4,4042.7,4043.4,8.145,16.0
2026-07-23 18:50:00+00:00,4042.8,4042.9,4042.1,4042.1,1.492,22.0
2026-07-23 18:55:00+00:00,4042.5,4043.4,4041.5,4041.6,25.142,25.0
2026-07-23 19:00:00+00:00,4044.1,4044.1,4042.3,4042.3,0.352,12.0
2026-07-23 19:05:00+00:00,4042.1,4042.1,4041.1,4041.1,0.335,13.0
2026-07-23 19:10:00+00:00,4040.8,4040.8,4039.7,4039.7,0.157,7.0
2026-07-23 19:15:00+00:00,4039.7,4041.5,4039.7,4041.1,6.195,40.0
2026-07-23 19:20:00+00:00,4041.1,4042.9,4041.1,4042.9,6.773,18.0
2026-07-23 19:25:00+00:00,4043.8,4044.4,4043.6,4043.6,1.216,16.0
2026-07-23 19:30:00+00:00,4044.6,4045.6,4042.6,4042.6,0.21,14.0
2026-07-23 19:35:00+00:00,4043.3,4043.6,4043.2,4043.6,0.044,8.0
2026-07-23 19:40:00+00:00,4043.4,4043.7,4042.6,4042.7,0.032,6.0
2026-07-23 19:45:00+00:00,4042.1,4042.1,4041.4,4041.7,0.295,9.0
2026-07-23 19:50:00+00:00,4042.0,4045.5,4042.0,4045.5,0.594,13.0
2026-07-23 19:55:00+00:00,4045.5,4045.6,4045.5,4045.6,0.051,9.0
2026-07-23 20:00:00+00:00,4045.6,4046.1,4045.6,4045.8,0.323,18.0
2026-07-23 20:05:00+00:00,4045.7,4045.7,4045.2,4045.2,0.129,10.0
2026-07-23 20:10:00+00:00,4045.1,4046.0,4045.0,4046.0,0.022,5.0
2026-07-23 20:15:00+00:00,4045.9,4046.0,4045.3,4045.3,0.178,9.0
2026-07-23 20:20:00+00:00,4045.3,4045.7,4044.9,4045.7,0.037,8.0
2026-07-23 20:25:00+00:00,4045.5,4046.2,4045.5,4046.1,0.038,9.0
2026-07-23 20:30:00+00:00,4046.2,4046.2,4045.4,4045.5,0.055,8.0
2026-07-23 20:35:00+00:00,4045.6,4046.0,4045.6,4046.0,0.067,9.0
2026-07-23 20:40:00+00:00,4045.5,4045.7,4045.3,4045.3,0.029,6.0
2026-07-23 20:45:00+00:00,4045.4,4045.4,4045.2,4045.3,0.199,11.0
2026-07-23 20:50:00+00:00,4045.3,4045.3,4044.3,4044.3,0.075,6.0
2026-07-23 20:55:00+00:00,4044.9,4045.0,4044.9,4045.0,0.019,4.0
2026-07-23 21:00:00+00:00,4045.6,4045.7,4045.6,4045.7,0.026,5.0
2026-07-23 21:05:00+00:00,4045.6,4045.8,4045.6,4045.8,0.024,5.0
2026-07-23 21:10:00+00:00,4045.7,4045.8,4045.7,4045.8,0.152,8.0
2026-07-23 21:15:00+00:00,4045.8,4045.9,4045.5,4045.5,0.091,7.0
2026-07-23 21:20:00+00:00,4045.6,4045.7,4045.6,4045.7,0.222,8.0
2026-07-23 21:25:00+00:00,4045.6,4045.7,4045.6,4045.6,0.032,7.0
2026-07-23 21:30:00+00:00,4045.6,4045.7,4045.6,4045.7,0.766,12.0
2026-07-23 21:35:00+00:00,4045.6,4045.7,4045.6,4045.6,0.075,5.0
2026-07-23 21:40:00+00:00,4045.6,4045.7,4045.6,4045.7,3.075,10.0
2026-07-23 21:45:00+00:00,4045.7,4046.2,4045.7,4046.1,1.195,13.0
2026-07-23 21:50:00+00:00,4046.1,4046.2,4046.1,4046.2,0.22,11.0
2026-07-23 21:55:00+00:00,4046.2,4046.3,4046.1,4046.2,0.041,8.0
2026-07-23 22:00:00+00:00,4045.5,4045.5,4045.2,4045.3,0.482,10.0
2026-07-23 22:05:00+00:00,4045.3,4045.3,4044.8,4045.3,0.296,8.0
2026-07-23 22:10:00+00:00,4044.9,4044.9,4044.8,4044.8,0.059,6.0
2026-07-23 22:15:00+00:00,4044.9,4045.0,4044.8,4045.0,0.023,4.0
2026-07-23 22:20:00+00:00,4045.0,4045.7,4044.9,4045.7,0.059,10.0
2026-07-23 22:25:00+00:00,4045.6,4045.7,4045.4,4045.6,1.165,17.0
2026-07-23 22:30:00+00:00,4045.7,4046.5,4045.7,4046.5,2.595,32.0
2026-07-23 22:35:00+00:00,4046.5,4046.8,4046.4,4046.7,2.073,28.0
2026-07-23 22:40:00+00:00,4046.7,4046.7,4046.1,4046.1,1.812,27.0
2026-07-23 22:45:00+00:00,4046.2,4046.2,4045.4,4045.4,0.33,16.0
2026-07-23 22:50:00+00:00,4045.4,4046.0,4045.4,4046.0,1.882,14.0
2026-07-23 22:55:00+00:00,4045.8,4046.0,4044.9,4045.4,3.142,14.0
2026-07-23 23:00:00+00:00,4045.5,4045.6,4045.1,4045.1,0.157,13.0
2026-07-23 23:05:00+00:00,4045.2,4045.2,4044.6,4044.7,0.065,10.0
2026-07-23 23:10:00+00:00,4044.5,4044.5,4043.5,4043.6,1.092,14.0
2026-07-23 23:15:00+00:00,4044.0,4044.5,4044.0,4044.5,0.307,9.0
2026-07-23 23:20:00+00:00,4044.1,4044.6,4044.1,4044.5,0.401,9.0
2026-07-23 23:25:00+00:00,4044.9,4045.3,4044.9,4045.1,8.466,26.0
2026-07-23 23:30:00+00:00,4045.2,4046.0,4045.2,4046.0,0.04,6.0
2026-07-23 23:35:00+00:00,4046.5,4046.5,4045.9,4045.9,0.412,16.0
2026-07-23 23:40:00+00:00,4045.9,4045.9,4044.0,4044.1,0.393,11.0
2026-07-23 23:45:00+00:00,4044.2,4045.0,4044.0,4045.0,0.024,4.0
2026-07-23 23:50:00+00:00,4045.3,4045.3,4044.6,4045.0,0.098,10.0
2026-07-23 23:55:00+00:00,4044.0,4044.3,4043.4,4043.5,0.528,12.0
2026-07-24 00:00:00+00:00,4044.0,4045.4,4044.0,4044.2,1.231,24.0
2026-07-24 00:05:00+00:00,4043.9,4043.9,4041.5,4041.9,0.947,18.0
2026-07-24 00:10:00+00:00,4041.2,4041.2,4037.8,4037.8,0.219,13.0
2026-07-24 00:15:00+00:00,4037.6,4040.3,4037.5,4040.3,2.859,13.0
2026-07-24 00:20:00+00:00,4039.5,4042.6,4039.5,4042.6,0.235,17.0
2026-07-24 00:25:00+00:00,4042.7,4042.7,4040.9,4041.0,0.715,16.0
2026-07-24 00:30:00+00:00,4042.7,4042.7,4041.8,4041.8,1.172,20.0
2026-07-24 00:35:00+00:00,4041.7,4044.4,4041.2,4043.9,19.396,60.0
2026-07-24 00:40:00+00:00,4044.0,4045.0,4043.2,4044.2,20.064,51.0
2026-07-24 00:45:00+00:00,4044.5,4045.5,4044.3,4044.5,23.894,81.0
2026-07-24 00:50:00+00:00,4044.6,4045.2,4043.9,4044.0,19.679,33.0
2026-07-24 00:55:00+00:00,4044.0,4045.8,4044.0,4045.7,21.817,65.0
2026-07-24 01:00:00+00:00,4044.9,4044.9,4036.5,4039.3,12.071,79.0
2026-07-24 01:05:00+00:00,4039.2,4039.5,4037.8,4038.6,10.825,29.0
2026-07-24 01:10:00+00:00,4038.8,4039.6,4036.7,4037.6,0.924,15.0
2026-07-24 01:15:00+00:00,4037.6,4040.5,4037.6,4040.3,2.277,16.0
2026-07-24 01:20:00+00:00,4040.3,4040.5,4038.6,4040.5,1.757,21.0
2026-07-24 01:25:00+00:00,4040.4,4041.0,4040.0,4040.0,1.23,15.0
2026-07-24 01:30:00+00:00,4039.6,4040.3,4037.8,4040.3,1.851,14.0
2026-07-24 01:35:00+00:00,4040.0,4040.9,4038.6,4040.2,4.554,27.0
2026-07-24 01:40:00+00:00,4040.2,4045.7,4040.2,4045.6,1.044,19.0
2026-07-24 01:45:00+00:00,4045.7,4046.0,4044.7,4044.7,0.809,23.0
2026-07-24 01:50:00+00:00,4044.6,4044.6,4042.0,4042.0,4.546,31.0
2026-07-24 01:55:00+00:00,4042.6,4042.6,4038.6,4039.5,4.395,19.0
2026-07-24 02:00:00+00:00,4039.8,4041.3,4039.8,4039.9,3.179,23.0
2026-07-24 02:05:00+00:00,4039.6,4040.1,4038.4,4039.5,0.944,17.0
2026-07-24 02:10:00+00:00,4040.7,4041.4,4040.4,4041.4,0.027,9.0
2026-07-24 02:15:00+00:00,4041.2,4041.5,4041.2,4041.3,0.957,11.0
2026-07-24 02:20:00+00:00,4041.1,4041.2,4039.5,4041.2,3.067,13.0
2026-07-24 02:25:00+00:00,4041.5,4043.4,4041.5,4042.5,0.524,23.0
2026-07-24 02:30:00+00:00,4042.5,4043.5,4040.3,4040.3,1.73,17.0
2026-07-24 02:35:00+00:00,4040.3,4040.3,4038.6,4038.6,1.527,24.0
2026-07-24 02:40:00+00:00,4038.1,4039.1,4038.0,4038.0,1.679,9.0
2026-07-24 02:45:00+00:00,4037.9,4037.9,4023.4,4023.4,62.396,196.0
2026-07-24 02:50:00+00:00,4022.9,4024.5,4022.2,4022.2,5.264,24.0
2026-07-24 02:55:00+00:00,4022.2,4022.7,4020.0,4020.6,15.939,58.0
2026-07-24 03:00:00+00:00,4020.0,4022.4,4019.8,4022.4,9.336,33.0
2026-07-24 03:05:00+00:00,4022.7,4025.0,4022.7,4023.5,0.39,10.0
2026-07-24 03:10:00+00:00,4023.4,4028.4,4023.4,4028.4,0.335,10.0
2026-07-24 03:15:00+00:00,4028.5,4029.5,4028.3,4028.3,0.11,7.0
2026-07-24 03:20:00+00:00,4026.1,4027.7,4026.1,4026.8,0.047,6.0
2026-07-24 03:25:00+00:00,4026.9,4026.9,4025.4,4026.0,0.541,7.0
2026-07-24 03:30:00+00:00,4026.8,4029.1,4026.8,4027.6,0.096,8.0
2026-07-24 03:35:00+00:00,4028.4,4028.6,4027.7,4028.2,0.031,7.0
2026-07-24 03:40:00+00:00,4028.1,4028.6,4027.9,4027.9,0.072,5.0
2026-07-24 03:45:00+00:00,4027.3,4028.4,4027.0,4028.4,2.478,13.0
2026-07-24 03:50:00+00:00,4028.0,4028.4,4027.4,4027.4,0.299,13.0
2026-07-24 03:55:00+00:00,4026.0,4026.0,4025.2,4025.9,0.041,7.0
2026-07-24 04:00:00+00:00,4026.0,4026.1,4024.2,4025.6,2.646,17.0
2026-07-24 04:05:00+00:00,4025.5,4025.6,4025.0,4025.0,1.947,19.0
2026-07-24 04:10:00+00:00,4025.2,4025.2,4024.7,4025.1,0.597,10.0
2026-07-24 04:15:00+00:00,4025.1,4025.1,4024.5,4024.5,0.019,6.0
2026-07-24 04:20:00+00:00,4024.8,4025.7,4024.8,4025.7,0.1,7.0
2026-07-24 04:25:00+00:00,4025.7,4026.0,4025.6,4026.0,0.594,13.0
2026-07-24 04:30:00+00:00,4025.9,4026.1,4025.9,4025.9,0.313,8.0
2026-07-24 04:35:00+00:00,4026.1,4026.1,4024.5,4024.5,1.571,12.0
2026-07-24 04:40:00+00:00,4024.4,4024.4,4023.6,4023.6,0.447,12.0
2026-07-24 04:45:00+00:00,4023.7,4023.7,4023.1,4023.1,0.163,8.0
2026-07-24 04:50:00+00:00,4023.5,4023.5,4023.4,4023.5,0.29,9.0
2026-07-24 04:55:00+00:00,4023.6,4024.5,4023.5,4024.5,0.043,9.0
2026-07-24 05:00:00+00:00,4024.4,4024.4,4022.9,4023.9,0.921,17.0
2026-07-24 05:05:00+00:00,4024.1,4025.5,4024.1,4025.5,1.435,18.0
2026-07-24 05:10:00+00:00,4025.7,4027.4,4025.1,4025.1,2.877,32.0
2026-07-24 05:15:00+00:00,4024.3,4024.3,4020.0,4020.8,3.82,41.0
2026-07-24 05:20:00+00:00,4020.7,4025.0,4020.5,4024.7,31.332,95.0
2026-07-24 05:25:00+00:00,4024.6,4024.6,4022.6,4022.6,1.588,12.0
2026-07-24 05:30:00+00:00,4022.7,4026.5,4022.7,4026.5,1.852,18.0
2026-07-24 05:35:00+00:00,4026.5,4026.5,4022.5,4022.5,1.038,13.0
2026-07-24 05:40:00+00:00,4022.5,4024.2,4021.7,4021.8,1.397,19.0
2026-07-24 05:45:00+00:00,4021.9,4025.0,4021.9,4024.6,0.143,8.0
2026-07-24 05:50:00+00:00,4025.4,4025.4,4021.6,4021.9,0.126,10.0
2026-07-24 05:55:00+00:00,4019.6,4019.8,4019.6,4019.7,0.281,9.0
2026-07-24 06:00:00+00:00,4019.9,4021.3,4019.9,4020.5,0.385,13.0
2026-07-24 06:05:00+00:00,4021.1,4023.4,4021.1,4023.3,0.258,13.0
2026-07-24 06:10:00+00:00,4023.5,4027.6,4023.5,4027.4,0.976,10.0
2026-07-24 06:15:00+00:00,4027.4,4029.4,4027.0,4029.4,5.324,50.0
2026-07-24 06:20:00+00:00,4029.5,4033.3,4029.5,4033.3,2.486,23.0
2026-07-24 06:25:00+00:00,4033.9,4034.7,4032.5,4032.6,0.784,9.0
2026-07-24 06:30:00+00:00,4032.0,4032.0,4030.5,4031.0,1.061,15.0
2026-07-24 06:35:00+00:00,4031.3,4031.8,4031.3,4031.6,2.064,27.0
2026-07-24 06:40:00+00:00,4031.5,4031.8,4029.9,4029.9,0.336,10.0
2026-07-24 06:45:00+00:00,4031.2,4031.8,4031.1,4031.1,0.665,10.0
2026-07-24 06:50:00+00:00,4030.1,4030.1,4028.4,4030.1,0.658,7.0
2026-07-24 06:55:00+00:00,4030.4,4032.7,4030.4,4032.3,2.143,23.0
2026-07-24 07:00:00+00:00,4032.9,4034.4,4032.8,4034.2,6.517,44.0
2026-07-24 07:05:00+00:00,4034.2,4040.0,4034.2,4040.0,9.306,37.0
2026-07-24 07:10:00+00:00,4040.0,4041.6,4040.0,4040.9,1.479,15.0
2026-07-24 07:15:00+00:00,4040.8,4041.6,4039.9,4041.6,1.587,14.0
2026-07-24 07:20:00+00:00,4041.8,4042.8,4040.8,4042.5,0.421,13.0
2026-07-24 07:25:00+00:00,4042.6,4044.3,4042.6,4043.7,3.827,10.0
2026-07-24 07:30:00+00:00,4043.6,4046.4,4042.9,4046.2,1.061,16.0
2026-07-24 07:35:00+00:00,4046.3,4046.3,4043.5,4043.5,0.388,8.0
2026-07-24 07:40:00+00:00,4040.9,4041.1,4040.4,4041.0,1.364,14.0
2026-07-24 07:45:00+00:00,4041.4,4041.4,4040.2,4040.8,2.428,24.0
2026-07-24 07:50:00+00:00,4040.8,4041.1,4040.7,4041.1,0.705,10.0
2026-07-24 07:55:00+00:00,4041.6,4041.6,4041.2,4041.4,0.337,8.0
2026-07-24 08:00:00+00:00,4041.5,4041.5,4039.6,4040.0,5.578,27.0
2026-07-24 08:05:00+00:00,4040.2,4040.7,4038.8,4040.7,2.103,36.0
2026-07-24 08:10:00+00:00,4040.4,4040.5,4039.3,4039.8,0.406,9.0
2026-07-24 08:15:00+00:00,4039.6,4040.4,4038.7,4038.7,0.025,5.0
2026-07-24 08:20:00+00:00,4039.3,4040.5,4039.3,4039.6,1.208,12.0
2026-07-24 08:25:00+00:00,4039.5,4044.2,4039.1,4044.2,0.79,21.0
2026-07-24 08:30:00+00:00,4044.2,4044.2,4043.6,4043.7,1.743,9.0
2026-07-24 08:35:00+00:00,4043.0,4044.4,4042.2,4044.4,0.027,6.0
2026-07-24 08:40:00+00:00,4044.5,4046.8,4044.5,4046.8,0.953,13.0
2026-07-24 08:45:00+00:00,4046.7,4046.8,4045.4,4046.7,6.786,90.0
2026-07-24 08:50:00+00:00,4046.8,4049.0,4046.8,4048.5,11.924,119.0
2026-07-24 08:55:00+00:00,4048.6,4049.6,4048.5,4049.6,28.939,404.0
2026-07-24 09:00:00+00:00,4049.7,4053.0,4049.6,4050.2,50.467,408.0
2026-07-24 09:05:00+00:00,4049.9,4049.9,4048.9,4049.6,6.898,77.0
2026-07-24 09:10:00+00:00,4050.0,4050.3,4046.8,4047.5,8.857,54.0
2026-07-24 09:15:00+00:00,4047.3,4049.5,4046.4,4046.6,4.598,27.0
2026-07-24 09:20:00+00:00,4046.9,4047.1,4046.2,4047.0,0.227,7.0
2026-07-24 09:25:00+00:00,4047.5,4048.0,4046.3,4046.3,0.059,9.0
2026-07-24 09:30:00+00:00,4045.8,4046.7,4045.1,4046.7,0.306,15.0
2026-07-24 09:35:00+00:00,4046.5,4047.2,4046.5,4047.0,0.02,4.0
2026-07-24 09:40:00+00:00,4047.3,4048.7,4047.3,4048.2,0.038,7.0
2026-07-24 09:45:00+00:00,4047.9,4048.2,4047.9,4048.0,0.147,9.0
2026-07-24 09:50:00+00:00,4047.7,4050.2,4047.2,4050.2,0.538,10.0
2026-07-24 09:55:00+00:00,4050.3,4051.2,4050.3,4051.2,4.257,41.0
2026-07-24 10:00:00+00:00,4051.2,4052.2,4051.2,4052.2,1.069,24.0
2026-07-24 10:05:00+00:00,4052.5,4052.5,4051.8,4051.9,0.066,9.0
2026-07-24 10:10:00+00:00,4052.4,4052.4,4050.5,4050.5,0.186,12.0
2026-07-24 10:15:00+00:00,4050.2,4053.1,4050.2,4053.1,0.022,6.0
2026-07-24 10:20:00+00:00,4052.1,4052.9,4051.7,4052.9,0.027,5.0
2026-07-24 10:25:00+00:00,4052.1,4054.8,4052.1,4054.8,0.842,11.0
2026-07-24 10:30:00+00:00,4054.4,4055.6,4054.1,4054.1,1.333,18.0
2026-07-24 10:35:00+00:00,4054.1,4054.1,4052.7,4052.7,0.023,6.0
2026-07-24 10:40:00+00:00,4052.2,4052.2,4051.1,4051.1,0.033,7.0
2026-07-24 10:45:00+00:00,4051.0,4051.3,4050.8,4050.8,0.047,10.0
2026-07-24 10:50:00+00:00,4051.0,4051.2,4050.0,4050.1,0.074,6.0
2026-07-24 10:55:00+00:00,4050.0,4051.8,4050.0,4051.8,0.222,9.0
2026-07-24 11:00:00+00:00,4051.3,4053.7,4051.2,4053.7,0.125,11.0
2026-07-24 11:05:00+00:00,4054.0,4054.3,4053.3,4053.3,0.023,7.0
2026-07-24 11:10:00+00:00,4053.2,4053.3,4052.9,4053.3,0.313,9.0
2026-07-24 11:15:00+00:00,4053.9,4053.9,4052.9,4053.7,0.136,8.0
2026-07-24 11:20:00+00:00,4053.5,4053.9,4053.4,4053.9,0.075,11.0
2026-07-24 11:25:00+00:00,4053.1,4053.1,4052.1,4052.2,0.307,10.0
2026-07-24 11:30:00+00:00,4052.0,4052.2,4051.7,4052.2,0.116,10.0
2026-07-24 11:35:00+00:00,4051.6,4051.6,4050.5,4050.5,1.104,12.0
2026-07-24 11:40:00+00:00,4050.2,4050.2,4048.5,4048.5,0.144,7.0
2026-07-24 11:45:00+00:00,4048.4,4048.4,4046.4,4046.6,0.326,10.0
2026-07-24 11:50:00+00:00,4046.2,4046.4,4044.5,4044.5,2.216,19.0
2026-07-24 11:55:00+00:00,4044.8,4052.2,4043.5,4050.7,1.971,14.0
2026-07-24 12:00:00+00:00,4049.6,4049.6,4045.8,4046.3,1.132,24.0
2026-07-24 12:05:00+00:00,4046.4,4049.4,4046.4,4049.4,0.178,13.0
2026-07-24 12:10:00+00:00,4050.2,4050.2,4049.2,4050.0,0.913,10.0
2026-07-24 12:15:00+00:00,4049.7,4050.1,4049.3,4050.1,0.043,6.0
2026-07-24 12:20:00+00:00,4049.9,4050.3,4049.0,4050.3,0.426,6.0
2026-07-24 12:25:00+00:00,4050.7,4052.6,4050.7,4052.6,0.92,9.0
2026-07-24 12:30:00+00:00,4049.7,4052.0,4049.7,4052.0,0.292,7.0
2026-07-24 12:35:00+00:00,4050.7,4050.7,4048.3,4048.9,0.051,10.0
2026-07-24 12:40:00+00:00,4048.8,4048.8,4045.6,4045.9,0.353,12.0
2026-07-24 12:45:00+00:00,4048.4,4048.5,4045.2,4046.3,0.455,17.0
2026-07-24 12:50:00+00:00,4047.1,4047.6,4046.8,4047.6,1.08,10.0
2026-07-24 12:55:00+00:00,4047.8,4047.8,4045.2,4045.6,0.026,5.0
2026-07-24 13:00:00+00:00,4050.1,4050.1,4045.4,4045.9,0.25,11.0
2026-07-24 13:05:00+00:00,4045.4,4045.4,4039.1,4039.1,3.282,32.0
2026-07-24 13:10:00+00:00,4039.1,4040.2,4039.1,4039.9,0.077,7.0
2026-07-24 13:15:00+00:00,4040.4,4040.4,4038.0,4038.3,2.128,15.0
2026-07-24 13:20:00+00:00,4039.7,4041.7,4039.2,4040.0,0.104,6.0
2026-07-24 13:25:00+00:00,4039.5,4040.6,4039.0,4040.6,0.132,7.0
2026-07-24 13:30:00+00:00,4039.6,4042.2,4038.9,4041.8,0.043,7.0
2026-07-24 13:35:00+00:00,4043.7,4048.6,4043.7,4048.6,0.922,23.0
2026-07-24 13:40:00+00:00,4047.2,4047.2,4044.7,4044.7,0.106,5.0
2026-07-24 13:45:00+00:00,4043.7,4052.8,4041.9,4052.8,0.753,11.0
2026-07-24 13:50:00+00:00,4051.4,4053.7,4049.6,4053.2,4.712,17.0
2026-07-24 13:55:00+00:00,4052.1,4062.1,4051.4,4062.1,8.739,43.0
2026-07-24 14:00:00+00:00,4061.6,4063.9,4057.9,4057.9,11.154,54.0
2026-07-24 14:05:00+00:00,4057.1,4057.4,4051.8,4055.2,5.923,42.0
2026-07-24 14:10:00+00:00,4056.5,4056.5,4054.4,4054.4,5.586,38.0
2026-07-24 14:15:00+00:00,4054.5,4054.5,4050.9,4050.9,3.402,37.0
2026-07-24 14:20:00+00:00,4051.8,4057.8,4051.8,4057.7,1.372,23.0
2026-07-24 14:25:00+00:00,4059.5,4062.6,4059.5,4060.1,3.991,17.0
2026-07-24 14:30:00+00:00,4059.7,4061.2,4059.6,4060.2,10.937,21.0
2026-07-24 14:35:00+00:00,4060.6,4060.6,4055.6,4055.6,3.493,30.0
2026-07-24 14:40:00+00:00,4055.9,4057.1,4054.7,4056.3,1.619,26.0
2026-07-24 14:45:00+00:00,4055.9,4056.3,4054.6,4056.2,1.248,20.0
2026-07-24 14:50:00+00:00,4059.8,4059.8,4056.9,4056.9,1.244,22.0
2026-07-24 14:55:00+00:00,4057.4,4062.2,4057.4,4061.1,1.136,11.0
2026-07-24 15:00:00+00:00,4060.0,4062.7,4059.5,4061.8,3.058,44.0
2026-07-24 15:05:00+00:00,4061.5,4061.6,4059.7,4059.7,1.278,24.0
2026-07-24 15:10:00+00:00,4059.8,4071.6,4059.8,4071.6,4.923,59.0
2026-07-24 15:15:00+00:00,4070.6,4075.3,4069.9,4072.2,3.932,51.0
2026-07-24 15:20:00+00:00,4075.4,4076.4,4069.3,4070.1,1.16,17.0
2026-07-24 15:25:00+00:00,4070.5,4071.9,4068.2,4071.2,2.536,38.0
2026-07-24 15:30:00+00:00,4070.4,4071.0,4070.0,4070.2,1.652,15.0
2026-07-24 15:35:00+00:00,4069.5,4073.1,4069.2,4073.1,0.771,7.0
2026-07-24 15:40:00+00:00,4074.0,4074.0,4066.8,4068.1,7.468,39.0
2026-07-24 15:45:00+00:00,4067.5,4068.4,4066.2,4067.2,1.072,12.0
2026-07-24 15:50:00+00:00,4067.8,4070.2,4067.8,4070.2,0.28,10.0
2026-07-24 15:55:00+00:00,4070.3,4071.9,4070.2,4071.9,0.476,21.0
2026-07-24 16:00:00+00:00,4071.3,4071.7,4070.2,4071.7,3.547,22.0
2026-07-24 16:05:00+00:00,4071.3,4071.5,4070.5,4071.5,1.354,21.0
2026-07-24 16:10:00+00:00,4071.3,4071.3,4069.9,4069.9,1.216,16.0
2026-07-24 16:15:00+00:00,4069.7,4070.0,4069.0,4069.4,0.148,13.0
2026-07-24 16:20:00+00:00,4069.4,4071.5,4069.4,4071.5,1.114,8.0
2026-07-24 16:25:00+00:00,4071.4,4072.3,4068.8,4068.9,26.489,60.0
2026-07-24 16:30:00+00:00,4068.7,4068.7,4065.9,4066.4,0.61,17.0
2026-07-24 16:35:00+00:00,4066.6,4066.6,4063.1,4063.1,1.752,24.0
2026-07-24 16:40:00+00:00,4063.1,4063.2,4061.9,4062.4,0.321,9.0
2026-07-24 16:45:00+00:00,4062.2,4062.2,4059.4,4059.6,0.581,8.0
2026-07-24 16:50:00+00:00,4059.5,4059.5,4059.4,4059.4,0.048,9.0
2026-07-24 16:55:00+00:00,4060.6,4061.0,4060.1,4060.9,0.048,8.0
2026-07-24 17:00:00+00:00,4061.3,4061.8,4061.3,4061.7,0.077,7.0
2026-07-24 17:05:00+00:00,4061.7,4061.7,4058.8,4059.6,1.113,21.0
2026-07-24 17:10:00+00:00,4059.3,4059.6,4057.7,4057.8,0.057,8.0
2026-07-24 17:15:00+00:00,4058.1,4060.8,4058.0,4060.7,0.047,9.0
2026-07-24 17:20:00+00:00,4060.8,4062.6,4060.1,4062.6,0.065,11.0
2026-07-24 17:25:00+00:00,4062.3,4063.2,4061.9,4062.5,4.811,22.0
2026-07-24 17:30:00+00:00,4063.5,4063.5,4063.4,4063.5,0.025,7.0
2026-07-24 17:35:00+00:00,4063.4,4063.5,4062.7,4062.7,0.051,8.0
2026-07-24 17:40:00+00:00,4062.8,4062.8,4060.7,4060.7,4.134,18.0
2026-07-24 17:45:00+00:00,4060.5,4060.6,4059.7,4059.7,0.149,7.0
2026-07-24 17:50:00+00:00,4059.7,4061.1,4057.8,4057.8,10.337,9.0
2026-07-24 17:55:00+00:00,4057.8,4059.2,4057.4,4058.9,0.482,10.0
2026-07-24 18:00:00+00:00,4058.0,4058.0,4056.9,4057.0,3.02,9.0
2026-07-24 18:05:00+00:00,4057.6,4058.5,4057.5,4057.6,0.314,13.0
2026-07-24 18:10:00+00:00,4057.5,4057.6,4057.0,4057.6,0.17,7.0
2026-07-24 18:15:00+00:00,4057.0,4057.0,4055.6,4055.6,0.123,13.0
2026-07-24 18:20:00+00:00,4055.3,4055.3,4052.1,4052.1,2.206,25.0
2026-07-24 18:25:00+00:00,4052.0,4052.0,4050.5,4050.5,0.125,6.0
2026-07-24 18:30:00+00:00,4050.1,4050.1,4048.1,4048.1,0.592,12.0
2026-07-24 18:35:00+00:00,4048.3,4051.0,4048.3,4051.0,0.105,5.0
2026-07-24 18:40:00+00:00,4049.9,4049.9,4046.6,4046.6,0.924,5.0
2026-07-24 18:45:00+00:00,4047.1,4049.6,4047.1,4048.9,1.707,16.0
2026-07-24 18:50:00+00:00,4048.3,4050.3,4048.2,4049.6,0.469,16.0
2026-07-24 18:55:00+00:00,4049.6,4050.0,4049.6,4049.7,0.671,7.0
2026-07-24 19:00:00+00:00,4048.1,4050.1,4047.8,4050.1,3.145,26.0
2026-07-24 19:05:00+00:00,4049.6,4049.6,4047.8,4048.5,0.029,6.0
2026-07-24 19:10:00+00:00,4048.1,4049.2,4047.8,4048.2,0.016,4.0
2026-07-24 19:15:00+00:00,4047.5,4047.5,4045.7,4045.7,0.107,11.0
2026-07-24 19:20:00+00:00,4045.6,4045.9,4045.2,4045.3,0.473,11.0
2026-07-24 19:25:00+00:00,4045.2,4046.3,4045.2,4046.3,1.063,17.0
2026-07-24 19:30:00+00:00,4046.7,4048.9,4046.6,4048.6,1.073,13.0
2026-07-24 19:35:00+00:00,4049.8,4050.6,4049.2,4050.5,0.971,13.0
2026-07-24 19:40:00+00:00,4050.6,4052.6,4050.5,4051.6,0.154,10.0
2026-07-24 19:45:00+00:00,4051.9,4051.9,4050.5,4050.6,0.047,9.0
2026-07-24 19:50:00+00:00,4049.1,4049.5,4049.0,4049.5,0.032,6.0
2026-07-24 19:55:00+00:00,4049.4,4049.6,4048.1,4048.7,0.046,8.0
2026-07-24 20:00:00+00:00,4048.8,4050.3,4048.6,4050.3,0.386,10.0
2026-07-24 20:05:00+00:00,4050.2,4050.2,4049.5,4049.5,0.2,8.0
2026-07-24 20:10:00+00:00,4049.4,4049.4,4048.8,4048.8,0.043,8.0
2026-07-24 20:15:00+00:00,4048.6,4049.0,4048.6,4048.7,0.106,9.0
2026-07-24 20:20:00+00:00,4048.6,4049.1,4048.6,4049.1,0.036,7.0
2026-07-24 20:25:00+00:00,4049.9,4049.9,4049.0,4049.0,0.168,10.0
2026-07-24 20:30:00+00:00,4049.0,4049.0,4047.6,4047.6,0.044,11.0
2026-07-24 20:35:00+00:00,4047.4,4049.1,4047.4,4049.1,0.508,7.0
2026-07-24 20:40:00+00:00,4049.0,4049.5,4048.7,4049.5,0.072,7.0
2026-07-24 20:45:00+00:00,4049.5,4049.9,4048.7,4048.7,0.657,14.0
2026-07-24 20:50:00+00:00,4048.7,4048.8,4048.1,4048.1,1.377,7.0
2026-07-24 20:55:00+00:00,4047.6,4047.6,4045.2,4046.6,20.066,34.0
2026-07-24 21:00:00+00:00,4046.7,4046.7,4046.6,4046.7,0.381,12.0
2026-07-24 21:05:00+00:00,4046.7,4048.4,4046.7,4048.4,0.571,19.0
2026-07-24 21:10:00+00:00,4048.1,4048.1,4048.0,4048.0,1.538,10.0
2026-07-24 21:15:00+00:00,4048.1,4048.4,4048.0,4048.4,0.037,7.0
2026-07-24 21:20:00+00:00,4048.6,4048.6,4048.5,4048.6,0.062,6.0
2026-07-24 21:25:00+00:00,4048.5,4048.6,4048.5,4048.6,0.743,7.0
2026-07-24 21:30:00+00:00,4048.6,4049.0,4048.6,4048.9,0.033,9.0
2026-07-24 21:35:00+00:00,4049.0,4049.8,4048.9,4049.4,1.807,19.0
2026-07-24 21:40:00+00:00,4049.5,4049.8,4049.5,4049.8,1.251,19.0
2026-07-24 21:45:00+00:00,4050.6,4050.7,4050.6,4050.6,0.041,8.0
2026-07-24 21:50:00+00:00,4050.6,4050.9,4050.6,4050.9,0.474,14.0
2026-07-24 21:55:00+00:00,4050.9,4050.9,4050.8,4050.9,0.303,10.0
2026-07-24 22:00:00+00:00,4050.9,4050.9,4050.8,4050.8,0.101,8.0
2026-07-24 22:05:00+00:00,4050.9,4051.1,4050.9,4051.0,4.002,26.0
2026-07-24 22:10:00+00:00,4051.1,4051.1,4051.1,4051.1,0.368,10.0
2026-07-24 22:15:00+00:00,4051.1,4051.2,4051.0,4051.2,0.72,17.0
2026-07-24 22:20:00+00:00,4051.2,4051.2,4051.2,4051.2,0.47,11.0
2026-07-24 22:25:00+00:00,4051.2,4051.2,4051.2,4051.2,0.378,10.0
2026-07-24 22:30:00+00:00,4051.2,4051.2,4051.1,4051.2,0.387,12.0
2026-07-24 22:35:00+00:00,4051.2,4051.2,4051.2,4051.2,0.347,12.0
2026-07-24 22:40:00+00:00,4051.2,4051.2,4051.1,4051.1,0.171,10.0
2026-07-24 22:45:00+00:00,4051.1,4051.1,4051.1,4051.1,0.021,3.0
2026-07-24 22:50:00+00:00,4051.1,4051.2,4050.9,4050.9,2.502,23.0
2026-07-24 22:55:00+00:00,4051.0,4051.3,4051.0,4051.2,0.038,7.0
2026-07-24 23:00:00+00:00,4051.3,4051.3,4051.2,4051.2,0.036,8.0
2026-07-24 23:05:00+00:00,4051.3,4051.4,4051.3,4051.3,0.23,7.0
2026-07-24 23:10:00+00:00,4051.3,4051.4,4051.3,4051.3,0.096,11.0
2026-07-24 23:15:00+00:00,4051.3,4051.4,4051.3,4051.3,1.765,13.0
2026-07-24 23:20:00+00:00,4051.4,4051.4,4051.3,4051.3,0.03,7.0
2026-07-24 23:25:00+00:00,4051.3,4051.4,4051.3,4051.4,1.784,11.0
2026-07-24 23:30:00+00:00,4051.3,4051.4,4051.3,4051.4,0.057,12.0
2026-07-24 23:35:00+00:00,4051.3,4051.4,4051.2,4051.2,3.061,18.0
2026-07-24 23:40:00+00:00,4051.2,4051.6,4051.2,4051.5,0.04,7.0
2026-07-24 23:45:00+00:00,4051.6,4051.7,4051.5,4051.7,1.914,12.0
2026-07-24 23:50:00+00:00,4051.6,4052.5,4051.6,4052.4,0.033,7.0
2026-07-24 23:55:00+00:00,4052.4,4052.5,4052.4,4052.5,1.728,11.0
2026-07-25 00:00:00+00:00,4052.5,4053.7,4052.5,4053.7,0.538,24.0
2026-07-25 00:05:00+00:00,4053.7,4053.8,4053.7,4053.8,0.048,6.0
2026-07-25 00:10:00+00:00,4053.8,4054.1,4053.8,4054.0,1.314,18.0
2026-07-25 00:15:00+00:00,4054.1,4054.1,4054.0,4054.0,1.528,12.0
2026-07-25 00:20:00+00:00,4054.1,4054.1,4054.0,4054.0,0.182,7.0
2026-07-25 00:25:00+00:00,4054.1,4054.1,4054.0,4054.1,0.23,6.0
2026-07-25 00:30:00+00:00,4054.0,4054.1,4054.0,4054.1,0.282,9.0
2026-07-25 00:35:00+00:00,4054.0,4054.1,4054.0,4054.1,0.061,9.0
2026-07-25 00:40:00+00:00,4054.1,4054.1,4053.3,4053.4,0.032,8.0
2026-07-25 00:45:00+00:00,4053.3,4053.3,4053.1,4053.1,0.036,9.0
2026-07-25 00:50:00+00:00,4053.2,4053.2,4053.1,4053.2,0.043,7.0
2026-07-25 00:55:00+00:00,4053.1,4053.1,4052.8,4052.8,0.03,7.0
2026-07-25 01:00:00+00:00,4052.8,4052.9,4052.8,4052.8,0.046,8.0
2026-07-25 01:05:00+00:00,4052.8,4052.8,4052.8,4052.8,0.019,4.0
2026-07-25 01:10:00+00:00,4052.8,4052.9,4052.8,4052.8,0.032,7.0
2026-07-25 01:15:00+00:00,4052.9,4052.9,4052.8,4052.9,0.032,8.0
2026-07-25 01:20:00+00:00,4052.8,4052.9,4052.8,4052.9,0.036,5.0
2026-07-25 01:25:00+00:00,4052.9,4052.9,4052.8,4052.9,0.026,6.0
2026-07-25 01:30:00+00:00,4052.9,4052.9,4052.9,4052.9,0.023,5.0
2026-07-25 01:35:00+00:00,4052.9,4052.9,4052.8,4052.8,0.043,11.0
2026-07-25 01:40:00+00:00,4052.8,4052.9,4052.8,4052.9,0.056,9.0
2026-07-25 01:45:00+00:00,4052.8,4052.9,4052.8,4052.9,0.24,8.0
2026-07-25 01:50:00+00:00,4052.8,4052.9,4052.6,4052.6,0.04,8.0
2026-07-25 01:55:00+00:00,4052.5,4052.6,4052.5,4052.5,0.029,5.0
2026-07-25 02:00:00+00:00,4052.6,4052.6,4052.5,4052.6,0.584,13.0
2026-07-25 02:05:00+00:00,4052.5,4052.6,4052.5,4052.5,0.056,13.0
2026-07-25 02:10:00+00:00,4052.5,4052.6,4052.5,4052.6,0.047,9.0
2026-07-25 02:15:00+00:00,4052.6,4052.6,4052.5,4052.5,0.034,8.0
2026-07-25 02:20:00+00:00,4052.6,4052.6,4052.5,4052.5,0.04,8.0
2026-07-25 02:25:00+00:00,4052.4,4052.4,4052.3,4052.3,0.017,3.0
2026-07-25 02:30:00+00:00,4052.1,4052.2,4051.9,4051.9,0.174,8.0
2026-07-25 02:35:00+00:00,4051.9,4051.9,4051.8,4051.9,0.248,14.0
2026-07-25 02:40:00+00:00,4051.8,4051.9,4051.8,4051.8,0.034,7.0
2026-07-25 02:45:00+00:00,4051.9,4051.9,4051.8,4051.9,0.05,9.0
2026-07-25 02:50:00+00:00,4051.9,4051.9,4051.7,4051.7,0.04,8.0
2026-07-25 02:55:00+00:00,4051.6,4051.7,4051.6,4051.7,0.018,3.0
2026-07-25 03:00:00+00:00,4051.6,4051.6,4051.1,4051.5,2.17,19.0
2026-07-25 03:05:00+00:00,4051.5,4051.5,4051.4,4051.5,0.034,6.0
2026-07-25 03:10:00+00:00,4051.4,4051.4,4051.3,4051.4,0.032,6.0
2026-07-25 03:15:00+00:00,4051.4,4051.4,4051.0,4051.1,0.04,8.0
2026-07-25 03:20:00+00:00,4051.0,4051.1,4051.0,4051.1,0.032,7.0
2026-07-25 03:25:00+00:00,4051.0,4051.1,4051.0,4051.1,0.04,7.0
2026-07-25 03:30:00+00:00,4051.0,4051.1,4051.0,4051.0,0.132,9.0
2026-07-25 03:35:00+00:00,4051.0,4051.1,4051.0,4051.1,0.059,10.0
2026-07-25 03:40:00+00:00,4051.0,4051.1,4051.0,4051.0,0.036,6.0
2026-07-25 03:45:00+00:00,4051.1,4051.1,4051.0,4051.0,0.025,5.0
2026-07-25 03:50:00+00:00,4050.9,4051.0,4050.8,4050.8,0.352,8.0
2026-07-25 03:55:00+00:00,4050.8,4050.8,4050.8,4050.8,0.049,6.0
2026-07-25 04:00:00+00:00,4050.9,4050.9,4050.8,4050.8,0.072,7.0
2026-07-25 04:05:00+00:00,4050.9,4050.9,4050.8,4050.8,0.032,5.0
2026-07-25 04:10:00+00:00,4050.9,4050.9,4050.8,4050.9,0.046,10.0
2026-07-25 04:15:00+00:00,4050.9,4050.9,4050.8,4050.9,0.032,6.0
2026-07-25 04:20:00+00:00,4050.8,4050.9,4050.8,4050.9,0.059,10.0
2026-07-25 04:25:00+00:00,4050.9,4050.9,4050.8,4050.8,0.04,7.0
2026-07-25 04:30:00+00:00,4050.8,4050.9,4050.8,4050.9,0.035,6.0
2026-07-25 04:35:00+00:00,4050.9,4050.9,4050.8,4050.8,0.055,9.0
2026-07-25 04:40:00+00:00,4050.8,4050.9,4050.8,4050.9,0.41,6.0
2026-07-25 04:45:00+00:00,4050.8,4050.8,4050.8,4050.8,0.032,7.0
2026-07-25 04:50:00+00:00,4050.9,4050.9,4050.8,4050.8,0.02,5.0
2026-07-25 04:55:00+00:00,4050.9,4050.9,4050.8,4050.9,0.039,7.0
2026-07-25 05:00:00+00:00,4050.9,4051.3,4050.9,4050.9,3.289,18.0
2026-07-25 05:05:00+00:00,4051.0,4051.0,4050.9,4051.0,0.021,4.0
2026-07-25 05:10:00+00:00,4051.0,4051.0,4050.9,4051.0,0.059,10.0
2026-07-25 05:15:00+00:00,4050.9,4051.0,4050.9,4050.9,0.037,8.0
2026-07-25 05:20:00+00:00,4051.0,4051.0,4050.7,4050.8,0.031,7.0
2026-07-25 05:25:00+00:00,4050.7,4050.8,4050.7,4050.7,0.038,8.0
2026-07-25 05:30:00+00:00,4050.7,4050.8,4050.7,4050.7,0.04,8.0
2026-07-25 05:35:00+00:00,4050.7,4050.8,4050.7,4050.7,0.1,9.0
2026-07-25 05:40:00+00:00,4050.7,4050.8,4050.7,4050.8,0.12,14.0
2026-07-25 05:45:00+00:00,4050.8,4050.8,4050.7,4050.7,0.031,7.0
2026-07-25 05:50:00+00:00,4050.7,4050.8,4050.7,4050.8,0.042,7.0
2026-07-25 05:55:00+00:00,4050.7,4050.8,4050.7,4050.7,0.051,10.0
2026-07-25 06:00:00+00:00,4050.7,4050.8,4050.7,4050.8,0.126,14.0
2026-07-25 06:05:00+00:00,4050.8,4050.9,4050.8,4050.8,0.135,6.0
2026-07-25 06:10:00+00:00,4050.9,4050.9,4050.8,4050.9,0.034,6.0
2026-07-25 06:15:00+00:00,4050.8,4050.9,4050.8,4050.8,0.067,7.0
2026-07-25 06:20:00+00:00,4050.9,4050.9,4050.8,4050.9,0.182,7.0
2026-07-25 06:25:00+00:00,4050.8,4050.9,4050.8,4050.8,0.038,8.0
2026-07-25 06:30:00+00:00,4050.8,4050.8,4050.8,4050.8,0.043,9.0
2026-07-25 06:35:00+00:00,4050.8,4050.9,4050.8,4050.8,0.041,7.0
2026-07-25 06:40:00+00:00,4050.9,4051.0,4050.9,4050.9,0.071,8.0
2026-07-25 06:45:00+00:00,4051.0,4051.0,4050.9,4050.9,0.046,8.0
2026-07-25 06:50:00+00:00,4050.9,4051.0,4050.9,4050.9,0.047,8.0
2026-07-25 06:55:00+00:00,4050.9,4051.0,4050.9,4051.0,0.061,7.0
2026-07-25 07:00:00+00:00,4051.0,4051.0,4050.9,4050.9,0.032,7.0
2026-07-25 07:05:00+00:00,4050.9,4051.0,4050.9,4050.9,0.191,9.0
2026-07-25 07:10:00+00:00,4050.9,4051.0,4050.9,4051.0,0.073,11.0
2026-07-25 07:15:00+00:00,4051.0,4051.0,4050.9,4050.9,0.067,8.0
2026-07-25 07:20:00+00:00,4050.9,4051.0,4050.9,4050.9,0.276,9.0
2026-07-25 07:25:00+00:00,4050.8,4050.9,4050.8,4050.8,0.038,6.0
2026-07-25 07:30:00+00:00,4050.9,4050.9,4050.8,4050.8,0.044,7.0
2026-07-25 07:35:00+00:00,4050.7,4050.8,4050.3,4050.3,0.948,8.0
2026-07-25 07:40:00+00:00,4050.6,4050.6,4050.3,4050.3,0.034,6.0
2026-07-25 07:45:00+00:00,4050.0,4050.3,4050.0,4050.3,0.081,8.0
2026-07-25 07:50:00+00:00,4050.3,4050.4,4050.3,4050.4,0.03,6.0
2026-07-25 07:55:00+00:00,4050.3,4050.4,4050.3,4050.4,0.072,9.0
2026-07-25 08:00:00+00:00,4050.4,4050.4,4050.3,4050.3,0.376,10.0
2026-07-25 08:05:00+00:00,4050.3,4050.4,4050.3,4050.3,0.069,14.0
2026-07-25 08:10:00+00:00,4050.3,4050.4,4050.3,4050.3,0.032,8.0
2026-07-25 08:15:00+00:00,4050.4,4050.4,4050.3,4050.4,0.29,14.0
2026-07-25 08:20:00+00:00,4050.3,4050.4,4050.3,4050.3,0.025,6.0
2026-07-25 08:25:00+00:00,4050.3,4050.4,4050.3,4050.3,0.041,8.0
2026-07-25 08:30:00+00:00,4050.4,4050.4,4050.3,4050.3,0.036,9.0
2026-07-25 08:35:00+00:00,4050.3,4050.4,4050.3,4050.4,0.034,8.0
2026-07-25 08:40:00+00:00,4050.3,4050.4,4050.3,4050.3,0.07,11.0
2026-07-25 08:45:00+00:00,4050.4,4050.4,4050.3,4050.3,0.053,8.0
2026-07-25 08:50:00+00:00,4050.3,4050.4,4050.3,4050.4,0.052,10.0
2026-07-25 08:55:00+00:00,4050.4,4050.4,4050.3,4050.3,0.278,7.0
2026-07-25 09:00:00+00:00,4050.3,4050.4,4050.3,4050.4,0.038,6.0
2026-07-25 09:05:00+00:00,4050.3,4050.4,4050.3,4050.4,0.046,15.0
2026-07-25 09:10:00+00:00,4050.3,4050.3,4050.3,4050.3,0.04,12.0
2026-07-25 09:15:00+00:00,4050.3,4050.3,4050.3,4050.3,0.02,5.0
2026-07-25 09:20:00+00:00,4050.3,4050.4,4050.3,4050.4,0.041,11.0
2026-07-25 09:25:00+00:00,4050.3,4050.4,4050.3,4050.3,0.03,8.0
2026-07-25 09:30:00+00:00,4050.4,4050.4,4050.3,4050.4,0.037,10.0
2026-07-25 09:35:00+00:00,4050.4,4050.4,4050.3,4050.4,0.045,13.0
2026-07-25 09:40:00+00:00,4050.4,4050.4,4050.3,4050.3,0.038,13.0
2026-07-25 09:45:00+00:00,4050.4,4050.4,4050.3,4050.4,0.493,26.0
2026-07-25 09:50:00+00:00,4050.4,4050.4,4050.3,4050.3,0.036,7.0
2026-07-25 09:55:00+00:00,4050.3,4050.3,4050.3,4050.3,0.03,6.0
2026-07-25 10:00:00+00:00,4050.4,4050.5,4050.4,4050.5,4.478,207.0
2026-07-25 10:05:00+00:00,4050.5,4050.6,4050.4,4050.6,4.157,116.0
2026-07-25 10:10:00+00:00,4050.6,4050.6,4049.7,4049.7,6.322,193.0
2026-07-25 10:15:00+00:00,4049.5,4049.6,4049.5,4049.5,0.676,8.0
2026-07-25 10:20:00+00:00,4049.6,4049.6,4049.5,4049.6,0.032,6.0
2026-07-25 10:25:00+00:00,4049.5,4049.6,4049.5,4049.5,0.072,10.0
2026-07-25 10:30:00+00:00,4049.6,4049.6,4048.8,4049.1,0.403,17.0
2026-07-25 10:35:00+00:00,4049.0,4049.0,4048.8,4048.9,0.149,7.0
2026-07-25 10:40:00+00:00,4048.8,4048.9,4048.8,4048.8,0.035,7.0
2026-07-25 10:45:00+00:00,4048.8,4048.9,4048.8,4048.8,0.043,7.0
2026-07-25 10:50:00+00:00,4048.8,4050.3,4048.8,4050.3,0.063,10.0
2026-07-25 10:55:00+00:00,4050.3,4050.3,4049.9,4049.9,0.032,7.0
2026-07-25 11:00:00+00:00,4050.5,4050.7,4050.5,4050.7,0.033,7.0
2026-07-25 11:05:00+00:00,4050.5,4050.6,4050.5,4050.5,0.046,9.0
2026-07-25 11:10:00+00:00,4050.6,4050.6,4050.5,4050.6,0.025,5.0
2026-07-25 11:15:00+00:00,4050.6,4050.6,4050.5,4050.6,0.04,7.0
2026-07-25 11:20:00+00:00,4050.5,4050.6,4050.5,4050.6,0.042,7.0
2026-07-25 11:25:00+00:00,4050.6,4050.6,4050.5,4050.6,0.036,6.0
2026-07-25 11:30:00+00:00,4050.5,4050.6,4050.5,4050.5,0.165,12.0
2026-07-25 11:35:00+00:00,4050.5,4050.5,4050.5,4050.5,0.032,6.0
2026-07-25 11:40:00+00:00,4050.6,4050.6,4050.5,4050.6,0.037,5.0
2026-07-25 11:45:00+00:00,4050.6,4050.6,4050.5,4050.5,0.031,6.0
2026-07-25 11:50:00+00:00,4050.6,4050.6,4050.4,4050.4,0.224,13.0
2026-07-25 11:55:00+00:00,4050.4,4050.5,4050.4,4050.5,0.076,10.0
2026-07-25 12:00:00+00:00,4050.5,4050.6,4050.4,4050.4,0.543,11.0
2026-07-25 12:05:00+00:00,4050.4,4050.5,4050.4,4050.4,0.046,8.0
2026-07-25 12:10:00+00:00,4050.4,4050.5,4050.4,4050.5,0.038,6.0
2026-07-25 12:15:00+00:00,4050.5,4050.5,4050.4,4050.5,0.042,8.0
2026-07-25 12:20:00+00:00,4050.4,4050.6,4050.4,4050.4,0.043,7.0
2026-07-25 12:25:00+00:00,4050.4,4050.5,4050.4,4050.4,0.034,6.0
2026-07-25 12:30:00+00:00,4050.4,4050.5,4050.4,4050.5,0.026,6.0
2026-07-25 12:35:00+00:00,4050.5,4050.5,4050.4,4050.4,0.04,6.0
2026-07-25 12:40:00+00:00,4050.5,4050.5,4050.4,4050.4,0.013,3.0
2026-07-25 12:45:00+00:00,4050.5,4050.5,4050.4,4050.5,0.016,4.0
2026-07-25 12:50:00+00:00,4050.4,4050.5,4050.4,4050.4,0.058,6.0
2026-07-25 12:55:00+00:00,4050.4,4050.5,4050.4,4050.4,0.044,9.0
2026-07-25 13:00:00+00:00,4050.5,4050.6,4050.4,4050.6,4.552,8.0
2026-07-25 13:05:00+00:00,4050.5,4050.6,4050.5,4050.6,0.026,7.0
2026-07-25 13:10:00+00:00,4050.6,4050.6,4050.5,4050.6,0.017,4.0
2026-07-25 13:15:00+00:00,4050.5,4050.6,4050.5,4050.6,0.038,6.0
2026-07-25 13:20:00+00:00,4050.6,4050.6,4050.6,4050.6,0.024,6.0
2026-07-25 13:25:00+00:00,4050.6,4050.6,4050.5,4050.5,0.05,8.0
2026-07-25 13:30:00+00:00,4050.6,4050.6,4050.5,4050.6,0.038,8.0
2026-07-25 13:35:00+00:00,4050.6,4052.1,4050.5,4052.1,2.535,33.0
2026-07-25 13:40:00+00:00,4052.1,4052.4,4052.0,4052.1,1.73,72.0
2026-07-25 13:45:00+00:00,4051.6,4051.8,4051.6,4051.8,0.274,8.0
2026-07-25 13:50:00+00:00,4051.7,4051.8,4051.4,4051.5,0.036,6.0
2026-07-25 13:55:00+00:00,4051.5,4051.5,4051.5,4051.5,0.06,7.0
2026-07-25 14:00:00+00:00,4051.4,4051.8,4051.4,4051.7,0.19,10.0
2026-07-25 14:05:00+00:00,4051.7,4051.8,4051.6,4051.6,0.015,4.0
2026-07-25 14:10:00+00:00,4051.6,4051.7,4051.6,4051.7,0.082,11.0
2026-07-25 14:15:00+00:00,4051.7,4051.7,4051.5,4051.6,0.351,10.0
2026-07-25 14:20:00+00:00,4051.5,4051.6,4051.5,4051.6,0.038,6.0
2026-07-25 14:25:00+00:00,4051.6,4051.7,4051.5,4051.6,0.041,9.0
2026-07-25 14:30:00+00:00,4051.6,4052.0,4051.6,4052.0,0.076,11.0
2026-07-25 14:35:00+00:00,4052.3,4052.8,4052.2,4052.2,0.206,11.0
2026-07-25 14:40:00+00:00,4052.3,4052.3,4052.1,4052.2,0.072,8.0
2026-07-25 14:45:00+00:00,4052.4,4052.4,4052.3,4052.4,0.158,12.0
2026-07-25 14:50:00+00:00,4052.6,4052.6,4052.5,4052.5,0.086,6.0
2026-07-25 14:55:00+00:00,4052.5,4052.8,4052.5,4052.7,0.049,11.0
2026-07-25 15:00:00+00:00,4052.8,4052.8,4052.7,4052.7,0.023,6.0
2026-07-25 15:05:00+00:00,4052.7,4052.8,4052.7,4052.8,0.03,6.0
2026-07-25 15:10:00+00:00,4052.7,4052.8,4052.7,4052.8,0.026,6.0
2026-07-25 15:15:00+00:00,4052.7,4052.7,4052.7,4052.7,0.008,2.0
2026-07-25 15:20:00+00:00,4052.8,4052.8,4052.7,4052.7,0.095,12.0
2026-07-25 15:25:00+00:00,4052.8,4052.8,4052.7,4052.8,0.04,8.0
2026-07-25 15:30:00+00:00,4052.8,4052.8,4052.7,4052.8,0.032,6.0
2026-07-25 15:35:00+00:00,4052.7,4052.8,4052.7,4052.8,0.278,14.0
2026-07-25 15:40:00+00:00,4052.8,4052.8,4052.7,4052.7,0.031,7.0
2026-07-25 15:45:00+00:00,4052.8,4052.8,4052.7,4052.7,0.025,5.0
2026-07-25 15:50:00+00:00,4052.7,4052.8,4052.7,4052.7,0.053,9.0
2026-07-25 15:55:00+00:00,4052.7,4052.7,4052.7,4052.7,0.023,4.0
2026-07-25 16:00:00+00:00,4052.8,4052.8,4052.7,4052.7,0.083,7.0
2026-07-25 16:05:00+00:00,4052.8,4052.8,4052.7,4052.7,0.549,12.0
2026-07-25 16:10:00+00:00,4052.7,4052.8,4052.7,4052.8,0.045,10.0
2026-07-25 16:15:00+00:00,4052.7,4052.8,4052.7,4052.8,0.035,7.0
2026-07-25 16:20:00+00:00,4052.7,4052.8,4052.7,4052.8,0.026,6.0
2026-07-25 16:25:00+00:00,4052.7,4052.7,4052.6,4052.6,4.461,45.0
2026-07-25 16:30:00+00:00,4052.6,4052.6,4051.9,4051.9,0.056,9.0
2026-07-25 16:35:00+00:00,4052.0,4052.6,4051.9,4052.6,0.04,7.0
2026-07-25 16:40:00+00:00,4052.5,4052.6,4052.5,4052.6,0.034,7.0
2026-07-25 16:45:00+00:00,4052.6,4052.6,4052.5,4052.5,0.052,10.0
2026-07-25 16:50:00+00:00,4052.5,4052.5,4052.5,4052.5,0.021,4.0
2026-07-25 16:55:00+00:00,4052.6,4052.6,4052.5,4052.5,0.036,5.0
2026-07-25 17:00:00+00:00,4052.5,4052.8,4052.5,4052.8,0.042,9.0
2026-07-25 17:05:00+00:00,4052.7,4052.8,4052.5,4052.7,1.082,10.0
2026-07-25 17:10:00+00:00,4052.7,4052.8,4052.7,4052.7,0.016,4.0
2026-07-25 17:15:00+00:00,4052.7,4052.8,4052.7,4052.8,0.027,6.0
2026-07-25 17:20:00+00:00,4052.8,4052.8,4052.8,4052.8,0.041,4.0
2026-07-25 17:25:00+00:00,4052.7,4052.8,4052.7,4052.8,0.035,7.0
2026-07-25 17:30:00+00:00,4052.8,4052.8,4052.7,4052.8,0.064,9.0
2026-07-25 17:35:00+00:00,4052.8,4052.8,4052.7,4052.7,0.069,10.0
2026-07-25 17:40:00+00:00,4052.7,4052.8,4052.7,4052.8,0.02,4.0
2026-07-25 17:45:00+00:00,4052.7,4053.0,4052.7,4053.0,2.833,14.0
2026-07-25 17:50:00+00:00,4052.8,4052.9,4052.8,4052.9,0.055,11.0
2026-07-25 17:55:00+00:00,4052.9,4052.9,4052.8,4052.9,0.043,7.0
2026-07-25 18:00:00+00:00,4052.7,4054.1,4052.7,4054.0,0.146,14.0
2026-07-25 18:05:00+00:00,4054.1,4054.3,4054.0,4054.2,0.189,10.0
2026-07-25 18:10:00+00:00,4054.2,4054.3,4054.2,4054.3,0.022,5.0
2026-07-25 18:15:00+00:00,4054.3,4054.6,4054.2,4054.5,0.211,14.0
2026-07-25 18:20:00+00:00,4054.6,4054.6,4054.5,4054.5,0.062,6.0
2026-07-25 18:25:00+00:00,4054.5,4054.6,4054.5,4054.5,0.051,8.0
2026-07-25 18:30:00+00:00,4054.5,4054.5,4054.5,4054.5,0.131,7.0
2026-07-25 18:35:00+00:00,4054.6,4054.7,4054.6,4054.7,0.143,6.0
2026-07-25 18:40:00+00:00,4054.6,4055.4,4054.6,4055.0,4.338,27.0
2026-07-25 18:45:00+00:00,4054.9,4055.0,4054.9,4055.0,0.104,8.0
2026-07-25 18:50:00+00:00,4055.0,4055.0,4054.9,4055.0,0.09,10.0
2026-07-25 18:55:00+00:00,4055.0,4055.0,4054.9,4054.9,0.053,9.0
2026-07-25 19:00:00+00:00,4054.9,4055.5,4054.9,4055.0,2.202,21.0
2026-07-25 19:05:00+00:00,4054.9,4055.0,4054.9,4055.0,0.084,16.0
2026-07-25 19:10:00+00:00,4055.0,4055.0,4054.9,4054.9,0.034,8.0
2026-07-25 19:15:00+00:00,4054.9,4054.9,4054.9,4054.9,0.153,7.0
2026-07-25 19:20:00+00:00,4053.9,4053.9,4053.1,4053.1,0.028,6.0
2026-07-25 19:25:00+00:00,4053.0,4053.5,4053.0,4053.5,0.343,6.0
2026-07-25 19:30:00+00:00,4053.3,4053.4,4053.3,4053.4,0.011,3.0
2026-07-25 19:35:00+00:00,4054.1,4054.1,4053.8,4053.8,0.029,9.0
2026-07-25 19:40:00+00:00,4053.9,4053.9,4053.7,4053.8,0.044,8.0
2026-07-25 19:45:00+00:00,4053.7,4053.8,4053.7,4053.8,0.031,7.0
2026-07-25 19:50:00+00:00,4053.8,4053.8,4053.7,4053.7,0.033,8.0
2026-07-25 19:55:00+00:00,4053.7,4053.8,4053.7,4053.8,0.04,8.0
2026-07-25 20:00:00+00:00,4053.8,4054.0,4053.7,4053.7,0.239,11.0
2026-07-25 20:05:00+00:00,4053.8,4053.8,4053.8,4053.8,0.055,8.0
2026-07-25 20:10:00+00:00,4053.8,4053.9,4053.8,4053.9,0.028,7.0
2026-07-25 20:15:00+00:00,4053.9,4053.9,4053.8,4053.8,0.021,4.0
2026-07-25 20:20:00+00:00,4053.9,4053.9,4053.8,4053.8,0.036,8.0
2026-07-25 20:25:00+00:00,4053.7,4053.7,4053.2,4053.2,0.065,7.0
2026-07-25 20:30:00+00:00,4053.3,4053.3,4053.2,4053.3,0.029,6.0
2026-07-25 20:35:00+00:00,4053.3,4053.3,4053.2,4053.2,0.036,7.0
2026-07-25 20:40:00+00:00,4053.3,4053.3,4053.2,4053.2,0.048,7.0
2026-07-25 20:45:00+00:00,4053.3,4054.8,4053.2,4054.8,1.03,9.0
2026-07-25 20:50:00+00:00,4054.5,4054.6,4054.0,4054.0,0.271,13.0
2026-07-25 20:55:00+00:00,4054.1,4054.1,4054.1,4054.1,0.134,5.0
2026-07-25 21:00:00+00:00,4054.0,4054.1,4054.0,4054.0,0.154,9.0
2026-07-25 21:05:00+00:00,4054.1,4054.2,4054.1,4054.1,0.263,9.0
2026-07-25 21:10:00+00:00,4054.1,4054.2,4054.1,4054.2,0.035,6.0
2026-07-25 21:15:00+00:00,4054.1,4054.2,4054.1,4054.1,0.063,8.0
2026-07-25 21:20:00+00:00,4054.2,4054.2,4054.1,4054.2,0.033,6.0
2026-07-25 21:25:00+00:00,4054.2,4055.7,4054.2,4054.5,1.029,15.0
2026-07-25 21:30:00+00:00,4054.4,4054.5,4054.4,4054.5,0.028,6.0
2026-07-25 21:35:00+00:00,4054.5,4054.5,4054.4,4054.5,0.047,9.0
2026-07-25 21:40:00+00:00,4054.5,4056.1,4054.3,4054.8,10.869,36.0
2026-07-25 21:45:00+00:00,4054.8,4054.8,4054.6,4054.6,0.267,11.0
2026-07-25 21:50:00+00:00,4054.5,4054.6,4054.5,4054.6,0.025,4.0
2026-07-25 21:55:00+00:00,4054.6,4054.6,4054.6,4054.6,0.033,2.0
2026-07-25 22:00:00+00:00,4054.7,4054.8,4054.7,4054.8,0.053,9.0
2026-07-25 22:05:00+00:00,4054.7,4054.8,4054.7,4054.8,0.065,11.0
2026-07-25 22:10:00+00:00,4054.9,4055.3,4054.9,4055.2,0.075,7.0
2026-07-25 22:15:00+00:00,4055.2,4055.3,4055.2,4055.3,0.04,7.0
2026-07-25 22:20:00+00:00,4055.3,4055.3,4055.2,4055.3,0.026,6.0
2026-07-25 22:25:00+00:00,4055.2,4055.3,4055.2,4055.3,0.024,5.0
2026-07-25 22:30:00+00:00,4055.3,4055.3,4054.9,4054.9,0.036,7.0
2026-07-25 22:35:00+00:00,4055.0,4055.0,4054.9,4055.0,0.022,5.0
2026-07-25 22:40:00+00:00,4054.9,4055.0,4054.9,4055.0,0.052,9.0
2026-07-25 22:45:00+00:00,4055.0,4055.0,4054.9,4055.0,0.032,8.0
2026-07-25 22:50:00+00:00,4054.9,4055.5,4054.9,4055.4,1.984,11.0
2026-07-25 22:55:00+00:00,4055.0,4055.1,4054.6,4055.0,0.04,8.0
2026-07-25 23:00:00+00:00,4055.1,4055.1,4054.9,4055.0,0.028,6.0
2026-07-25 23:05:00+00:00,4055.0,4055.3,4055.0,4055.1,0.029,6.0
2026-07-25 23:10:00+00:00,4055.1,4055.2,4055.1,4055.1,0.168,10.0
2026-07-25 23:15:00+00:00,4054.6,4054.6,4054.5,4054.5,0.019,5.0
2026-07-25 23:20:00+00:00,4054.6,4054.6,4054.5,4054.5,0.101,8.0
2026-07-25 23:25:00+00:00,4054.6,4054.6,4054.1,4054.1,0.04,8.0
2026-07-25 23:30:00+00:00,4054.2,4054.2,4054.0,4054.1,0.036,6.0
2026-07-25 23:35:00+00:00,4054.1,4054.1,4054.0,4054.1,0.033,6.0
2026-07-25 23:40:00+00:00,4054.1,4054.1,4054.0,4054.1,0.088,9.0
2026-07-25 23:45:00+00:00,4054.0,4054.2,4054.0,4054.1,0.468,15.0
2026-07-25 23:50:00+00:00,4054.0,4054.0,4053.8,4053.9,0.476,11.0
2026-07-25 23:55:00+00:00,4053.9,4054.0,4053.9,4054.0,0.026,4.0
2026-07-26 00:00:00+00:00,4054.0,4054.4,4053.9,4054.0,1.289,18.0
2026-07-26 00:05:00+00:00,4054.1,4054.2,4054.0,4054.2,2.362,17.0
2026-07-26 00:10:00+00:00,4054.2,4054.2,4053.2,4053.5,1.429,23.0
2026-07-26 00:15:00+00:00,4053.5,4053.6,4052.9,4052.9,0.496,14.0
2026-07-26 00:20:00+00:00,4052.9,4053.0,4052.7,4052.8,0.326,9.0
2026-07-26 00:25:00+00:00,4052.9,4052.9,4052.7,4052.7,0.385,12.0
2026-07-26 00:30:00+00:00,4052.7,4052.8,4051.9,4052.7,8.061,26.0
2026-07-26 00:35:00+00:00,4052.8,4052.8,4052.7,4052.7,0.058,9.0
2026-07-26 00:40:00+00:00,4052.8,4052.8,4052.7,4052.7,0.055,10.0
2026-07-26 00:45:00+00:00,4052.7,4052.7,4052.6,4052.6,0.046,9.0
2026-07-26 00:50:00+00:00,4052.6,4052.7,4052.6,4052.6,0.153,36.0
2026-07-26 00:55:00+00:00,4052.6,4053.4,4052.6,4053.2,1.805,46.0
2026-07-26 01:00:00+00:00,4053.3,4053.3,4053.2,4053.3,0.035,6.0
2026-07-26 01:05:00+00:00,4053.2,4053.2,4053.2,4053.2,0.022,4.0
2026-07-26 01:10:00+00:00,4053.3,4053.3,4053.2,4053.2,0.042,8.0
2026-07-26 01:15:00+00:00,4053.3,4053.3,4053.2,4053.2,0.043,10.0
2026-07-26 01:20:00+00:00,4053.5,4053.5,4053.4,4053.5,0.044,5.0
2026-07-26 01:25:00+00:00,4053.5,4053.5,4053.3,4053.5,0.506,13.0
2026-07-26 01:30:00+00:00,4053.5,4053.5,4053.4,4053.5,0.042,9.0
2026-07-26 01:35:00+00:00,4053.4,4053.5,4053.4,4053.4,0.033,7.0
2026-07-26 01:40:00+00:00,4053.4,4053.5,4053.4,4053.4,0.028,4.0
2026-07-26 01:45:00+00:00,4053.5,4053.5,4053.3,4053.4,0.562,15.0
2026-07-26 01:50:00+00:00,4053.3,4053.4,4053.3,4053.4,0.178,6.0
2026-07-26 01:55:00+00:00,4053.4,4053.4,4053.3,4053.4,0.039,6.0
2026-07-26 02:00:00+00:00,4053.3,4053.9,4052.9,4053.2,3.795,28.0
2026-07-26 02:05:00+00:00,4053.3,4053.3,4053.2,4053.3,0.085,8.0
2026-07-26 02:10:00+00:00,4053.3,4053.3,4053.2,4053.2,0.024,5.0
2026-07-26 02:15:00+00:00,4053.2,4053.3,4053.2,4053.3,0.057,12.0
2026-07-26 02:20:00+00:00,4053.3,4053.3,4053.3,4053.3,0.023,5.0
2026-07-26 02:25:00+00:00,4053.3,4053.3,4053.2,4053.2,0.072,15.0
2026-07-26 02:30:00+00:00,4053.3,4053.3,4053.2,4053.3,0.03,5.0
2026-07-26 02:35:00+00:00,4053.2,4053.3,4053.2,4053.2,0.062,10.0
2026-07-26 02:40:00+00:00,4053.3,4053.3,4053.2,4053.3,0.044,10.0
2026-07-26 02:45:00+00:00,4053.3,4053.3,4053.2,4053.3,0.024,5.0
2026-07-26 02:50:00+00:00,4053.2,4053.3,4053.2,4053.3,0.036,7.0
2026-07-26 02:55:00+00:00,4053.2,4053.3,4053.2,4053.2,0.04,8.0
2026-07-26 03:00:00+00:00,4053.3,4053.3,4053.2,4053.3,0.041,7.0
2026-07-26 03:05:00+00:00,4053.2,4053.3,4053.2,4053.2,0.154,9.0
2026-07-26 03:10:00+00:00,4053.2,4053.3,4053.2,4053.2,0.058,9.0
2026-07-26 03:15:00+00:00,4053.3,4053.8,4053.2,4053.7,0.269,12.0
2026-07-26 03:20:00+00:00,4053.7,4053.8,4053.7,4053.7,0.03,7.0
2026-07-26 03:25:00+00:00,4053.8,4053.8,4053.7,4053.8,0.034,8.0
2026-07-26 03:30:00+00:00,4053.8,4053.8,4053.7,4053.7,0.178,11.0
2026-07-26 03:35:00+00:00,4053.7,4053.8,4053.7,4053.8,0.143,11.0
2026-07-26 03:40:00+00:00,4053.7,4053.8,4053.7,4053.7,0.061,12.0
2026-07-26 03:45:00+00:00,4053.7,4053.8,4053.5,4053.5,0.104,9.0
2026-07-26 03:50:00+00:00,4053.6,4053.7,4053.5,4053.6,0.038,7.0
2026-07-26 03:55:00+00:00,4053.6,4053.8,4053.6,4053.8,0.184,17.0
2026-07-26 04:00:00+00:00,4053.7,4053.8,4053.7,4053.8,0.11,9.0
2026-07-26 04:05:00+00:00,4053.8,4053.8,4053.7,4053.7,0.025,5.0
2026-07-26 04:10:00+00:00,4053.8,4053.8,4053.7,4053.8,0.035,8.0
2026-07-26 04:15:00+00:00,4053.7,4053.8,4053.7,4053.8,0.274,8.0
2026-07-26 04:20:00+00:00,4053.8,4053.8,4053.7,4053.7,0.136,10.0
2026-07-26 04:25:00+00:00,4053.8,4054.8,4053.7,4054.4,2.802,27.0
2026-07-26 04:30:00+00:00,4054.4,4054.5,4054.4,4054.4,0.025,5.0
2026-07-26 04:35:00+00:00,4054.4,4054.5,4054.4,4054.5,0.034,7.0
2026-07-26 04:40:00+00:00,4054.5,4056.0,4054.4,4055.5,2.111,17.0
2026-07-26 04:45:00+00:00,4055.5,4056.2,4055.5,4055.9,0.814,14.0
2026-07-26 04:50:00+00:00,4055.8,4055.9,4055.8,4055.9,0.068,13.0
2026-07-26 04:55:00+00:00,4055.8,4055.8,4055.6,4055.7,0.121,10.0
2026-07-26 05:00:00+00:00,4055.8,4055.8,4055.7,4055.8,0.094,8.0
2026-07-26 05:05:00+00:00,4055.7,4056.0,4055.7,4056.0,0.12,13.0
2026-07-26 05:10:00+00:00,4056.0,4056.1,4056.0,4056.0,0.044,8.0
2026-07-26 05:15:00+00:00,4056.0,4056.1,4056.0,4056.1,0.044,8.0
2026-07-26 05:20:00+00:00,4056.1,4056.1,4056.0,4056.1,0.102,7.0
2026-07-26 05:25:00+00:00,4056.1,4056.1,4056.0,4056.1,0.048,8.0
2026-07-26 05:30:00+00:00,4056.1,4056.1,4055.3,4055.3,0.085,10.0
2026-07-26 05:35:00+00:00,4055.3,4055.3,4055.0,4055.2,0.06,10.0
2026-07-26 05:40:00+00:00,4055.2,4055.2,4055.0,4055.1,0.166,12.0
2026-07-26 05:45:00+00:00,4055.1,4056.3,4055.1,4056.3,0.53,12.0
2026-07-26 05:50:00+00:00,4056.3,4056.4,4056.3,4056.3,0.037,8.0
2026-07-26 05:55:00+00:00,4056.4,4056.4,4056.2,4056.3,0.041,8.0
2026-07-26 06:00:00+00:00,4056.3,4056.8,4056.2,4056.3,2.709,19.0
2026-07-26 06:05:00+00:00,4056.3,4056.3,4056.2,4056.3,0.03,7.0
2026-07-26 06:10:00+00:00,4056.3,4056.6,4056.3,4056.5,0.031,7.0
2026-07-26 06:15:00+00:00,4056.5,4056.5,4056.2,4056.3,0.043,8.0
2026-07-26 06:20:00+00:00,4056.3,4056.3,4056.1,4056.1,0.028,7.0
2026-07-26 06:25:00+00:00,4056.2,4056.2,4055.4,4055.4,0.041,11.0
2026-07-26 06:30:00+00:00,4055.2,4055.2,4054.7,4054.8,0.048,9.0
2026-07-26 06:35:00+00:00,4054.7,4054.7,4054.4,4054.4,0.272,9.0
2026-07-26 06:40:00+00:00,4054.4,4054.4,4054.3,4054.3,0.021,5.0
2026-07-26 06:45:00+00:00,4054.4,4054.4,4054.3,4054.4,0.039,7.0
2026-07-26 06:50:00+00:00,4054.3,4054.4,4054.3,4054.4,0.04,8.0
2026-07-26 06:55:00+00:00,4054.8,4054.8,4054.6,4054.8,0.197,8.0
2026-07-26 07:00:00+00:00,4054.8,4055.1,4054.7,4055.1,0.714,12.0
2026-07-26 07:05:00+00:00,4055.2,4055.5,4055.2,4055.3,0.169,8.0
2026-07-26 07:10:00+00:00,4055.3,4055.4,4055.3,4055.4,0.035,8.0
2026-07-26 07:15:00+00:00,4055.4,4055.4,4054.8,4054.8,0.021,5.0
2026-07-26 07:20:00+00:00,4054.8,4054.9,4054.8,4054.9,0.246,15.0
2026-07-26 07:25:00+00:00,4054.9,4054.9,4054.8,4054.8,0.15,10.0
2026-07-26 07:30:00+00:00,4054.8,4054.9,4054.8,4054.8,0.032,7.0
2026-07-26 07:35:00+00:00,4054.9,4054.9,4054.8,4054.9,0.031,6.0
2026-07-26 07:40:00+00:00,4054.8,4054.9,4054.8,4054.8,0.181,17.0
2026-07-26 07:45:00+00:00,4054.7,4054.8,4054.7,4054.7,0.05,8.0
2026-07-26 07:50:00+00:00,4054.8,4054.8,4054.7,4054.8,0.044,8.0
2026-07-26 07:55:00+00:00,4054.7,4054.8,4054.7,4054.8,0.121,8.0
2026-07-26 08:00:00+00:00,4054.7,4054.8,4054.7,4054.7,0.326,14.0
2026-07-26 08:05:00+00:00,4054.8,4054.8,4054.5,4054.6,0.156,6.0
2026-07-26 08:10:00+00:00,4054.7,4054.7,4054.6,4054.6,0.042,10.0
2026-07-26 08:15:00+00:00,4054.6,4054.7,4054.6,4054.7,0.038,6.0
2026-07-26 08:20:00+00:00,4054.7,4055.6,4054.4,4055.6,2.115,16.0
2026-07-26 08:25:00+00:00,4055.2,4055.5,4055.2,4055.3,0.05,10.0
2026-07-26 08:30:00+00:00,4055.3,4056.0,4055.2,4055.8,0.544,16.0
2026-07-26 08:35:00+00:00,4055.9,4055.9,4055.8,4055.9,0.036,7.0
2026-07-26 08:40:00+00:00,4055.9,4055.9,4055.8,4055.9,0.143,10.0
2026-07-26 08:45:00+00:00,4055.9,4055.9,4055.8,4055.9,0.075,7.0
2026-07-26 08:50:00+00:00,4055.9,4055.9,4055.8,4055.9,0.161,8.0
2026-07-26 08:55:00+00:00,4055.9,4055.9,4055.8,4055.9,0.044,9.0
2026-07-26 09:00:00+00:00,4055.8,4055.9,4055.8,4055.8,0.04,8.0
2026-07-26 09:05:00+00:00,4055.9,4055.9,4055.8,4055.8,0.194,12.0
2026-07-26 09:10:00+00:00,4055.8,4055.9,4055.8,4055.9,0.039,6.0
2026-07-26 09:15:00+00:00,4055.8,4055.9,4055.8,4055.8,0.037,6.0
2026-07-26 09:20:00+00:00,4055.9,4055.9,4055.8,4055.8,0.034,9.0
2026-07-26 09:25:00+00:00,4055.8,4055.9,4055.8,4055.9,0.044,9.0
2026-07-26 09:30:00+00:00,4055.9,4055.9,4055.8,4055.8,0.036,8.0
2026-07-26 09:35:00+00:00,4055.9,4055.9,4055.8,4055.8,0.071,12.0
2026-07-26 09:40:00+00:00,4055.8,4055.9,4055.8,4055.9,0.04,9.0
2026-07-26 09:45:00+00:00,4055.8,4055.9,4055.8,4055.8,0.03,6.0
2026-07-26 09:50:00+00:00,4055.8,4055.9,4055.8,4055.8,0.046,8.0
2026-07-26 09:55:00+00:00,4055.8,4055.9,4055.8,4055.9,0.366,10.0
2026-07-26 10:00:00+00:00,4056.1,4057.6,4056.1,4057.0,2.047,25.0
2026-07-26 10:05:00+00:00,4056.7,4056.7,4056.4,4056.5,0.315,15.0
2026-07-26 10:10:00+00:00,4056.5,4058.1,4056.5,4058.1,30.432,97.0
2026-07-26 10:15:00+00:00,4058.1,4058.1,4058.0,4058.1,0.372,5.0
2026-07-26 10:20:00+00:00,4058.1,4058.1,4058.0,4058.1,0.037,8.0
2026-07-26 10:25:00+00:00,4058.1,4058.1,4058.0,4058.0,1.071,12.0
2026-07-26 10:30:00+00:00,4058.3,4058.7,4058.3,4058.5,0.566,11.0
2026-07-26 10:35:00+00:00,4058.4,4060.2,4058.4,4059.1,8.191,26.0
2026-07-26 10:40:00+00:00,4059.1,4059.9,4059.1,4059.9,0.881,9.0
2026-07-26 10:45:00+00:00,4059.8,4059.9,4059.6,4059.7,0.146,10.0
2026-07-26 10:50:00+00:00,4059.6,4059.7,4059.4,4059.4,0.08,8.0
2026-07-26 10:55:00+00:00,4059.5,4059.5,4059.2,4059.3,0.07,10.0
2026-07-26 11:00:00+00:00,4059.3,4059.4,4059.1,4059.2,0.02,5.0
2026-07-26 11:05:00+00:00,4059.1,4059.4,4059.1,4059.3,0.071,14.0
2026-07-26 11:10:00+00:00,4059.1,4059.3,4059.1,4059.3,0.977,14.0
2026-07-26 11:15:00+00:00,4059.3,4059.4,4059.1,4059.1,0.294,12.0
2026-07-26 11:20:00+00:00,4059.1,4059.2,4058.9,4058.9,0.067,13.0
2026-07-26 11:25:00+00:00,4059.0,4059.0,4058.3,4058.3,0.015,6.0
2026-07-26 11:30:00+00:00,4058.1,4058.1,4058.0,4058.0,0.038,8.0
2026-07-26 11:35:00+00:00,4058.1,4058.1,4058.0,4058.1,0.028,5.0
2026-07-26 11:40:00+00:00,4058.0,4058.1,4058.0,4058.1,0.044,7.0
2026-07-26 11:45:00+00:00,4058.1,4058.1,4056.8,4057.7,6.16,44.0
2026-07-26 11:50:00+00:00,4057.6,4057.8,4057.6,4057.7,0.043,6.0
2026-07-26 11:55:00+00:00,4057.7,4057.8,4057.7,4057.7,0.029,6.0
2026-07-26 12:00:00+00:00,4057.7,4057.8,4057.7,4057.7,0.084,11.0
2026-07-26 12:05:00+00:00,4057.9,4058.1,4057.9,4058.0,0.165,8.0
2026-07-26 12:10:00+00:00,4058.0,4058.1,4057.7,4057.9,0.52,13.0
2026-07-26 12:15:00+00:00,4057.9,4058.0,4057.1,4057.3,0.715,15.0
2026-07-26 12:20:00+00:00,4057.4,4057.4,4057.2,4057.2,0.059,5.0
2026-07-26 12:25:00+00:00,4057.2,4057.6,4057.2,4057.6,0.481,11.0
2026-07-26 12:30:00+00:00,4057.6,4057.6,4057.5,4057.5,0.045,8.0
2026-07-26 12:35:00+00:00,4057.2,4057.2,4057.1,4057.2,0.025,5.0
2026-07-26 12:40:00+00:00,4057.1,4057.2,4057.1,4057.2,0.021,5.0
2026-07-26 12:45:00+00:00,4057.2,4057.2,4057.1,4057.1,0.049,10.0
2026-07-26 12:50:00+00:00,4057.2,4057.4,4057.2,4057.3,0.047,8.0
2026-07-26 12:55:00+00:00,4057.4,4057.4,4057.0,4057.3,0.086,9.0
2026-07-26 13:00:00+00:00,4057.2,4057.4,4057.2,4057.4,0.187,8.0
2026-07-26 13:05:00+00:00,4057.3,4057.5,4057.3,4057.5,0.023,6.0
2026-07-26 13:10:00+00:00,4057.4,4057.5,4057.4,4057.4,0.026,6.0
2026-07-26 13:15:00+00:00,4057.5,4057.8,4057.5,4057.8,0.272,7.0
2026-07-26 13:20:00+00:00,4057.9,4057.9,4057.8,4057.9,0.034,6.0
2026-07-26 13:25:00+00:00,4057.9,4058.1,4057.9,4058.0,0.031,7.0
2026-07-26 13:30:00+00:00,4058.0,4058.1,4058.0,4058.0,0.031,6.0
2026-07-26 13:35:00+00:00,4058.1,4059.1,4058.1,4059.1,0.083,10.0
2026-07-26 13:40:00+00:00,4059.3,4059.3,4059.2,4059.2,0.074,12.0
2026-07-26 13:45:00+00:00,4059.3,4059.3,4059.2,4059.3,0.035,8.0
2026-07-26 13:50:00+00:00,4059.0,4059.1,4058.7,4058.7,0.061,7.0
2026-07-26 13:55:00+00:00,4058.8,4058.8,4058.7,4058.8,3.02,17.0
2026-07-26 14:00:00+00:00,4058.8,4058.9,4058.8,4058.9,1.743,12.0
2026-07-26 14:05:00+00:00,4059.0,4059.8,4059.0,4059.8,2.065,15.0
2026-07-26 14:10:00+00:00,4059.7,4059.8,4059.7,4059.7,0.19,9.0
2026-07-26 14:15:00+00:00,4059.8,4059.8,4059.7,4059.7,0.017,3.0
2026-07-26 14:20:00+00:00,4059.7,4059.8,4059.7,4059.7,0.155,6.0
2026-07-26 14:25:00+00:00,4059.7,4059.8,4059.7,4059.8,0.062,13.0
2026-07-26 14:30:00+00:00,4059.7,4059.8,4059.7,4059.7,0.031,7.0
2026-07-26 14:35:00+00:00,4059.7,4059.8,4059.7,4059.8,0.042,10.0
2026-07-26 14:40:00+00:00,4059.8,4059.8,4059.7,4059.8,0.042,7.0
2026-07-26 14:45:00+00:00,4059.8,4059.8,4059.7,4059.8,0.026,5.0
2026-07-26 14:50:00+00:00,4059.8,4059.8,4059.7,4059.7,0.035,6.0
2026-07-26 14:55:00+00:00,4059.8,4059.8,4059.7,4059.7,0.043,10.0
2026-07-26 15:00:00+00:00,4059.7,4059.9,4059.7,4059.9,0.445,8.0
2026-07-26 15:05:00+00:00,4059.8,4059.9,4059.8,4059.8,0.043,8.0
2026-07-26 15:10:00+00:00,4059.7,4059.9,4059.7,4059.7,3.012,11.0
2026-07-26 15:15:00+00:00,4059.7,4059.8,4059.7,4059.7,0.035,8.0
2026-07-26 15:20:00+00:00,4059.7,4059.8,4059.7,4059.7,0.06,9.0
2026-07-26 15:25:00+00:00,4059.7,4059.8,4059.7,4059.7,0.039,6.0
2026-07-26 15:30:00+00:00,4059.8,4059.8,4059.7,4059.8,0.047,11.0
2026-07-26 15:35:00+00:00,4059.8,4059.8,4059.7,4059.8,0.602,8.0
2026-07-26 15:40:00+00:00,4059.8,4061.5,4059.7,4061.4,2.498,30.0
2026-07-26 15:45:00+00:00,4061.4,4061.5,4061.0,4061.4,1.203,11.0
2026-07-26 15:50:00+00:00,4061.5,4061.5,4061.4,4061.4,0.076,7.0
2026-07-26 15:55:00+00:00,4061.5,4061.5,4061.4,4061.4,0.122,7.0
2026-07-26 16:00:00+00:00,4061.4,4063.8,4061.4,4063.4,0.769,24.0
2026-07-26 16:05:00+00:00,4063.4,4063.5,4063.0,4063.0,0.066,11.0
2026-07-26 16:10:00+00:00,4062.8,4062.8,4062.5,4062.5,0.926,8.0
2026-07-26 16:15:00+00:00,4062.5,4063.1,4062.5,4063.1,0.039,6.0
2026-07-26 16:20:00+00:00,4063.3,4063.4,4063.2,4063.2,0.435,7.0
2026-07-26 16:25:00+00:00,4062.5,4063.4,4062.4,4063.4,0.072,9.0
2026-07-26 16:30:00+00:00,4064.1,4064.5,4064.1,4064.2,2.516,16.0
2026-07-26 16:35:00+00:00,4064.2,4064.4,4063.4,4063.6,0.935,11.0
2026-07-26 16:40:00+00:00,4063.6,4064.3,4063.5,4064.3,0.25,9.0
2026-07-26 16:45:00+00:00,4064.2,4064.4,4064.2,4064.2,2.484,15.0
2026-07-26 16:50:00+00:00,4064.2,4064.3,4063.7,4063.7,2.813,43.0
2026-07-26 16:55:00+00:00,4063.8,4063.8,4062.5,4062.5,0.119,7.0
2026-07-26 17:00:00+00:00,4062.5,4062.6,4062.4,4062.5,0.407,11.0
2026-07-26 17:05:00+00:00,4062.4,4062.5,4062.4,4062.5,0.024,5.0
2026-07-26 17:10:00+00:00,4062.5,4062.5,4062.4,4062.5,0.024,5.0
2026-07-26 17:15:00+00:00,4062.4,4062.4,4062.3,4062.3,0.995,13.0
2026-07-26 17:20:00+00:00,4062.2,4062.2,4061.7,4061.7,0.156,10.0
2026-07-26 17:25:00+00:00,4061.7,4061.7,4061.5,4061.5,0.019,4.0
2026-07-26 17:30:00+00:00,4061.5,4061.6,4061.5,4061.6,0.127,8.0
2026-07-26 17:35:00+00:00,4061.6,4061.6,4061.5,4061.5,0.032,8.0
2026-07-26 17:40:00+00:00,4061.6,4061.6,4061.5,4061.6,0.069,4.0
2026-07-26 17:45:00+00:00,4061.5,4062.5,4061.5,4062.5,2.085,19.0
2026-07-26 17:50:00+00:00,4062.5,4062.5,4062.4,4062.5,1.296,14.0
2026-07-26 17:55:00+00:00,4062.5,4062.5,4062.5,4062.5,1.182,13.0
2026-07-26 18:00:00+00:00,4062.5,4062.5,4062.4,4062.5,1.202,14.0
2026-07-26 18:05:00+00:00,4062.5,4062.5,4062.4,4062.5,1.289,16.0
2026-07-26 18:10:00+00:00,4062.5,4062.5,4062.5,4062.5,1.175,11.0
2026-07-26 18:15:00+00:00,4062.5,4062.5,4062.4,4062.5,1.375,15.0
2026-07-26 18:20:00+00:00,4062.5,4062.5,4062.3,4062.3,1.277,18.0
2026-07-26 18:25:00+00:00,4062.3,4062.3,4062.3,4062.3,1.201,10.0
2026-07-26 18:30:00+00:00,4062.3,4062.3,4062.2,4062.3,1.213,11.0
2026-07-26 18:35:00+00:00,4062.3,4062.3,4062.3,4062.3,1.156,10.0
2026-07-26 18:40:00+00:00,4062.3,4062.3,4062.2,4062.3,1.306,16.0
2026-07-26 18:45:00+00:00,4062.3,4062.3,4062.2,4062.3,1.572,13.0
2026-07-26 18:50:00+00:00,4062.3,4062.3,4062.3,4062.3,1.174,12.0
2026-07-26 18:55:00+00:00,4062.3,4062.3,4062.3,4062.3,1.169,12.0
2026-07-26 19:00:00+00:00,4062.3,4062.3,4061.4,4061.6,1.849,26.0
2026-07-26 19:05:00+00:00,4061.6,4061.6,4061.6,4061.6,1.164,12.0
2026-07-26 19:10:00+00:00,4061.6,4061.6,4061.6,4061.6,1.318,15.0
2026-07-26 19:15:00+00:00,4061.6,4061.6,4061.6,4061.6,1.279,16.0
2026-07-26 19:20:00+00:00,4061.6,4061.7,4061.6,4061.7,1.229,15.0
2026-07-26 19:25:00+00:00,4061.7,4061.7,4061.7,4061.7,1.205,12.0
2026-07-26 19:30:00+00:00,4061.7,4061.7,4061.7,4061.7,1.198,13.0
2026-07-26 19:35:00+00:00,4061.7,4061.9,4061.6,4061.9,1.273,23.0
2026-07-26 19:40:00+00:00,4061.9,4061.9,4061.8,4061.9,1.33,18.0
2026-07-26 19:45:00+00:00,4061.9,4061.9,4061.8,4061.9,1.425,15.0
2026-07-26 19:50:00+00:00,4061.9,4062.1,4061.8,4062.1,1.235,16.0
2026-07-26 19:55:00+00:00,4061.9,4061.9,4061.9,4061.9,1.212,13.0
2026-07-26 20:00:00+00:00,4061.8,4061.9,4061.6,4061.8,1.337,22.0
2026-07-26 20:05:00+00:00,4061.8,4061.9,4061.8,4061.9,1.206,13.0
2026-07-26 20:10:00+00:00,4061.9,4062.0,4061.8,4062.0,1.197,14.0
2026-07-26 20:15:00+00:00,4062.0,4062.0,4061.9,4062.0,1.184,14.0
2026-07-26 20:20:00+00:00,4062.0,4062.0,4062.0,4062.0,1.214,10.0
2026-07-26 20:25:00+00:00,4062.0,4062.0,4061.8,4062.0,2.014,20.0
2026-07-26 20:30:00+00:00,4062.0,4062.0,4061.9,4062.0,1.158,11.0
2026-07-26 20:35:00+00:00,4062.0,4062.2,4061.9,4062.2,1.249,12.0
2026-07-26 20:40:00+00:00,4062.1,4062.1,4061.4,4062.0,2.253,25.0
2026-07-26 20:45:00+00:00,4062.0,4062.3,4061.9,4062.3,1.219,15.0
2026-07-26 20:50:00+00:00,4062.4,4062.4,4062.3,4062.4,1.164,13.0
2026-07-26 20:55:00+00:00,4062.4,4062.4,4062.3,4062.4,1.191,12.0
2026-07-26 21:00:00+00:00,4062.5,4063.1,4062.5,4063.0,3.261,59.0
2026-07-26 21:05:00+00:00,4063.1,4064.4,4063.0,4064.4,2.965,39.0
2026-07-26 21:10:00+00:00,4064.4,4065.3,4064.4,4065.3,1.311,22.0
2026-07-26 21:15:00+00:00,4065.4,4065.6,4065.0,4065.3,1.671,23.0
2026-07-26 21:20:00+00:00,4065.2,4068.1,4065.1,4068.1,0.254,13.0
2026-07-26 21:25:00+00:00,4068.7,4069.5,4068.7,4069.4,0.311,7.0
2026-07-26 21:30:00+00:00,4069.4,4070.0,4069.4,4069.9,0.045,10.0
2026-07-26 21:35:00+00:00,4070.0,4070.0,4069.9,4069.9,0.111,10.0
2026-07-26 21:40:00+00:00,4069.9,4070.0,4069.9,4070.0,0.262,6.0
2026-07-26 21:45:00+00:00,4069.9,4070.0,4069.9,4069.9,0.052,8.0
2026-07-26 21:50:00+00:00,4070.0,4070.8,4070.0,4070.0,2.375,15.0
2026-07-26 21:55:00+00:00,4070.0,4071.4,4069.9,4071.4,2.161,8.0
2026-07-26 22:00:00+00:00,4071.7,4090.4,4071.7,4085.4,9.472,105.0
2026-07-26 22:05:00+00:00,4085.2,4086.5,4083.5,4083.5,13.991,105.0
2026-07-26 22:10:00+00:00,4084.2,4084.2,4081.5,4081.9,1.518,19.0
2026-07-26 22:15:00+00:00,4082.0,4082.0,4079.1,4081.4,1.78,22.0
2026-07-26 22:20:00+00:00,4081.9,4083.9,4081.9,4082.1,1.337,16.0
2026-07-26 22:25:00+00:00,4081.9,4081.9,4080.2,4080.7,0.808,19.0
2026-07-26 22:30:00+00:00,4080.7,4085.5,4080.6,4085.1,3.611,33.0
2026-07-26 22:35:00+00:00,4085.7,4086.3,4084.2,4084.5,7.923,52.0
2026-07-26 22:40:00+00:00,4084.7,4085.7,4084.7,4084.9,0.4,12.0
2026-07-26 22:45:00+00:00,4084.5,4085.8,4084.5,4084.8,0.896,15.0
2026-07-26 22:50:00+00:00,4084.4,4085.1,4084.4,4084.9,0.652,7.0
2026-07-26 22:55:00+00:00,4084.9,4084.9,4083.9,4084.3,0.178,9.0
2026-07-26 23:00:00+00:00,4083.3,4084.4,4081.2,4081.2,1.489,31.0
2026-07-26 23:05:00+00:00,4081.3,4081.3,4080.5,4080.5,8.166,28.0
2026-07-26 23:10:00+00:00,4080.5,4080.5,4078.9,4078.9,0.257,11.0
2026-07-26 23:15:00+00:00,4078.8,4078.9,4078.4,4078.6,0.529,8.0
2026-07-26 23:20:00+00:00,4078.6,4079.1,4077.6,4077.6,0.686,15.0
2026-07-26 23:25:00+00:00,4077.4,4078.0,4077.4,4077.5,0.692,8.0
2026-07-26 23:30:00+00:00,4077.8,4078.4,4077.8,4078.4,0.041,9.0
2026-07-26 23:35:00+00:00,4078.5,4079.4,4078.5,4079.3,0.772,15.0
2026-07-26 23:40:00+00:00,4079.3,4081.2,4079.3,4081.2,0.245,14.0
2026-07-26 23:45:00+00:00,4081.3,4086.2,4081.3,4086.1,10.697,52.0
2026-07-26 23:50:00+00:00,4087.2,4088.1,4086.3,4086.4,2.958,21.0
2026-07-26 23:55:00+00:00,4086.3,4086.9,4085.9,4086.6,0.139,10.0
2026-07-27 00:00:00+00:00,4087.8,4096.6,4087.8,4094.4,22.932,181.0
2026-07-27 00:05:00+00:00,4094.4,4099.0,4092.9,4099.0,1.977,37.0
2026-07-27 00:10:00+00:00,4099.4,4107.6,4099.4,4107.6,7.858,41.0
2026-07-27 00:15:00+00:00,4107.2,4107.2,4100.4,4100.4,2.385,21.0
2026-07-27 00:20:00+00:00,4099.0,4099.0,4094.1,4094.3,0.941,16.0
2026-07-27 00:25:00+00:00,4093.1,4093.1,4084.0,4086.1,6.447,44.0
2026-07-27 00:30:00+00:00,4086.3,4091.2,4086.3,4091.2,8.836,35.0
2026-07-27 00:35:00+00:00,4091.7,4093.9,4091.6,4093.6,0.459,18.0
2026-07-27 00:40:00+00:00,4091.6,4093.3,4091.3,4092.4,1.64,16.0
2026-07-27 00:45:00+00:00,4092.2,4096.8,4092.2,4096.8,0.393,11.0
2026-07-27 00:50:00+00:00,4097.8,4099.9,4097.8,4098.0,3.519,19.0
2026-07-27 00:55:00+00:00,4097.7,4097.7,4095.6,4095.6,0.319,7.0
2026-07-27 01:00:00+00:00,4097.1,4102.3,4097.1,4098.7,1.159,27.0
2026-07-27 01:05:00+00:00,4100.8,4102.6,4098.7,4098.8,3.512,44.0
2026-07-27 01:10:00+00:00,4100.3,4101.6,4098.7,4100.0,0.441,11.0
2026-07-27 01:15:00+00:00,4099.7,4100.9,4095.3,4095.3,0.759,19.0
2026-07-27 01:20:00+00:00,4094.5,4094.5,4093.3,4093.5,0.801,13.0
2026-07-27 01:25:00+00:00,4092.5,4092.5,4089.6,4091.1,0.89,9.0
2026-07-27 01:30:00+00:00,4092.5,4094.4,4091.9,4093.0,0.067,8.0
2026-07-27 01:35:00+00:00,4090.3,4094.3,4089.9,4094.3,0.087,7.0
2026-07-27 01:40:00+00:00,4094.6,4095.3,4094.4,4094.6,0.099,8.0
2026-07-27 01:45:00+00:00,4095.2,4097.4,4095.2,4097.3,0.51,12.0
2026-07-27 01:50:00+00:00,4096.3,4099.2,4096.1,4099.2,0.385,20.0
2026-07-27 01:55:00+00:00,4099.5,4100.4,4098.1,4100.4,1.536,14.0
2026-07-27 02:00:00+00:00,4101.0,4101.8,4098.2,4098.2,1.769,15.0
2026-07-27 02:05:00+00:00,4098.0,4098.0,4096.7,4096.7,2.67,14.0
2026-07-27 02:10:00+00:00,4096.8,4096.9,4096.5,4096.6,30.04,14.0
2026-07-27 02:15:00+00:00,4096.6,4096.9,4095.8,4096.0,0.088,10.0
2026-07-27 02:20:00+00:00,4096.0,4096.0,4094.3,4094.3,0.24,13.0
2026-07-27 02:25:00+00:00,4096.6,4097.0,4095.0,4095.0,0.493,9.0
2026-07-27 02:30:00+00:00,4092.5,4093.7,4092.5,4093.7,0.023,4.0
2026-07-27 02:35:00+00:00,4091.7,4092.3,4090.0,4090.1,2.261,15.0
2026-07-27 02:40:00+00:00,4090.0,4090.0,4088.0,4088.4,0.312,7.0
2026-07-27 02:45:00+00:00,4088.7,4088.7,4087.2,4087.2,4.796,14.0
2026-07-27 02:50:00+00:00,4086.5,4088.1,4086.5,4087.9,0.096,8.0
2026-07-27 02:55:00+00:00,4088.3,4088.3,4087.3,4087.4,0.052,5.0
2026-07-27 03:00:00+00:00,4086.0,4087.6,4084.3,4084.4,0.707,30.0
2026-07-27 03:05:00+00:00,4084.3,4084.5,4084.2,4084.2,0.023,6.0
2026-07-27 03:10:00+00:00,4084.0,4084.0,4082.0,4083.1,1.242,12.0
2026-07-27 03:15:00+00:00,4083.0,4085.1,4083.0,4085.1,0.296,9.0
2026-07-27 03:20:00+00:00,4084.2,4084.2,4081.8,4081.9,0.51,10.0
2026-07-27 03:25:00+00:00,4081.8,4081.8,4079.2,4079.8,0.691,13.0
2026-07-27 03:30:00+00:00,4078.8,4082.1,4078.8,4082.1,0.016,4.0
2026-07-27 03:35:00+00:00,4082.6,4082.6,4081.2,4081.7,0.025,5.0
2026-07-27 03:40:00+00:00,4081.7,4083.1,4081.7,4083.1,0.011,3.0
2026-07-27 03:45:00+00:00,4082.8,4082.8,4081.7,4081.9,0.092,7.0
2026-07-27 03:50:00+00:00,4082.1,4082.6,4082.0,4082.6,0.017,4.0
2026-07-27 03:55:00+00:00,4081.7,4083.2,4081.7,4083.2,0.037,7.0
2026-07-27 04:00:00+00:00,4083.6,4085.1,4083.6,4084.3,0.858,16.0
2026-07-27 04:05:00+00:00,4084.1,4084.1,4083.8,4083.8,0.08,8.0
2026-07-27 04:10:00+00:00,4083.7,4083.7,4081.7,4082.5,1.051,17.0
2026-07-27 04:15:00+00:00,4082.2,4082.3,4079.9,4079.9,0.035,7.0
2026-07-27 04:20:00+00:00,4079.8,4082.0,4079.8,4081.8,0.489,12.0
2026-07-27 04:25:00+00:00,4081.6,4081.7,4080.5,4081.4,0.279,8.0
2026-07-27 04:30:00+00:00,4082.1,4083.2,4082.1,4083.1,0.016,4.0
2026-07-27 04:35:00+00:00,4084.1,4084.6,4084.0,4084.0,0.027,5.0
2026-07-27 04:40:00+00:00,4084.1,4084.4,4084.0,4084.4,0.029,6.0
2026-07-27 04:45:00+00:00,4083.3,4083.4,4082.9,4083.1,0.066,10.0
2026-07-27 04:50:00+00:00,4082.9,4083.0,4082.5,4082.6,0.899,15.0
2026-07-27 04:55:00+00:00,4082.9,4083.0,4082.9,4082.9,0.126,8.0
2026-07-27 05:00:00+00:00,4082.8,4084.0,4082.8,4084.0,6.108,29.0
2026-07-27 05:05:00+00:00,4083.6,4086.5,4083.6,4086.4,1.676,22.0
2026-07-27 05:10:00+00:00,4086.5,4087.3,4086.5,4087.3,0.019,4.0
2026-07-27 05:15:00+00:00,4087.2,4087.2,4085.4,4085.4,0.166,9.0
2026-07-27 05:20:00+00:00,4085.3,4085.3,4083.3,4083.3,0.073,7.0
2026-07-27 05:25:00+00:00,4083.2,4083.2,4079.7,4080.5,6.661,35.0
2026-07-27 05:30:00+00:00,4081.8,4081.8,4079.6,4080.2,0.023,5.0
2026-07-27 05:35:00+00:00,4079.6,4082.1,4079.6,4082.1,1.185,11.0
2026-07-27 05:40:00+00:00,4082.3,4082.3,4081.1,4081.1,0.135,6.0
2026-07-27 05:45:00+00:00,4081.1,4081.1,4078.0,4079.0,0.31,8.0
2026-07-27 05:50:00+00:00,4079.1,4079.9,4078.1,4079.9,3.269,23.0
2026-07-27 05:55:00+00:00,4080.8,4085.2,4080.8,4085.1,1.211,14.0
2026-07-27 06:00:00+00:00,4085.1,4086.2,4085.1,4085.2,5.761,17.0
2026-07-27 06:05:00+00:00,4086.3,4086.4,4085.8,4085.9,0.028,5.0
2026-07-27 06:10:00+00:00,4086.6,4088.0,4086.3,4086.3,1.007,14.0
2026-07-27 06:15:00+00:00,4087.0,4087.8,4087.0,4087.8,0.022,5.0
2026-07-27 06:20:00+00:00,4085.1,4086.3,4084.7,4086.3,0.023,8.0
2026-07-27 06:25:00+00:00,4086.7,4088.4,4086.7,4087.4,0.216,7.0
2026-07-27 06:30:00+00:00,4088.2,4088.7,4087.3,4087.8,1.085,9.0
2026-07-27 06:35:00+00:00,4088.4,4090.5,4088.4,4090.5,9.5,33.0
2026-07-27 06:40:00+00:00,4090.6,4090.7,4089.3,4090.7,0.046,9.0
2026-07-27 06:45:00+00:00,4090.5,4090.5,4089.9,4090.1,0.036,7.0
2026-07-27 06:50:00+00:00,4089.7,4089.7,4087.8,4089.1,0.04,7.0
2026-07-27 06:55:00+00:00,4088.4,4089.4,4088.4,4088.8,0.062,7.0
2026-07-27 07:00:00+00:00,4090.3,4092.3,4090.2,4090.9,1.172,13.0
2026-07-27 07:05:00+00:00,4092.1,4092.1,4090.0,4090.0,1.022,14.0
2026-07-27 07:10:00+00:00,4089.9,4092.4,4089.8,4092.4,3.073,21.0
2026-07-27 07:15:00+00:00,4092.7,4095.7,4092.2,4095.7,12.089,44.0
2026-07-27 07:20:00+00:00,4095.3,4097.1,4095.3,4096.5,1.87,20.0
2026-07-27 07:25:00+00:00,4097.1,4097.1,4095.3,4095.3,0.022,6.0
2026-07-27 07:30:00+00:00,4094.9,4094.9,4094.2,4094.2,0.105,10.0
2026-07-27 07:35:00+00:00,4094.9,4094.9,4091.0,4091.0,0.028,5.0
2026-07-27 07:40:00+00:00,4091.0,4091.0,4089.2,4089.2,0.033,7.0
2026-07-27 07:45:00+00:00,4090.3,4090.5,4089.2,4089.4,0.033,7.0
2026-07-27 07:50:00+00:00,4089.3,4089.3,4085.8,4085.8,0.75,12.0
2026-07-27 07:55:00+00:00,4086.0,4086.0,4081.5,4081.5,0.332,11.0
2026-07-27 08:00:00+00:00,4083.6,4083.6,4080.9,4080.9,0.415,11.0
2026-07-27 08:05:00+00:00,4080.8,4083.4,4080.2,4083.0,2.305,27.0
2026-07-27 08:10:00+00:00,4082.6,4083.6,4082.6,4083.6,0.057,5.0
2026-07-27 08:15:00+00:00,4082.9,4082.9,4082.6,4082.9,0.028,5.0
2026-07-27 08:20:00+00:00,4082.6,4083.2,4081.5,4083.2,0.116,8.0
2026-07-27 08:25:00+00:00,4083.1,4083.8,4083.1,4083.3,0.057,10.0
2026-07-27 08:30:00+00:00,4082.7,4082.9,4081.4,4081.4,0.239,11.0
2026-07-27 08:35:00+00:00,4080.7,4082.6,4080.7,4082.6,0.021,4.0
2026-07-27 08:40:00+00:00,4082.7,4084.0,4082.5,4084.0,2.866,38.0
2026-07-27 08:45:00+00:00,4083.9,4085.5,4083.9,4085.4,0.034,7.0
2026-07-27 08:50:00+00:00,4085.4,4085.7,4085.2,4085.7,11.811,213.0
2026-07-27 08:55:00+00:00,4087.1,4088.9,4087.0,4088.9,0.06,10.0
2026-07-27 09:00:00+00:00,4088.8,4088.8,4088.1,4088.4,8.065,200.0
2026-07-27 09:05:00+00:00,4088.6,4090.3,4088.3,4088.3,2.312,75.0
2026-07-27 09:10:00+00:00,4088.3,4088.3,4087.0,4087.0,2.371,69.0
2026-07-27 09:15:00+00:00,4086.7,4086.9,4086.4,4086.4,0.018,5.0
2026-07-27 09:20:00+00:00,4086.3,4087.0,4085.9,4085.9,0.034,7.0
2026-07-27 09:25:00+00:00,4086.0,4087.3,4085.2,4085.2,6.874,161.0
2026-07-27 09:30:00+00:00,4084.4,4085.9,4084.2,4084.2,2.547,50.0
2026-07-27 09:35:00+00:00,4084.3,4086.3,4084.2,4084.3,0.788,11.0
2026-07-27 09:40:00+00:00,4084.8,4086.5,4084.2,4086.5,0.164,11.0
2026-07-27 09:45:00+00:00,4086.6,4090.1,4086.5,4090.1,0.368,12.0
2026-07-27 09:50:00+00:00,4090.0,4090.7,4089.3,4090.1,0.169,10.0
2026-07-27 09:55:00+00:00,4090.8,4092.2,4090.3,4090.3,0.116,13.0
2026-07-27 10:00:00+00:00,4089.3,4089.4,4087.7,4088.7,8.119,76.0
2026-07-27 10:05:00+00:00,4088.7,4088.7,4087.3,4087.3,7.175,88.0
2026-07-27 10:10:00+00:00,4087.3,4087.3,4080.9,4083.6,1.251,43.0
2026-07-27 10:15:00+00:00,4084.1,4084.2,4083.4,4083.6,0.169,6.0
2026-07-27 10:20:00+00:00,4084.1,4086.1,4084.1,4085.9,10.051,11.0
2026-07-27 10:25:00+00:00,4086.3,4086.6,4086.0,4086.2,0.351,14.0
2026-07-27 10:30:00+00:00,4087.1,4087.9,4087.1,4087.9,0.032,5.0
2026-07-27 10:35:00+00:00,4087.9,4090.9,4087.9,4090.9,0.156,16.0
2026-07-27 10:40:00+00:00,4090.8,4093.3,4090.8,4093.2,0.624,9.0
2026-07-27 10:45:00+00:00,4093.0,4094.0,4093.0,4094.0,0.073,5.0
2026-07-27 10:50:00+00:00,4094.0,4094.0,4092.1,4093.9,0.212,8.0
2026-07-27 10:55:00+00:00,4092.8,4092.8,4092.1,4092.1,1.457,7.0
2026-07-27 11:00:00+00:00,4092.7,4092.7,4091.0,4091.0,0.075,12.0
2026-07-27 11:05:00+00:00,4090.9,4095.5,4090.9,4095.5,0.394,22.0
2026-07-27 11:10:00+00:00,4095.4,4096.6,4095.1,4095.1,0.259,12.0
2026-07-27 11:15:00+00:00,4094.8,4095.6,4094.2,4094.2,1.41,10.0
2026-07-27 11:20:00+00:00,4094.1,4094.1,4092.9,4093.4,0.029,4.0
2026-07-27 11:25:00+00:00,4092.5,4093.3,4092.1,4093.3,0.149,12.0
2026-07-27 11:30:00+00:00,4090.9,4092.0,4089.8,4089.8,0.079,15.0
2026-07-27 11:35:00+00:00,4089.9,4091.5,4089.9,4091.1,0.032,6.0
2026-07-27 11:40:00+00:00,4089.7,4090.5,4087.2,4088.5,0.845,17.0
2026-07-27 11:45:00+00:00,4088.6,4088.6,4086.7,4088.3,1.939,22.0
2026-07-27 11:50:00+00:00,4088.3,4089.2,4086.8,4086.8,0.043,6.0
2026-07-27 11:55:00+00:00,4086.9,4086.9,4086.4,4086.4,0.041,6.0
2026-07-27 12:00:00+00:00,4086.5,4089.7,4086.5,4089.2,3.505,13.0
2026-07-27 12:05:00+00:00,4089.1,4089.1,4087.6,4087.6,0.162,15.0
2026-07-27 12:10:00+00:00,4087.4,4087.4,4079.2,4079.7,4.309,33.0
2026-07-27 12:15:00+00:00,4080.0,4081.0,4075.5,4075.5,3.818,28.0
2026-07-27 12:20:00+00:00,4076.4,4076.7,4074.6,4075.1,0.101,9.0
2026-07-27 12:25:00+00:00,4075.0,4080.7,4075.0,4080.5,20.147,69.0
2026-07-27 12:30:00+00:00,4079.4,4080.6,4075.8,4076.6,0.17,9.0
2026-07-27 12:35:00+00:00,4079.7,4080.1,4077.8,4080.1,0.662,16.0
2026-07-27 12:40:00+00:00,4078.6,4078.6,4077.2,4078.6,2.474,10.0
2026-07-27 12:45:00+00:00,4079.3,4080.0,4076.5,4077.3,1.113,10.0
2026-07-27 12:50:00+00:00,4074.7,4078.1,4074.7,4076.0,0.124,8.0
2026-07-27 12:55:00+00:00,4074.6,4078.2,4074.6,4078.2,0.044,7.0
2026-07-27 13:00:00+00:00,4076.7,4080.2,4076.7,4077.4,2.344,30.0
2026-07-27 13:05:00+00:00,4077.1,4077.1,4076.2,4076.2,0.044,10.0
2026-07-27 13:10:00+00:00,4075.9,4079.6,4074.7,4077.9,0.222,8.0
2026-07-27 13:15:00+00:00,4078.9,4078.9,4074.5,4075.6,0.944,10.0
2026-07-27 13:20:00+00:00,4075.3,4076.7,4074.4,4076.7,2.03,13.0
2026-07-27 13:25:00+00:00,4075.9,4076.8,4069.3,4069.3,4.663,23.0
2026-07-27 13:30:00+00:00,4071.0,4072.9,4071.0,4072.9,0.064,6.0
2026-07-27 13:35:00+00:00,4074.0,4079.6,4073.7,4079.6,0.839,15.0
2026-07-27 13:40:00+00:00,4078.3,4082.0,4077.4,4079.7,4.25,31.0
2026-07-27 13:45:00+00:00,4079.8,4080.7,4078.3,4079.3,0.759,14.0
2026-07-27 13:50:00+00:00,4080.5,4081.4,4077.2,4077.2,2.053,17.0
2026-07-27 13:55:00+00:00,4075.9,4075.9,4064.1,4066.1,3.347,25.0
2026-07-27 14:00:00+00:00,4066.8,4071.0,4063.9,4069.0,8.619,63.0
2026-07-27 14:05:00+00:00,4068.9,4071.2,4067.9,4071.2,0.893,34.0
2026-07-27 14:10:00+00:00,4071.2,4071.2,4067.5,4069.1,1.296,16.0
2026-07-27 14:15:00+00:00,4071.3,4071.3,4069.2,4071.2,0.922,11.0
2026-07-27 14:20:00+00:00,4069.2,4069.2,4066.0,4066.0,2.603,21.0
2026-07-27 14:25:00+00:00,4065.8,4065.8,4059.5,4061.6,11.716,38.0
2026-07-27 14:30:00+00:00,4060.0,4061.6,4059.3,4059.9,4.982,27.0
2026-07-27 14:35:00+00:00,4060.4,4062.1,4058.8,4059.6,17.89,54.0
2026-07-27 14:40:00+00:00,4060.6,4061.4,4058.2,4060.5,41.718,65.0
2026-07-27 14:45:00+00:00,4060.4,4064.9,4060.4,4062.6,17.745,55.0
2026-07-27 14:50:00+00:00,4063.8,4067.2,4063.8,4067.1,1.662,16.0
2026-07-27 14:55:00+00:00,4066.0,4069.4,4065.0,4069.4,0.486,10.0
2026-07-27 15:00:00+00:00,4069.3,4069.3,4064.4,4067.0,0.841,28.0
2026-07-27 15:05:00+00:00,4067.1,4067.1,4065.9,4066.9,1.291,7.0
2026-07-27 15:10:00+00:00,4065.3,4068.4,4065.3,4068.4,2.273,30.0
2026-07-27 15:15:00+00:00,4069.5,4070.7,4069.5,4070.7,8.272,26.0
2026-07-27 15:20:00+00:00,4070.7,4071.8,4068.7,4068.8,0.846,19.0
2026-07-27 15:25:00+00:00,4068.8,4069.2,4068.1,4069.2,0.492,14.0
2026-07-27 15:30:00+00:00,4068.5,4070.5,4066.8,4066.8,0.291,10.0
2026-07-27 15:35:00+00:00,4066.7,4067.7,4066.7,4066.7,0.167,8.0
2026-07-27 15:40:00+00:00,4066.7,4069.3,4066.7,4069.2,0.038,6.0
2026-07-27 15:45:00+00:00,4069.5,4069.9,4068.5,4069.5,0.538,14.0
2026-07-27 15:50:00+00:00,4070.3,4072.4,4070.3,4072.2,0.057,8.0
2026-07-27 15:55:00+00:00,4071.5,4072.4,4071.5,4072.1,0.045,8.0
2026-07-27 16:00:00+00:00,4072.2,4072.5,4072.2,4072.5,0.296,16.0
2026-07-27 16:05:00+00:00,4072.6,4077.5,4072.3,4077.5,3.155,34.0
2026-07-27 16:10:00+00:00,4077.5,4077.5,4074.7,4074.7,4.321,29.0
2026-07-27 16:15:00+00:00,4075.0,4075.0,4073.8,4073.9,0.032,7.0
2026-07-27 16:20:00+00:00,4075.5,4075.7,4075.1,4075.1,0.617,9.0
2026-07-27 16:25:00+00:00,4075.2,4080.8,4075.2,4078.2,3.325,34.0
2026-07-27 16:30:00+00:00,4078.2,4084.1,4078.2,4083.6,0.144,13.0
2026-07-27 16:35:00+00:00,4085.0,4086.7,4084.4,4084.4,0.687,13.0
2026-07-27 16:40:00+00:00,4083.8,4083.9,4081.8,4081.8,0.183,8.0
2026-07-27 16:45:00+00:00,4081.6,4081.6,4078.1,4078.2,0.079,13.0
2026-07-27 16:50:00+00:00,4078.1,4078.1,4075.7,4076.0,4.826,62.0
2026-07-27 16:55:00+00:00,4075.9,4076.0,4075.8,4076.0,0.016,4.0
2026-07-27 17:00:00+00:00,4074.9,4074.9,4070.6,4070.6,0.457,23.0
2026-07-27 17:05:00+00:00,4070.6,4070.6,4068.4,4069.3,0.828,12.0
2026-07-27 17:10:00+00:00,4069.2,4069.2,4066.2,4068.1,1.067,13.0
2026-07-27 17:15:00+00:00,4068.0,4068.9,4067.7,4067.9,0.114,6.0
2026-07-27 17:20:00+00:00,4068.9,4069.4,4068.1,4068.1,0.322,10.0
2026-07-27 17:25:00+00:00,4067.7,4069.6,4067.7,4069.6,0.28,12.0
2026-07-27 17:30:00+00:00,4069.6,4069.6,4067.9,4067.9,0.35,10.0
2026-07-27 17:35:00+00:00,4066.9,4068.2,4066.9,4067.4,0.133,8.0
2026-07-27 17:40:00+00:00,4067.4,4068.2,4067.4,4068.1,0.045,7.0
2026-07-27 17:45:00+00:00,4068.0,4069.2,4067.5,4069.2,0.158,6.0
2026-07-27 17:50:00+00:00,4069.1,4070.4,4069.1,4069.8,0.262,17.0
2026-07-27 17:55:00+00:00,4069.9,4070.6,4069.9,4070.5,0.635,14.0
2026-07-27 18:00:00+00:00,4070.6,4072.3,4070.6,4072.3,0.11,9.0
2026-07-27 18:05:00+00:00,4072.0,4072.4,4072.0,4072.3,0.306,8.0
2026-07-27 18:10:00+00:00,4072.3,4072.3,4071.0,4071.0,0.105,9.0
2026-07-27 18:15:00+00:00,4071.1,4071.1,4069.4,4069.7,0.068,12.0
2026-07-27 18:20:00+00:00,4069.4,4070.8,4069.3,4070.8,1.075,15.0
2026-07-27 18:25:00+00:00,4070.9,4071.0,4070.6,4071.0,0.044,8.0
2026-07-27 18:30:00+00:00,4071.1,4071.4,4070.9,4071.0,0.459,14.0
2026-07-27 18:35:00+00:00,4069.5,4069.5,4069.1,4069.1,0.117,8.0
2026-07-27 18:40:00+00:00,4069.0,4072.8,4068.7,4071.8,1.89,30.0
2026-07-27 18:45:00+00:00,4070.9,4071.0,4069.9,4070.0,0.196,12.0
2026-07-27 18:50:00+00:00,4070.0,4072.1,4069.9,4072.1,0.052,7.0
2026-07-27 18:55:00+00:00,4072.1,4072.9,4072.1,4072.4,0.567,9.0
2026-07-27 19:00:00+00:00,4072.2,4072.2,4071.6,4071.6,0.101,10.0
2026-07-27 19:05:00+00:00,4071.5,4073.3,4071.5,4073.2,0.194,15.0
2026-07-27 19:10:00+00:00,4073.5,4075.0,4073.5,4074.4,0.049,17.0
2026-07-27 19:15:00+00:00,4074.4,4075.9,4073.7,4075.9,10.053,24.0
2026-07-27 19:20:00+00:00,4078.1,4082.0,4078.1,4078.3,0.615,18.0
2026-07-27 19:25:00+00:00,4078.6,4078.6,4077.4,4078.4,0.048,13.0
2026-07-27 19:30:00+00:00,4079.4,4079.9,4078.5,4079.3,0.266,11.0
2026-07-27 19:35:00+00:00,4079.3,4079.9,4079.3,4079.7,0.033,11.0
2026-07-27 19:40:00+00:00,4080.2,4080.2,4079.5,4080.2,0.06,12.0
2026-07-27 19:45:00+00:00,4080.7,4082.0,4080.4,4081.9,0.184,14.0
2026-07-27 19:50:00+00:00,4082.5,4082.5,4080.2,4080.9,0.116,18.0
2026-07-27 19:55:00+00:00,4080.9,4080.9,4076.7,4077.0,0.209,19.0
2026-07-27 20:00:00+00:00,4077.4,4077.5,4076.2,4076.2,1.043,35.0
2026-07-27 20:05:00+00:00,4076.2,4076.2,4076.0,4076.1,0.716,17.0
2026-07-27 20:10:00+00:00,4076.2,4076.3,4075.6,4076.0,2.735,19.0
2026-07-27 20:15:00+00:00,4076.0,4076.0,4075.2,4075.2,0.507,18.0
2026-07-27 20:20:00+00:00,4075.2,4075.2,4074.1,4074.1,0.081,15.0
2026-07-27 20:25:00+00:00,4074.1,4074.8,4073.0,4073.0,0.08,14.0
2026-07-27 20:30:00+00:00,4072.6,4072.6,4071.2,4071.2,0.434,18.0
2026-07-27 20:35:00+00:00,4071.2,4071.3,4070.2,4070.2,0.074,12.0
2026-07-27 20:40:00+00:00,4070.2,4070.9,4070.2,4070.7,0.033,10.0
2026-07-27 20:45:00+00:00,4070.8,4070.8,4070.1,4070.2,0.033,10.0
2026-07-27 20:50:00+00:00,4070.2,4070.2,4069.6,4070.0,0.651,13.0
2026-07-27 20:55:00+00:00,4070.1,4070.6,4069.8,4070.2,0.269,24.0
2026-07-27 21:00:00+00:00,4070.2,4070.7,4070.2,4070.6,0.07,11.0
2026-07-27 21:05:00+00:00,4070.7,4070.7,4070.7,4070.7,0.05,11.0
2026-07-27 21:10:00+00:00,4070.7,4072.9,4070.6,4072.9,0.138,22.0
2026-07-27 21:15:00+00:00,4072.9,4072.9,4072.9,4072.9,0.039,11.0
2026-07-27 21:20:00+00:00,4072.9,4072.9,4072.6,4072.6,0.069,13.0
2026-07-27 21:25:00+00:00,4072.6,4072.6,4072.0,4072.0,0.033,10.0
2026-07-27 21:30:00+00:00,4072.0,4072.0,4071.9,4072.0,0.043,11.0
2026-07-27 21:35:00+00:00,4072.0,4072.0,4071.1,4071.1,0.097,14.0
2026-07-27 21:40:00+00:00,4071.1,4071.1,4070.3,4070.3,0.696,24.0
2026-07-27 21:45:00+00:00,4070.3,4070.3,4070.3,4070.3,0.057,11.0
2026-07-27 21:50:00+00:00,4070.3,4070.3,4070.3,4070.3,0.033,10.0
2026-07-27 21:55:00+00:00,4070.3,4070.3,4069.9,4069.9,0.036,11.0
2026-07-27 22:00:00+00:00,4069.9,4072.7,4069.9,4072.7,11.818,80.0
2026-07-27 22:05:00+00:00,4072.7,4073.4,4072.7,4073.3,5.511,73.0
2026-07-27 22:10:00+00:00,4073.2,4073.3,4071.1,4071.2,15.625,72.0
2026-07-27 22:15:00+00:00,4071.2,4071.2,4071.1,4071.2,1.636,15.0
2026-07-27 22:20:00+00:00,4071.2,4071.2,4067.4,4067.4,32.676,81.0
2026-07-27 22:25:00+00:00,4067.3,4067.3,4065.5,4066.4,5.741,42.0
2026-07-27 22:30:00+00:00,4066.4,4067.7,4066.4,4067.7,1.359,16.0
2026-07-27 22:35:00+00:00,4067.7,4068.1,4067.7,4068.1,1.716,22.0
2026-07-27 22:40:00+00:00,4068.1,4068.1,4068.0,4068.1,4.288,58.0
2026-07-27 22:45:00+00:00,4068.1,4068.1,4068.0,4068.1,3.558,39.0
2026-07-27 22:50:00+00:00,4068.1,4068.1,4068.0,4068.1,0.937,28.0
2026-07-27 22:55:00+00:00,4068.1,4068.1,4068.0,4068.0,11.973,146.0
2026-07-27 23:00:00+00:00,4068.0,4068.0,4065.0,4066.0,11.582,89.0
2026-07-27 23:05:00+00:00,4066.0,4067.0,4066.0,4066.9,22.593,44.0
2026-07-27 23:10:00+00:00,4066.9,4067.5,4066.9,4067.5,0.04,8.0
2026-07-27 23:15:00+00:00,4067.5,4067.9,4067.4,4067.5,5.046,16.0
2026-07-27 23:20:00+00:00,4066.9,4066.9,4066.7,4066.9,0.091,7.0
2026-07-27 23:25:00+00:00,4066.8,4066.9,4066.2,4066.2,1.513,12.0
2026-07-27 23:30:00+00:00,4066.2,4066.3,4066.2,4066.3,0.56,6.0
2026-07-27 23:35:00+00:00,4066.8,4066.8,4066.2,4066.5,1.468,17.0
2026-07-27 23:40:00+00:00,4066.5,4066.5,4065.8,4065.8,1.46,26.0
2026-07-27 23:45:00+00:00,4065.8,4065.8,4063.4,4064.0,2.207,28.0
2026-07-27 23:50:00+00:00,4063.9,4065.3,4063.9,4065.3,3.147,22.0
2026-07-27 23:55:00+00:00,4065.2,4065.5,4065.2,4065.5,1.445,6.0
2026-07-28 00:00:00+00:00,4066.1,4066.5,4061.9,4061.9,1.842,39.0
2026-07-28 00:05:00+00:00,4061.0,4061.0,4056.3,4060.1,26.844,92.0
2026-07-28 00:10:00+00:00,4060.1,4060.5,4059.1,4060.1,2.403,22.0
2026-07-28 00:15:00+00:00,4060.0,4060.0,4056.2,4058.3,3.498,27.0
2026-07-28 00:20:00+00:00,4059.0,4059.2,4054.9,4055.1,9.615,17.0
2026-07-28 00:25:00+00:00,4054.9,4055.4,4053.7,4054.4,14.115,65.0
2026-07-28 00:30:00+00:00,4055.0,4057.2,4054.2,4057.0,88.206,126.0
2026-07-28 00:35:00+00:00,4056.9,4057.0,4056.8,4057.0,3.94,32.0
2026-07-28 00:40:00+00:00,4056.1,4057.4,4056.1,4057.4,18.561,114.0
2026-07-28 00:45:00+00:00,4057.4,4057.4,4052.6,4053.3,3.648,15.0
2026-07-28 00:50:00+00:00,4052.8,4052.9,4051.7,4051.9,0.967,11.0
2026-07-28 00:55:00+00:00,4054.2,4054.2,4051.3,4051.3,0.122,9.0
2026-07-28 01:00:00+00:00,4051.0,4052.5,4048.3,4052.5,4.139,51.0
2026-07-28 01:05:00+00:00,4050.3,4050.3,4048.2,4048.2,0.187,13.0
2026-07-28 01:10:00+00:00,4050.4,4050.4,4048.7,4050.1,0.356,9.0
2026-07-28 01:15:00+00:00,4051.5,4051.5,4047.5,4047.5,0.208,11.0
2026-07-28 01:20:00+00:00,4047.4,4047.4,4042.5,4042.6,88.708,83.0
2026-07-28 01:25:00+00:00,4042.9,4042.9,4039.7,4039.7,100.458,82.0
2026-07-28 01:30:00+00:00,4042.1,4042.3,4037.5,4037.6,1.392,18.0
2026-07-28 01:35:00+00:00,4040.3,4042.5,4040.3,4041.8,1.229,13.0
2026-07-28 01:40:00+00:00,4041.8,4042.3,4040.4,4040.4,0.639,10.0
2026-07-28 01:45:00+00:00,4041.1,4041.1,4038.9,4038.9,1.613,13.0
2026-07-28 01:50:00+00:00,4038.8,4039.2,4036.9,4037.4,2.312,16.0
2026-07-28 01:55:00+00:00,4037.6,4037.7,4037.4,4037.5,0.068,8.0
2026-07-28 02:00:00+00:00,4038.3,4038.4,4036.7,4036.7,4.247,30.0
2026-07-28 02:05:00+00:00,4036.8,4038.9,4036.3,4038.9,1.438,30.0
2026-07-28 02:10:00+00:00,4038.9,4039.8,4038.9,4039.8,1.399,16.0
2026-07-28 02:15:00+00:00,4038.9,4040.9,4038.9,4040.9,0.03,7.0
2026-07-28 02:20:00+00:00,4041.5,4041.5,4041.2,4041.2,0.058,7.0
2026-07-28 02:25:00+00:00,4040.8,4041.3,4039.0,4039.1,0.777,7.0
2026-07-28 02:30:00+00:00,4039.6,4040.3,4039.3,4039.5,0.727,7.0
2026-07-28 02:35:00+00:00,4039.5,4039.7,4038.7,4038.7,0.262,9.0
2026-07-28 02:40:00+00:00,4038.4,4038.4,4035.9,4036.8,1.961,21.0
2026-07-28 02:45:00+00:00,4037.1,4038.2,4036.5,4036.5,0.475,14.0
2026-07-28 02:50:00+00:00,4038.3,4038.3,4036.4,4038.0,0.935,10.0
2026-07-28 02:55:00+00:00,4036.6,4036.7,4035.1,4035.8,3.468,21.0
2026-07-28 03:00:00+00:00,4035.5,4035.9,4034.5,4035.9,0.083,12.0
2026-07-28 03:05:00+00:00,4036.2,4037.8,4036.2,4037.8,0.096,11.0
2026-07-28 03:10:00+00:00,4038.6,4040.0,4038.6,4040.0,0.032,5.0
2026-07-28 03:15:00+00:00,4039.4,4041.9,4039.3,4041.9,0.291,11.0
2026-07-28 03:20:00+00:00,4041.9,4041.9,4040.5,4041.6,0.429,14.0
2026-07-28 03:25:00+00:00,4041.5,4041.5,4040.3,4040.6,0.204,7.0
2026-07-28 03:30:00+00:00,4041.9,4043.7,4041.8,4043.7,0.27,10.0
2026-07-28 03:35:00+00:00,4043.1,4043.1,4042.2,4043.1,0.056,12.0
2026-07-28 03:40:00+00:00,4042.5,4042.5,4041.5,4041.7,0.046,11.0
2026-07-28 03:45:00+00:00,4042.0,4043.0,4042.0,4043.0,0.243,10.0
2026-07-28 03:50:00+00:00,4043.3,4043.3,4042.1,4043.1,0.101,7.0
2026-07-28 03:55:00+00:00,4042.9,4042.9,4042.2,4042.3,0.016,4.0
2026-07-28 04:00:00+00:00,4042.4,4042.4,4042.2,4042.3,0.985,15.0
2026-07-28 04:05:00+00:00,4042.0,4042.0,4040.4,4040.4,0.29,15.0
2026-07-28 04:10:00+00:00,4040.4,4040.4,4038.0,4038.0,2.609,21.0
2026-07-28 04:15:00+00:00,4038.0,4040.1,4037.9,4040.1,0.031,6.0
2026-07-28 04:20:00+00:00,4040.6,4041.0,4040.5,4041.0,0.184,9.0
2026-07-28 04:25:00+00:00,4040.7,4040.7,4039.6,4039.6,0.22,8.0
2026-07-28 04:30:00+00:00,4039.5,4039.5,4037.8,4038.6,0.588,16.0
2026-07-28 04:35:00+00:00,4038.7,4039.6,4038.7,4039.5,0.58,14.0
2026-07-28 04:40:00+00:00,4039.5,4039.9,4039.2,4039.9,0.631,14.0
2026-07-28 04:45:00+00:00,4040.6,4041.0,4036.8,4036.8,1.583,25.0
2026-07-28 04:50:00+00:00,4037.0,4037.8,4037.0,4037.4,0.504,15.0
2026-07-28 04:55:00+00:00,4037.2,4037.2,4036.0,4036.1,0.796,19.0
2026-07-28 05:00:00+00:00,4036.0,4036.0,4034.1,4035.2,2.512,21.0
2026-07-28 05:05:00+00:00,4034.7,4036.3,4034.7,4035.5,4.001,28.0
2026-07-28 05:10:00+00:00,4035.3,4036.1,4035.3,4036.0,5.048,15.0
2026-07-28 05:15:00+00:00,4036.4,4036.5,4036.4,4036.5,0.185,6.0
2026-07-28 05:20:00+00:00,4036.0,4037.0,4036.0,4036.9,0.771,14.0
2026-07-28 05:25:00+00:00,4036.8,4036.8,4034.8,4035.6,0.112,8.0
2026-07-28 05:30:00+00:00,4037.2,4037.5,4032.0,4032.0,1.071,23.0
2026-07-28 05:35:00+00:00,4032.1,4032.1,4030.0,4031.4,20.822,20.0
2026-07-28 05:40:00+00:00,4031.2,4035.3,4031.2,4035.3,1.036,10.0
2026-07-28 05:45:00+00:00,4036.6,4036.6,4034.6,4035.8,12.04,25.0
2026-07-28 05:50:00+00:00,4036.4,4037.3,4036.3,4037.3,0.079,7.0
2026-07-28 05:55:00+00:00,4037.9,4039.6,4037.9,4039.3,0.161,13.0
2026-07-28 06:00:00+00:00,4039.2,4040.2,4039.2,4040.2,0.538,13.0
2026-07-28 06:05:00+00:00,4040.3,4040.3,4039.1,4039.6,0.09,12.0
2026-07-28 06:10:00+00:00,4038.9,4039.2,4038.3,4039.0,0.162,9.0
2026-07-28 06:15:00+00:00,4040.4,4040.5,4038.9,4038.9,0.034,7.0
2026-07-28 06:20:00+00:00,4040.8,4040.9,4038.4,4038.4,0.152,9.0
2026-07-28 06:25:00+00:00,4039.4,4041.8,4039.3,4041.8,0.035,9.0
2026-07-28 06:30:00+00:00,4041.2,4042.5,4041.2,4042.5,0.072,9.0
2026-07-28 06:35:00+00:00,4042.6,4043.0,4042.3,4043.0,0.078,8.0
2026-07-28 06:40:00+00:00,4043.8,4045.2,4043.8,4045.1,0.261,9.0
2026-07-28 06:45:00+00:00,4043.3,4043.3,4042.4,4042.5,0.323,11.0
2026-07-28 06:50:00+00:00,4044.2,4044.4,4043.6,4044.4,0.036,7.0
2026-07-28 06:55:00+00:00,4044.9,4044.9,4042.6,4042.6,0.056,5.0
2026-07-28 07:00:00+00:00,4041.9,4043.7,4041.9,4042.7,0.351,14.0
2026-07-28 07:05:00+00:00,4042.7,4043.7,4042.3,4043.7,0.391,8.0
2026-07-28 07:10:00+00:00,4043.8,4044.0,4043.1,4043.1,0.035,6.0
2026-07-28 07:15:00+00:00,4044.2,4044.7,4044.2,4044.7,0.022,6.0
2026-07-28 07:20:00+00:00,4044.8,4045.4,4044.8,4045.4,0.042,10.0
2026-07-28 07:25:00+00:00,4044.5,4045.4,4044.5,4045.0,1.111,25.0
2026-07-28 07:30:00+00:00,4044.3,4044.3,4043.5,4043.5,0.19,8.0
2026-07-28 07:35:00+00:00,4043.4,4044.3,4043.4,4044.3,0.132,10.0
2026-07-28 07:40:00+00:00,4044.0,4044.0,4043.2,4043.2,0.058,10.0
2026-07-28 07:45:00+00:00,4042.2,4042.2,4041.5,4041.5,0.029,7.0
2026-07-28 07:50:00+00:00,4043.3,4043.3,4041.9,4042.9,0.967,8.0
2026-07-28 07:55:00+00:00,4042.9,4042.9,4040.7,4041.3,0.183,12.0
2026-07-28 08:00:00+00:00,4041.2,4045.3,4041.1,4044.7,0.392,18.0
2026-07-28 08:05:00+00:00,4044.8,4048.1,4043.5,4043.5,11.136,26.0
2026-07-28 08:10:00+00:00,4043.4,4043.4,4038.3,4039.7,0.262,15.0
2026-07-28 08:15:00+00:00,4040.3,4044.1,4040.2,4042.8,0.101,6.0
2026-07-28 08:20:00+00:00,4042.7,4044.7,4042.7,4044.6,0.046,9.0
2026-07-28 08:25:00+00:00,4044.1,4044.2,4043.5,4043.5,0.028,4.0
2026-07-28 08:30:00+00:00,4041.7,4042.0,4039.3,4039.3,0.027,6.0
2026-07-28 08:35:00+00:00,4040.2,4040.4,4039.4,4040.4,0.025,4.0
2026-07-28 08:40:00+00:00,4038.5,4038.9,4038.2,4038.9,1.266,14.0
2026-07-28 08:45:00+00:00,4038.3,4039.0,4037.9,4039.0,18.004,133.0
2026-07-28 08:50:00+00:00,4038.9,4039.0,4038.1,4038.1,8.078,104.0
2026-07-28 08:55:00+00:00,4037.2,4038.2,4037.2,4038.2,10.003,206.0
2026-07-28 09:00:00+00:00,4038.6,4039.2,4038.6,4038.6,5.723,62.0
2026-07-28 09:05:00+00:00,4038.3,4038.3,4036.9,4036.9,0.376,14.0
2026-07-28 09:10:00+00:00,4036.7,4036.7,4036.5,4036.5,1.902,22.0
2026-07-28 09:15:00+00:00,4036.5,4037.0,4036.5,4037.0,5.227,130.0
2026-07-28 09:20:00+00:00,4037.0,4037.1,4036.9,4037.0,2.066,73.0
2026-07-28 09:25:00+00:00,4037.0,4037.0,4034.6,4034.6,0.291,9.0
2026-07-28 09:30:00+00:00,4033.4,4033.4,4031.7,4031.7,2.08,11.0
2026-07-28 09:35:00+00:00,4031.8,4031.8,4025.0,4026.7,3.189,31.0
2026-07-28 09:40:00+00:00,4027.0,4027.6,4027.0,4027.6,0.203,5.0
2026-07-28 09:45:00+00:00,4027.5,4028.2,4025.0,4025.4,0.349,9.0
2026-07-28 09:50:00+00:00,4024.5,4025.0,4024.3,4024.7,0.032,7.0
2026-07-28 09:55:00+00:00,4024.7,4024.7,4014.9,4016.5,7.23,55.0
2026-07-28 10:00:00+00:00,4017.5,4019.5,4016.4,4018.9,3.627,55.0
2026-07-28 10:05:00+00:00,4019.0,4021.2,4018.2,4018.5,1.932,43.0
2026-07-28 10:10:00+00:00,4017.8,4018.4,4016.5,4018.4,1.061,27.0
2026-07-28 10:15:00+00:00,4018.4,4019.8,4017.9,4018.2,1.446,27.0
2026-07-28 10:20:00+00:00,4016.4,4016.4,4013.4,4013.8,0.894,22.0
2026-07-28 10:25:00+00:00,4013.8,4014.4,4012.4,4013.0,0.93,14.0
2026-07-28 10:30:00+00:00,4012.5,4017.6,4012.5,4017.5,1.058,21.0
2026-07-28 10:35:00+00:00,4015.3,4017.6,4015.3,4017.6,0.019,5.0
2026-07-28 10:40:00+00:00,4016.3,4017.1,4015.8,4016.7,3.71,18.0
2026-07-28 10:45:00+00:00,4017.7,4020.2,4017.7,4020.1,0.523,14.0
2026-07-28 10:50:00+00:00,4018.7,4021.9,4018.7,4021.9,0.241,10.0
2026-07-28 10:55:00+00:00,4022.2,4023.3,4021.8,4021.8,0.172,7.0
2026-07-28 11:00:00+00:00,4022.9,4023.0,4021.0,4021.0,2.254,12.0
2026-07-28 11:05:00+00:00,4020.7,4022.9,4020.7,4022.8,0.644,15.0
2026-07-28 11:10:00+00:00,4022.6,4022.6,4019.3,4019.3,0.201,15.0
2026-07-28 11:15:00+00:00,4023.0,4025.8,4023.0,4025.3,5.58,23.0
2026-07-28 11:20:00+00:00,4024.6,4025.1,4024.2,4025.0,0.053,6.0
2026-07-28 11:25:00+00:00,4023.9,4023.9,4021.7,4022.0,0.09,8.0
2026-07-28 11:30:00+00:00,4022.2,4022.9,4021.4,4021.4,3.151,32.0
2026-07-28 11:35:00+00:00,4021.5,4025.0,4021.5,4024.3,0.123,9.0
2026-07-28 11:40:00+00:00,4024.2,4024.2,4022.9,4023.0,1.055,22.0
2026-07-28 11:45:00+00:00,4021.9,4021.9,4021.2,4021.2,0.053,7.0
2026-07-28 11:50:00+00:00,4021.1,4021.1,4019.1,4019.1,0.051,7.0
2026-07-28 11:55:00+00:00,4020.5,4022.7,4020.3,4022.7,1.01,10.0
2026-07-28 12:00:00+00:00,4021.9,4021.9,4018.8,4020.1,3.021,19.0
2026-07-28 12:05:00+00:00,4020.3,4022.4,4020.3,4021.6,1.488,27.0
2026-07-28 12:10:00+00:00,4020.0,4022.8,4019.0,4022.4,0.095,10.0
2026-07-28 12:15:00+00:00,4021.4,4024.2,4021.3,4024.2,1.069,17.0
2026-07-28 12:20:00+00:00,4025.1,4028.1,4024.4,4028.0,7.215,38.0
2026-07-28 12:25:00+00:00,4028.2,4028.3,4026.8,4028.3,0.057,5.0
2026-07-28 12:30:00+00:00,4028.2,4028.2,4021.6,4021.6,2.911,21.0
2026-07-28 12:35:00+00:00,4023.1,4023.5,4021.4,4023.3,2.103,14.0
2026-07-28 12:40:00+00:00,4023.4,4027.7,4023.4,4027.1,0.833,16.0
2026-07-28 12:45:00+00:00,4028.2,4031.9,4028.2,4029.2,3.787,25.0
2026-07-28 12:50:00+00:00,4027.9,4028.4,4025.9,4026.0,0.055,7.0
2026-07-28 12:55:00+00:00,4026.7,4026.7,4023.6,4023.6,0.042,5.0
2026-07-28 13:00:00+00:00,4026.8,4028.1,4026.0,4028.0,1.744,18.0
2026-07-28 13:05:00+00:00,4027.5,4028.6,4026.1,4028.6,14.372,118.0
2026-07-28 13:10:00+00:00,4027.7,4028.2,4027.5,4027.5,1.605,28.0
2026-07-28 13:15:00+00:00,4027.4,4027.4,4025.4,4025.6,5.292,39.0
2026-07-28 13:20:00+00:00,4026.4,4029.0,4025.8,4028.6,15.683,15.0
2026-07-28 13:25:00+00:00,4029.0,4029.0,4024.3,4024.3,2.374,25.0
2026-07-28 13:30:00+00:00,4026.7,4026.7,4023.4,4025.6,1.895,24.0
2026-07-28 13:35:00+00:00,4026.4,4026.4,4017.2,4017.2,4.359,53.0
2026-07-28 13:40:00+00:00,4017.0,4018.4,4015.2,4018.4,4.66,47.0
2026-07-28 13:45:00+00:00,4019.4,4019.4,4017.3,4018.8,1.233,39.0
2026-07-28 13:50:00+00:00,4020.9,4022.5,4019.6,4021.9,10.085,25.0
2026-07-28 13:55:00+00:00,4018.6,4019.3,4017.1,4017.5,3.321,21.0
2026-07-28 14:00:00+00:00,4019.4,4020.9,4019.4,4020.9,2.586,16.0
2026-07-28 14:05:00+00:00,4021.0,4025.2,4021.0,4025.2,6.234,44.0
2026-07-28 14:10:00+00:00,4025.2,4026.9,4021.3,4021.3,14.41,119.0
2026-07-28 14:15:00+00:00,4019.4,4019.4,4017.4,4017.4,1.064,28.0
2026-07-28 14:20:00+00:00,4015.7,4015.7,4007.7,4012.4,11.271,63.0
2026-07-28 14:25:00+00:00,4013.0,4015.7,4012.9,4015.7,1.09,13.0
2026-07-28 14:30:00+00:00,4016.6,4019.4,4016.2,4018.4,2.195,35.0
2026-07-28 14:35:00+00:00,4016.0,4017.3,4016.0,4016.1,0.097,7.0
2026-07-28 14:40:00+00:00,4014.7,4018.6,4014.7,4018.6,0.575,6.0
2026-07-28 14:45:00+00:00,4017.8,4021.3,4016.3,4021.3,0.749,16.0
2026-07-28 14:50:00+00:00,4023.4,4023.5,4022.3,4022.4,0.055,13.0
2026-07-28 14:55:00+00:00,4022.4,4022.4,4019.5,4019.5,0.045,8.0
2026-07-28 15:00:00+00:00,4023.1,4023.1,4020.1,4020.2,0.844,15.0
2026-07-28 15:05:00+00:00,4020.3,4021.7,4019.2,4021.7,3.222,23.0
2026-07-28 15:10:00+00:00,4021.9,4030.6,4021.9,4028.6,17.172,80.0
2026-07-28 15:15:00+00:00,4027.9,4030.9,4027.8,4030.6,0.352,15.0
2026-07-28 15:20:00+00:00,4031.7,4035.0,4031.7,4031.8,0.8,14.0
2026-07-28 15:25:00+00:00,4032.2,4035.3,4030.7,4030.7,0.8,11.0
2026-07-28 15:30:00+00:00,4029.8,4030.0,4029.0,4029.7,0.233,8.0
2026-07-28 15:35:00+00:00,4031.4,4033.5,4031.4,4032.4,9.759,36.0
2026-07-28 15:40:00+00:00,4032.4,4035.9,4032.4,4035.9,46.179,91.0
2026-07-28 15:45:00+00:00,4036.7,4039.6,4036.7,4038.4,0.993,27.0
2026-07-28 15:50:00+00:00,4038.6,4041.6,4038.6,4040.8,0.561,6.0
2026-07-28 15:55:00+00:00,4040.5,4041.4,4040.5,4041.4,0.037,5.0
2026-07-28 16:00:00+00:00,4039.9,4041.5,4038.8,4038.8,4.559,36.0
2026-07-28 16:05:00+00:00,4038.7,4039.2,4038.7,4038.8,0.567,13.0
2026-07-28 16:10:00+00:00,4038.6,4040.1,4038.3,4039.9,0.201,10.0
2026-07-28 16:15:00+00:00,4039.7,4040.3,4039.0,4039.6,0.169,11.0
2026-07-28 16:20:00+00:00,4040.0,4040.4,4039.0,4039.0,0.064,8.0
2026-07-28 16:25:00+00:00,4039.4,4039.4,4038.1,4038.1,0.043,7.0
2026-07-28 16:30:00+00:00,4038.1,4038.4,4037.1,4038.3,0.379,11.0
2026-07-28 16:35:00+00:00,4038.0,4038.1,4036.4,4037.4,0.384,16.0
2026-07-28 16:40:00+00:00,4037.6,4037.6,4036.1,4036.5,9.704,48.0
2026-07-28 16:45:00+00:00,4036.5,4036.5,4034.5,4034.5,29.912,208.0
2026-07-28 16:50:00+00:00,4034.5,4034.6,4034.0,4034.0,1.727,27.0
2026-07-28 16:55:00+00:00,4034.0,4034.0,4033.5,4033.5,2.846,46.0
2026-07-28 17:00:00+00:00,4033.5,4034.1,4033.5,4034.1,9.412,79.0
2026-07-28 17:05:00+00:00,4034.2,4035.3,4033.6,4033.8,1.97,30.0
2026-07-28 17:10:00+00:00,4033.5,4033.5,4031.5,4031.8,2.825,40.0
2026-07-28 17:15:00+00:00,4031.9,4031.9,4031.5,4031.7,0.12,16.0
2026-07-28 17:20:00+00:00,4031.7,4036.0,4031.6,4031.6,0.039,13.0
2026-07-28 17:25:00+00:00,4031.6,4034.9,4031.6,4033.5,1.825,37.0
2026-07-28 17:30:00+00:00,4033.5,4033.5,4030.2,4030.2,1.472,25.0
2026-07-28 17:35:00+00:00,4030.2,4030.2,4027.4,4027.4,0.817,22.0
2026-07-28 17:40:00+00:00,4027.0,4027.0,4023.7,4023.7,0.207,16.0
2026-07-28 17:45:00+00:00,4024.3,4024.6,4022.2,4024.5,1.125,18.0
2026-07-28 17:50:00+00:00,4024.8,4024.8,4022.0,4022.0,0.031,10.0
2026-07-28 17:55:00+00:00,4022.4,4023.3,4022.0,4023.3,0.078,12.0
2026-07-28 18:00:00+00:00,4023.2,4024.3,4023.2,4024.3,0.03,10.0
2026-07-28 18:05:00+00:00,4024.3,4024.9,4024.3,4024.9,0.042,13.0
2026-07-28 18:10:00+00:00,4024.9,4024.9,4024.0,4024.2,0.043,11.0
2026-07-28 18:15:00+00:00,4024.1,4024.6,4024.1,4024.2,0.547,17.0
2026-07-28 18:20:00+00:00,4024.2,4024.2,4023.7,4023.7,5.034,52.0
2026-07-28 18:25:00+00:00,4023.7,4023.7,4022.8,4023.0,0.142,14.0
2026-07-28 18:30:00+00:00,4022.9,4022.9,4020.1,4020.2,5.297,73.0
2026-07-28 18:35:00+00:00,4020.0,4020.0,4020.0,4020.0,0.138,13.0
2026-07-28 18:40:00+00:00,4020.0,4020.0,4020.0,4020.0,0.036,12.0
2026-07-28 18:45:00+00:00,4020.0,4021.1,4020.0,4020.0,1.02,23.0
2026-07-28 18:50:00+00:00,4020.0,4020.1,4020.0,4020.0,5.343,78.0
2026-07-28 18:55:00+00:00,4019.5,4019.5,4018.1,4018.7,0.358,18.0
2026-07-28 19:00:00+00:00,4018.8,4019.8,4018.5,4019.8,1.802,23.0
2026-07-28 19:05:00+00:00,4019.4,4020.9,4019.4,4020.9,0.167,16.0
2026-07-28 19:10:00+00:00,4020.7,4020.7,4020.1,4020.4,0.046,12.0
2026-07-28 19:15:00+00:00,4020.8,4020.8,4020.3,4020.3,0.033,11.0
2026-07-28 19:20:00+00:00,4020.3,4020.3,4018.6,4018.6,0.112,13.0
2026-07-28 19:25:00+00:00,4018.6,4018.7,4018.1,4018.6,0.079,12.0
2026-07-28 19:30:00+00:00,4018.7,4023.1,4018.7,4023.1,0.254,16.0
2026-07-28 19:35:00+00:00,4022.7,4022.7,4019.9,4019.9,0.056,11.0
2026-07-28 19:40:00+00:00,4020.1,4021.3,4020.1,4021.3,0.033,11.0
2026-07-28 19:45:00+00:00,4022.3,4022.5,4022.0,4022.4,0.047,11.0
2026-07-28 19:50:00+00:00,4021.9,4022.5,4021.2,4022.5,0.041,13.0
2026-07-28 19:55:00+00:00,4022.3,4022.6,4021.4,4021.4,0.03,10.0
2026-07-28 20:00:00+00:00,4021.2,4021.2,4019.2,4019.2,0.043,12.0
2026-07-28 20:05:00+00:00,4019.8,4019.8,4018.8,4018.8,0.132,19.0
2026-07-28 20:10:00+00:00,4018.8,4020.3,4018.8,4020.2,0.121,17.0
2026-07-28 20:15:00+00:00,4020.0,4022.0,4020.0,4021.8,0.797,29.0
2026-07-28 20:20:00+00:00,4021.8,4022.8,4021.7,4021.8,10.34,35.0
2026-07-28 20:25:00+00:00,4022.1,4022.7,4022.0,4022.7,0.133,14.0
2026-07-28 20:30:00+00:00,4022.7,4022.7,4022.6,4022.6,0.356,17.0
2026-07-28 20:35:00+00:00,4022.6,4024.3,4022.6,4023.2,0.213,17.0
2026-07-28 20:40:00+00:00,4023.3,4024.5,4022.4,4024.4,10.543,22.0
2026-07-28 20:45:00+00:00,4024.6,4025.1,4024.0,4024.0,0.031,10.0
2026-07-28 20:50:00+00:00,4022.8,4023.3,4022.8,4023.3,0.041,11.0
2026-07-28 20:55:00+00:00,4023.4,4024.1,4023.4,4024.1,0.13,13.0
2026-07-28 21:00:00+00:00,4024.2,4024.5,4024.2,4024.5,0.03,10.0
2026-07-28 21:05:00+00:00,4024.7,4024.8,4024.7,4024.7,0.04,12.0
2026-07-28 21:10:00+00:00,4024.7,4025.0,4024.7,4025.0,0.03,10.0
2026-07-28 21:15:00+00:00,4025.0,4025.3,4025.0,4025.1,0.376,17.0
2026-07-28 21:20:00+00:00,4025.2,4025.2,4025.1,4025.1,0.092,13.0
2026-07-28 21:25:00+00:00,4025.1,4025.5,4025.1,4025.4,0.143,14.0
2026-07-28 21:30:00+00:00,4025.4,4025.5,4025.4,4025.4,0.033,11.0
2026-07-28 21:35:00+00:00,4025.4,4026.0,4025.4,4025.9,0.559,21.0
2026-07-28 21:40:00+00:00,4026.0,4027.5,4026.0,4027.1,5.102,32.0
2026-07-28 21:45:00+00:00,4027.1,4028.6,4027.0,4027.0,5.034,28.0
2026-07-28 21:50:00+00:00,4027.0,4027.0,4027.0,4027.0,0.073,12.0
2026-07-28 21:55:00+00:00,4027.0,4027.0,4026.5,4026.5,5.243,13.0
2026-07-28 22:00:00+00:00,4026.5,4028.0,4022.7,4022.8,12.791,55.0
2026-07-28 22:05:00+00:00,4022.7,4022.8,4022.7,4022.8,0.031,7.0
2026-07-28 22:10:00+00:00,4022.7,4022.9,4022.1,4022.1,5.048,20.0
2026-07-28 22:15:00+00:00,4021.9,4021.9,4020.2,4020.2,0.438,16.0
2026-07-28 22:20:00+00:00,4019.9,4019.9,4014.1,4014.1,5.635,72.0
2026-07-28 22:25:00+00:00,4014.1,4015.6,4014.1,4015.6,4.143,8.0
2026-07-28 22:30:00+00:00,4016.5,4016.5,4010.1,4011.4,8.785,48.0
2026-07-28 22:35:00+00:00,4012.1,4012.1,4010.2,4010.7,2.942,13.0
2026-07-28 22:40:00+00:00,4011.4,4013.8,4011.4,4013.7,0.418,18.0
2026-07-28 22:45:00+00:00,4013.4,4013.4,4011.3,4012.3,0.152,14.0
2026-07-28 22:50:00+00:00,4012.3,4013.8,4012.3,4012.8,0.069,12.0
2026-07-28 22:55:00+00:00,4013.3,4014.4,4013.2,4014.2,0.208,9.0
2026-07-28 23:00:00+00:00,4013.9,4013.9,4013.0,4013.0,0.035,4.0
2026-07-28 23:05:00+00:00,4012.9,4014.3,4012.7,4014.3,2.007,13.0
2026-07-28 23:10:00+00:00,4014.4,4018.3,4014.4,4018.3,5.493,22.0
2026-07-28 23:15:00+00:00,4015.6,4015.8,4012.7,4012.7,2.852,10.0
2026-07-28 23:20:00+00:00,4013.1,4014.2,4012.8,4014.2,0.039,7.0
2026-07-28 23:25:00+00:00,4012.7,4014.0,4012.7,4014.0,2.813,13.0
2026-07-28 23:30:00+00:00,4014.1,4014.6,4013.5,4013.5,0.072,9.0
2026-07-28 23:35:00+00:00,4014.5,4015.5,4014.5,4015.5,6.087,29.0
2026-07-28 23:40:00+00:00,4014.9,4017.5,4014.3,4016.8,58.092,146.0
2026-07-28 23:45:00+00:00,4016.4,4017.1,4015.1,4017.1,3.633,32.0
2026-07-28 23:50:00+00:00,4017.2,4019.3,4017.2,4019.3,1.893,19.0
2026-07-28 23:55:00+00:00,4019.3,4021.9,4018.7,4019.8,4.881,43.0
2026-07-29 00:00:00+00:00,4020.0,4020.3,4014.1,4017.6,5.959,60.0
2026-07-29 00:05:00+00:00,4017.5,4019.0,4014.5,4014.5,4.937,58.0
2026-07-29 00:10:00+00:00,4014.6,4017.0,4014.6,4015.7,4.157,32.0
2026-07-29 00:15:00+00:00,4015.8,4021.1,4015.8,4020.7,3.682,32.0
2026-07-29 00:20:00+00:00,4020.5,4024.3,4019.5,4019.7,8.506,55.0
2026-07-29 00:25:00+00:00,4020.4,4021.1,4017.6,4017.7,3.506,23.0
2026-07-29 00:30:00+00:00,4018.1,4019.7,4017.0,4019.7,1.683,17.0
2026-07-29 00:35:00+00:00,4019.6,4022.1,4018.9,4020.1,1.592,17.0
2026-07-29 00:40:00+00:00,4020.2,4020.6,4020.0,4020.3,2.238,26.0
2026-07-29 00:45:00+00:00,4020.6,4020.6,4017.1,4017.3,1.526,19.0
2026-07-29 00:50:00+00:00,4017.4,4018.5,4017.4,4018.5,1.55,18.0
2026-07-29 00:55:00+00:00,4018.2,4018.3,4016.2,4017.3,1.959,20.0
2026-07-29 01:00:00+00:00,4017.2,4017.2,4007.2,4007.5,5.373,67.0
2026-07-29 01:05:00+00:00,4007.5,4010.7,4007.4,4010.7,6.863,41.0
2026-07-29 01:10:00+00:00,4011.2,4012.4,4007.2,4008.6,2.117,41.0
2026-07-29 01:15:00+00:00,4008.4,4011.1,4007.0,4010.9,1.799,39.0
2026-07-29 01:20:00+00:00,4011.5,4012.2,4009.5,4010.3,2.629,38.0
2026-07-29 01:25:00+00:00,4010.0,4014.4,4010.0,4013.5,1.707,28.0
2026-07-29 01:30:00+00:00,4011.5,4017.6,4011.5,4017.5,2.816,31.0
2026-07-29 01:35:00+00:00,4018.0,4023.5,4017.9,4023.5,7.556,51.0
2026-07-29 01:40:00+00:00,4024.3,4024.3,4021.7,4022.4,3.253,21.0
2026-07-29 01:45:00+00:00,4022.1,4022.7,4019.1,4019.1,1.923,27.0
2026-07-29 01:50:00+00:00,4019.0,4019.8,4017.0,4017.6,1.399,18.0
2026-07-29 01:55:00+00:00,4018.4,4020.2,4018.3,4020.2,3.405,25.0
2026-07-29 02:00:00+00:00,4021.0,4023.1,4020.5,4022.0,1.6,26.0
2026-07-29 02:05:00+00:00,4022.0,4022.4,4018.4,4020.4,1.741,39.0
2026-07-29 02:10:00+00:00,4020.5,4022.9,4020.5,4022.7,1.823,17.0
2026-07-29 02:15:00+00:00,4023.2,4024.2,4021.2,4021.2,2.514,28.0
2026-07-29 02:20:00+00:00,4021.9,4029.1,4021.8,4029.1,7.47,45.0
2026-07-29 02:25:00+00:00,4027.7,4028.9,4026.7,4027.5,2.926,19.0
2026-07-29 02:30:00+00:00,4027.9,4030.5,4026.0,4026.6,2.489,28.0
2026-07-29 02:35:00+00:00,4027.2,4028.9,4026.6,4028.9,1.393,11.0
2026-07-29 02:40:00+00:00,4029.7,4031.4,4028.9,4029.2,1.39,11.0
2026-07-29 02:45:00+00:00,4028.0,4028.5,4027.1,4027.3,1.387,13.0
2026-07-29 02:50:00+00:00,4026.8,4027.6,4024.0,4024.1,1.465,13.0
2026-07-29 02:55:00+00:00,4024.9,4026.0,4024.3,4024.5,4.228,14.0
2026-07-29 03:00:00+00:00,4025.4,4025.4,4023.2,4023.5,2.147,18.0
2026-07-29 03:05:00+00:00,4023.2,4026.3,4023.2,4024.0,4.691,56.0
2026-07-29 03:10:00+00:00,4024.6,4024.9,4022.9,4022.9,1.391,19.0
2026-07-29 03:15:00+00:00,4022.9,4023.4,4022.4,4023.4,2.091,16.0
2026-07-29 03:20:00+00:00,4023.4,4023.4,4021.0,4021.1,1.387,13.0
2026-07-29 03:25:00+00:00,4021.0,4023.0,4021.0,4021.8,1.503,12.0
2026-07-29 03:30:00+00:00,4021.0,4021.2,4020.0,4020.9,1.457,16.0
2026-07-29 03:35:00+00:00,4020.9,4023.2,4020.9,4022.3,3.164,31.0
2026-07-29 03:40:00+00:00,4022.0,4022.0,4020.0,4020.0,1.511,15.0
2026-07-29 03:45:00+00:00,4020.4,4020.8,4020.3,4020.3,2.362,37.0
2026-07-29 03:50:00+00:00,4020.3,4020.4,4018.7,4018.7,2.04,20.0
2026-07-29 03:55:00+00:00,4018.5,4018.5,4017.6,4017.6,1.39,20.0
2026-07-29 04:00:00+00:00,4018.0,4018.1,4016.5,4016.7,2.066,31.0
2026-07-29 04:05:00+00:00,4016.5,4016.9,4015.9,4016.7,1.564,19.0
2026-07-29 04:10:00+00:00,4016.6,4016.7,4015.9,4016.1,1.616,22.0
2026-07-29 04:15:00+00:00,4016.1,4016.3,4014.5,4015.5,1.429,30.0
2026-07-29 04:20:00+00:00,4016.1,4016.8,4016.1,4016.8,37.24,166.0
2026-07-29 04:25:00+00:00,4016.8,4019.6,4016.7,4017.7,108.261,193.0
2026-07-29 04:30:00+00:00,4018.0,4021.0,4018.0,4020.7,4.84,41.0
2026-07-29 04:35:00+00:00,4019.5,4020.7,4019.4,4019.4,2.603,20.0
2026-07-29 04:40:00+00:00,4019.4,4021.2,4019.4,4021.2,1.387,11.0
2026-07-29 04:45:00+00:00,4021.2,4021.8,4018.2,4018.5,8.418,35.0
2026-07-29 04:50:00+00:00,4020.1,4020.9,4020.1,4020.8,1.952,12.0
2026-07-29 04:55:00+00:00,4021.5,4021.9,4020.5,4021.0,4.052,24.0
2026-07-29 05:00:00+00:00,4021.0,4022.9,4021.0,4022.9,1.396,13.0
2026-07-29 05:05:00+00:00,4022.9,4022.9,4021.8,4022.6,2.126,15.0
2026-07-29 05:10:00+00:00,4021.9,4025.3,4021.9,4025.0,1.446,21.0
2026-07-29 05:15:00+00:00,4023.8,4023.8,4021.8,4021.9,1.428,16.0
2026-07-29 05:20:00+00:00,4021.5,4024.4,4021.5,4024.2,1.387,11.0
2026-07-29 05:25:00+00:00,4024.4,4024.7,4023.9,4024.0,1.636,11.0
2026-07-29 05:30:00+00:00,4026.0,4027.1,4025.1,4026.0,3.652,36.0
2026-07-29 05:35:00+00:00,4026.3,4026.9,4024.8,4026.0,2.214,28.0
2026-07-29 05:40:00+00:00,4025.9,4032.2,4025.5,4032.2,4.429,42.0
2026-07-29 05:45:00+00:00,4032.5,4032.6,4028.6,4028.6,5.483,29.0
2026-07-29 05:50:00+00:00,4029.6,4030.4,4029.2,4029.2,2.344,15.0
2026-07-29 05:55:00+00:00,4028.9,4029.0,4026.9,4029.0,1.597,9.0
2026-07-29 06:00:00+00:00,4028.2,4031.1,4028.2,4031.1,0.058,9.0
2026-07-29 06:05:00+00:00,4031.0,4031.0,4029.8,4029.8,0.801,7.0
2026-07-29 06:10:00+00:00,4029.4,4031.5,4029.1,4031.5,2.564,23.0
2026-07-29 06:15:00+00:00,4031.4,4034.7,4031.4,4032.4,13.517,76.0
2026-07-29 06:20:00+00:00,4032.1,4035.3,4031.0,4035.3,2.899,22.0
2026-07-29 06:25:00+00:00,4035.3,4035.3,4034.4,4034.4,0.854,9.0
2026-07-29 06:30:00+00:00,4035.8,4036.7,4035.7,4036.7,0.477,14.0
2026-07-29 06:35:00+00:00,4036.7,4038.3,4036.7,4037.2,5.739,34.0
2026-07-29 06:40:00+00:00,4037.5,4037.5,4036.0,4036.9,0.049,11.0
2026-07-29 06:45:00+00:00,4036.4,4036.5,4034.9,4034.9,0.069,10.0
2026-07-29 06:50:00+00:00,4036.2,4036.2,4035.3,4035.3,0.029,4.0
2026-07-29 06:55:00+00:00,4035.4,4035.6,4035.0,4035.6,0.021,3.0
2026-07-29 07:00:00+00:00,4035.5,4037.7,4035.5,4037.1,0.165,15.0
2026-07-29 07:05:00+00:00,4037.7,4037.9,4037.5,4037.6,0.177,9.0
2026-07-29 07:10:00+00:00,4038.2,4039.1,4038.2,4039.1,0.547,15.0
2026-07-29 07:15:00+00:00,4038.7,4039.2,4038.3,4039.1,1.082,9.0
2026-07-29 07:20:00+00:00,4039.2,4040.7,4039.2,4040.2,6.542,41.0
2026-07-29 07:25:00+00:00,4040.4,4040.4,4037.8,4037.9,27.425,122.0
2026-07-29 07:30:00+00:00,4037.9,4039.4,4037.9,4038.3,11.872,47.0
2026-07-29 07:35:00+00:00,4038.4,4039.9,4038.3,4039.1,17.612,140.0
2026-07-29 07:40:00+00:00,4039.1,4039.9,4039.1,4039.1,8.831,30.0
2026-07-29 07:45:00+00:00,4039.1,4039.1,4037.2,4037.2,8.624,21.0
2026-07-29 07:50:00+00:00,4036.8,4037.0,4035.6,4035.6,8.47,27.0
2026-07-29 07:55:00+00:00,4035.6,4036.0,4035.6,4035.7,8.774,29.0
2026-07-29 08:00:00+00:00,4035.8,4036.8,4035.8,4036.6,12.797,47.0
2026-07-29 08:05:00+00:00,4036.8,4036.9,4035.4,4035.4,11.296,38.0
2026-07-29 08:10:00+00:00,4035.4,4035.4,4033.6,4033.6,12.33,53.0
2026-07-29 08:15:00+00:00,4033.8,4034.6,4033.8,4034.5,8.767,21.0
2026-07-29 08:20:00+00:00,4033.6,4033.6,4030.8,4030.8,8.32,20.0
2026-07-29 08:25:00+00:00,4030.8,4030.8,4029.7,4030.2,8.791,24.0
2026-07-29 08:30:00+00:00,4030.2,4030.3,4029.5,4029.5,10.004,27.0
2026-07-29 08:35:00+00:00,4029.5,4031.1,4029.5,4030.6,10.412,48.0
2026-07-29 08:40:00+00:00,4030.6,4031.2,4030.6,4031.0,9.434,57.0
2026-07-29 08:45:00+00:00,4031.0,4031.7,4030.9,4030.9,12.842,94.0
2026-07-29 08:50:00+00:00,4030.9,4031.7,4030.5,4031.6,10.607,80.0
2026-07-29 08:55:00+00:00,4031.6,4031.8,4030.4,4030.4,8.832,29.0
2026-07-29 09:00:00+00:00,4030.8,4030.8,4030.7,4030.7,9.881,28.0
2026-07-29 09:05:00+00:00,4030.7,4030.8,4029.3,4030.1,9.99,57.0
2026-07-29 09:10:00+00:00,4030.1,4030.1,4029.3,4029.5,8.317,28.0
2026-07-29 09:15:00+00:00,4029.5,4030.0,4029.5,4030.0,8.618,32.0
2026-07-29 09:20:00+00:00,4030.0,4030.0,4028.0,4028.0,10.802,44.0
2026-07-29 09:25:00+00:00,4028.1,4028.1,4027.9,4027.9,0.268,11.0
2026-07-29 09:30:00+00:00,4027.9,4027.9,4026.2,4027.5,2.011,10.0
2026-07-29 09:35:00+00:00,4027.4,4027.8,4027.4,4027.8,0.375,13.0
2026-07-29 09:40:00+00:00,4026.6,4028.0,4026.6,4028.0,1.093,15.0
2026-07-29 09:45:00+00:00,4028.0,4028.8,4028.0,4028.7,0.752,23.0
2026-07-29 09:50:00+00:00,4029.1,4029.6,4029.0,4029.3,1.056,28.0
2026-07-29 09:55:00+00:00,4028.8,4028.8,4026.8,4026.9,0.309,20.0
2026-07-29 10:00:00+00:00,4027.0,4027.0,4026.8,4026.9,0.147,11.0
2026-07-29 10:05:00+00:00,4026.9,4027.4,4025.7,4025.8,2.597,25.0
2026-07-29 10:10:00+00:00,4026.1,4027.5,4025.5,4025.5,1.217,16.0
2026-07-29 10:15:00+00:00,4025.4,4025.4,4024.9,4025.0,0.985,11.0
2026-07-29 10:20:00+00:00,4025.3,4025.7,4025.3,4025.6,0.415,13.0
2026-07-29 10:25:00+00:00,4025.6,4026.3,4025.3,4026.3,2.923,14.0
2026-07-29 10:30:00+00:00,4026.3,4027.8,4026.3,4026.7,4.165,34.0
2026-07-29 10:35:00+00:00,4026.6,4026.6,4024.6,4024.6,0.856,15.0
2026-07-29 10:40:00+00:00,4024.5,4024.5,4021.7,4021.8,0.833,15.0
2026-07-29 10:45:00+00:00,4021.7,4021.7,4021.6,4021.6,0.526,9.0
2026-07-29 10:50:00+00:00,4021.6,4022.2,4021.3,4021.3,0.521,16.0
2026-07-29 10:55:00+00:00,4021.3,4021.3,4021.1,4021.2,0.056,8.0
2026-07-29 11:00:00+00:00,4021.1,4023.3,4021.1,4022.9,1.966,22.0
2026-07-29 11:05:00+00:00,4023.0,4023.0,4020.7,4020.7,0.834,27.0
2026-07-29 11:10:00+00:00,4020.8,4023.4,4020.8,4023.3,2.196,26.0
2026-07-29 11:15:00+00:00,4023.7,4026.9,4023.7,4026.9,4.268,32.0
2026-07-29 11:20:00+00:00,4026.9,4026.9,4026.8,4026.8,0.212,10.0
2026-07-29 11:25:00+00:00,4026.8,4027.9,4026.8,4027.9,0.811,17.0
2026-07-29 11:30:00+00:00,4027.8,4027.9,4027.0,4027.1,0.164,8.0
2026-07-29 11:35:00+00:00,4027.0,4027.0,4025.7,4026.8,0.322,9.0
2026-07-29 11:40:00+00:00,4026.6,4026.6,4026.0,4026.0,0.801,15.0
2026-07-29 11:45:00+00:00,4026.0,4029.9,4026.0,4029.9,1.326,13.0
2026-07-29 11:50:00+00:00,4029.8,4029.8,4028.2,4028.2,0.619,9.0
2026-07-29 11:55:00+00:00,4027.7,4027.7,4026.4,4026.4,0.287,9.0
2026-07-29 12:00:00+00:00,4027.1,4027.4,4026.2,4026.2,0.613,13.0
2026-07-29 12:05:00+00:00,4026.1,4026.1,4024.5,4024.5,1.395,18.0
2026-07-29 12:10:00+00:00,4024.7,4024.7,4023.5,4023.5,1.36,22.0
2026-07-29 12:15:00+00:00,4022.1,4022.1,4015.7,4016.7,2.506,28.0
2026-07-29 12:20:00+00:00,4014.8,4014.8,4010.6,4012.3,10.603,67.0
2026-07-29 12:25:00+00:00,4011.6,4012.2,4010.0,4010.0,4.188,21.0
2026-07-29 12:30:00+00:00,4009.1,4012.7,4005.9,4012.7,8.996,73.0
2026-07-29 12:35:00+00:00,4013.0,4016.6,4012.9,4016.5,3.468,40.0
2026-07-29 12:40:00+00:00,4016.2,4016.2,4013.1,4016.2,0.483,11.0
2026-07-29 12:45:00+00:00,4014.9,4017.4,4014.9,4016.8,1.419,32.0
2026-07-29 12:50:00+00:00,4016.0,4016.5,4014.5,4016.3,2.671,14.0
2026-07-29 12:55:00+00:00,4016.1,4018.1,4013.5,4016.7,25.59,68.0
2026-07-29 13:00:00+00:00,4017.6,4020.0,4016.0,4016.0,6.891,49.0
2026-07-29 13:05:00+00:00,4015.3,4015.3,4012.1,4012.1,3.079,23.0
2026-07-29 13:10:00+00:00,4012.1,4013.6,4011.3,4011.5,0.446,9.0
2026-07-29 13:15:00+00:00,4012.2,4013.4,4012.1,4013.4,0.037,4.0
2026-07-29 13:20:00+00:00,4013.3,4017.7,4013.2,4015.7,28.517,105.0
2026-07-29 13:25:00+00:00,4015.6,4016.7,4010.5,4010.5,1.62,19.0
2026-07-29 13:30:00+00:00,4010.1,4012.7,4008.3,4012.7,9.869,37.0
2026-07-29 13:35:00+00:00,4012.7,4013.3,4011.3,4011.4,5.723,54.0
2026-07-29 13:40:00+00:00,4011.0,4011.0,4009.3,4009.3,1.277,11.0
2026-07-29 13:45:00+00:00,4008.8,4010.6,4007.5,4010.6,2.822,18.0
2026-07-29 13:50:00+00:00,4010.6,4010.6,4003.0,4003.7,3.16,34.0
2026-07-29 13:55:00+00:00,4002.6,4003.7,3999.0,4002.5,3.7,48.0
2026-07-29 14:00:00+00:00,4004.0,4004.0,3999.2,4001.6,3.054,31.0
2026-07-29 14:05:00+00:00,4001.9,4002.9,3997.1,3997.6,4.659,70.0
2026-07-29 14:10:00+00:00,3997.1,3997.7,3994.1,3994.8,3.948,40.0
2026-07-29 14:15:00+00:00,3996.1,4004.9,3996.1,4004.8,3.378,38.0
2026-07-29 14:20:00+00:00,4005.0,4005.7,4004.6,4005.7,0.168,10.0
2026-07-29 14:25:00+00:00,4005.2,4005.2,4000.9,4002.2,0.258,23.0
2026-07-29 14:30:00+00:00,4003.1,4005.7,4003.1,4005.3,6.944,16.0
2026-07-29 14:35:00+00:00,4004.6,4004.6,4002.2,4002.2,2.083,15.0
2026-07-29 14:40:00+00:00,4001.3,4003.3,3997.7,3998.2,19.571,96.0
2026-07-29 14:45:00+00:00,3998.7,3999.3,3996.7,3998.2,5.345,42.0
2026-07-29 14:50:00+00:00,3998.9,4004.1,3998.9,4004.1,5.204,35.0
2026-07-29 14:55:00+00:00,4004.2,4004.2,4001.5,4003.3,2.834,29.0
2026-07-29 15:00:00+00:00,4003.3,4006.3,4002.6,4006.3,1.579,33.0
2026-07-29 15:05:00+00:00,4006.3,4006.7,4006.0,4006.7,0.026,7.0
2026-07-29 15:10:00+00:00,4005.3,4005.5,4005.1,4005.5,0.092,8.0
2026-07-29 15:15:00+00:00,4005.5,4005.7,4004.5,4004.5,0.227,10.0
2026-07-29 15:20:00+00:00,4004.2,4006.8,4003.6,4006.8,5.767,41.0
2026-07-29 15:25:00+00:00,4006.5,4007.2,4006.4,4007.2,0.498,8.0
2026-07-29 15:30:00+00:00,4007.1,4009.1,4007.1,4007.6,0.039,9.0
2026-07-29 15:35:00+00:00,4008.3,4008.9,4005.9,4005.9,0.161,10.0
2026-07-29 15:40:00+00:00,4005.8,4006.2,4005.1,4005.2,1.095,13.0
2026-07-29 15:45:00+00:00,4006.3,4008.4,4006.3,4008.4,2.204,14.0
2026-07-29 15:50:00+00:00,4009.0,4009.8,4008.4,4008.4,2.818,29.0
2026-07-29 15:55:00+00:00,4008.3,4008.3,4006.2,4006.2,2.468,23.0
2026-07-29 16:00:00+00:00,4006.5,4007.8,4005.7,4006.4,1.405,15.0
2026-07-29 16:05:00+00:00,4006.4,4010.8,4006.3,4010.8,0.683,17.0
2026-07-29 16:10:00+00:00,4011.5,4011.5,4008.1,4008.1,0.213,9.0
2026-07-29 16:15:00+00:00,4006.7,4008.2,4006.0,4008.2,0.201,7.0
2026-07-29 16:20:00+00:00,4008.3,4013.4,4008.3,4011.6,0.243,11.0
2026-07-29 16:25:00+00:00,4012.5,4013.3,4012.3,4013.3,0.242,9.0
2026-07-29 16:30:00+00:00,4013.2,4014.5,4012.2,4014.5,0.376,9.0
2026-07-29 16:35:00+00:00,4013.4,4014.0,4012.1,4014.0,0.031,5.0
2026-07-29 16:40:00+00:00,4013.8,4013.8,4012.4,4012.5,0.033,5.0
2026-07-29 16:45:00+00:00,4012.5,4013.2,4011.8,4013.2,0.721,12.0
2026-07-29 16:50:00+00:00,4014.0,4020.0,4014.0,4020.0,0.614,11.0
2026-07-29 16:55:00+00:00,4020.9,4027.5,4020.9,4023.5,4.092,36.0
2026-07-29 17:00:00+00:00,4023.7,4030.0,4023.6,4030.0,4.224,46.0
2026-07-29 17:05:00+00:00,4031.9,4035.2,4031.0,4034.9,2.122,18.0
2026-07-29 17:10:00+00:00,4033.8,4043.9,4033.8,4037.9,11.607,58.0
2026-07-29 17:15:00+00:00,4036.8,4041.4,4036.8,4039.3,1.617,10.0
2026-07-29 17:20:00+00:00,4040.7,4043.3,4039.7,4039.7,1.48,20.0
2026-07-29 17:25:00+00:00,4041.5,4041.5,4035.4,4035.4,3.092,31.0
2026-07-29 17:30:00+00:00,4034.3,4035.3,4033.4,4034.7,0.818,12.0
2026-07-29 17:35:00+00:00,4033.1,4036.8,4032.4,4036.8,3.481,16.0
2026-07-29 17:40:00+00:00,4036.0,4041.3,4036.0,4040.9,0.112,8.0
2026-07-29 17:45:00+00:00,4040.9,4041.9,4040.6,4041.1,0.213,7.0
2026-07-29 17:50:00+00:00,4042.3,4042.3,4040.3,4040.3,1.075,17.0
2026-07-29 17:55:00+00:00,4039.4,4040.4,4038.8,4040.3,13.987,87.0
2026-07-29 18:00:00+00:00,4040.4,4077.9,4040.1,4060.5,96.518,390.0
2026-07-29 18:05:00+00:00,4063.0,4073.8,4062.6,4068.3,9.63,81.0
2026-07-29 18:10:00+00:00,4067.6,4077.3,4066.1,4073.2,25.625,74.0
2026-07-29 18:15:00+00:00,4073.3,4074.9,4065.1,4066.5,4.205,42.0
2026-07-29 18:20:00+00:00,4065.1,4065.1,4060.9,4060.9,28.679,53.0
2026-07-29 18:25:00+00:00,4060.4,4061.0,4058.5,4059.2,1.709,31.0
2026-07-29 18:30:00+00:00,4062.5,4064.3,4048.6,4052.6,3.836,46.0
2026-07-29 18:35:00+00:00,4051.0,4063.5,4049.5,4063.5,2.749,31.0
2026-07-29 18:40:00+00:00,4065.2,4077.6,4064.9,4076.0,4.608,70.0
2026-07-29 18:45:00+00:00,4075.6,4090.9,4074.9,4090.9,14.728,89.0
2026-07-29 18:50:00+00:00,4090.8,4098.8,4085.6,4096.1,29.87,139.0
2026-07-29 18:55:00+00:00,4095.9,4099.1,4092.8,4097.2,33.587,57.0
2026-07-29 19:00:00+00:00,4097.7,4105.7,4094.4,4094.8,4.736,74.0
2026-07-29 19:05:00+00:00,4094.9,4095.3,4085.5,4086.6,23.18,92.0
2026-07-29 19:10:00+00:00,4086.5,4091.3,4082.0,4089.6,17.727,71.0
2026-07-29 19:15:00+00:00,4090.1,4093.3,4088.8,4088.8,2.22,20.0
2026-07-29 19:20:00+00:00,4088.9,4088.9,4077.5,4078.5,15.89,64.0
2026-07-29 19:25:00+00:00,4077.8,4077.9,4073.6,4075.7,5.728,50.0
2026-07-29 19:30:00+00:00,4073.8,4077.1,4061.9,4063.6,2.795,38.0
2026-07-29 19:35:00+00:00,4066.3,4066.8,4060.0,4060.1,2.418,27.0
2026-07-29 19:40:00+00:00,4059.1,4064.1,4059.1,4060.5,1.54,16.0
2026-07-29 19:45:00+00:00,4063.2,4063.2,4058.4,4060.0,73.368,239.0
2026-07-29 19:50:00+00:00,4060.9,4060.9,4055.9,4056.0,7.345,45.0
2026-07-29 19:55:00+00:00,4054.7,4054.7,4040.0,4040.9,3.168,39.0
2026-07-29 20:00:00+00:00,4039.0,4046.4,4038.6,4044.4,9.763,67.0
2026-07-29 20:05:00+00:00,4044.9,4045.9,4044.4,4045.4,2.45,28.0
2026-07-29 20:10:00+00:00,4045.9,4049.3,4043.2,4049.3,17.112,51.0
2026-07-29 20:15:00+00:00,4046.1,4046.1,4043.7,4043.7,1.045,9.0
2026-07-29 20:20:00+00:00,4043.6,4043.9,4040.5,4043.1,0.157,13.0
2026-07-29 20:25:00+00:00,4043.7,4049.5,4043.7,4048.9,1.55,18.0
2026-07-29 20:30:00+00:00,4049.0,4052.1,4048.9,4052.1,1.28,20.0
2026-07-29 20:35:00+00:00,4052.2,4055.4,4052.0,4055.4,0.796,10.0
2026-07-29 20:40:00+00:00,4056.7,4060.6,4056.7,4059.8,0.578,11.0
2026-07-29 20:45:00+00:00,4059.8,4061.8,4058.9,4060.2,1.844,11.0
2026-07-29 20:50:00+00:00,4060.2,4060.2,4057.8,4058.6,0.962,14.0
2026-07-29 20:55:00+00:00,4058.6,4061.1,4058.6,4061.1,0.08,7.0
2026-07-29 21:00:00+00:00,4061.4,4061.4,4059.8,4060.5,1.877,39.0
2026-07-29 21:05:00+00:00,4059.8,4059.8,4059.3,4059.3,0.95,27.0
2026-07-29 21:10:00+00:00,4059.2,4061.2,4059.0,4061.2,1.507,38.0
2026-07-29 21:15:00+00:00,4060.9,4061.0,4059.1,4059.1,0.43,22.0
2026-07-29 21:20:00+00:00,4059.2,4059.3,4055.3,4056.9,0.626,15.0
2026-07-29 21:25:00+00:00,4057.3,4057.4,4057.2,4057.3,0.361,14.0
2026-07-29 21:30:00+00:00,4057.3,4057.4,4057.3,4057.3,0.093,9.0
2026-07-29 21:35:00+00:00,4057.5,4057.6,4057.2,4057.3,0.752,14.0
2026-07-29 21:40:00+00:00,4057.3,4057.5,4057.3,4057.5,1.055,7.0
2026-07-29 21:45:00+00:00,4057.4,4057.5,4057.4,4057.4,0.257,9.0
2026-07-29 21:50:00+00:00,4057.4,4057.5,4057.4,4057.4,0.062,12.0
2026-07-29 21:55:00+00:00,4057.3,4057.3,4057.2,4057.2,0.041,8.0
2026-07-29 22:00:00+00:00,4057.3,4067.5,4057.3,4066.3,20.803,62.0
2026-07-29 22:05:00+00:00,4066.2,4066.5,4059.9,4062.5,2.75,41.0
2026-07-29 22:10:00+00:00,4064.5,4069.9,4064.5,4069.1,1.243,28.0
2026-07-29 22:15:00+00:00,4069.8,4070.6,4068.1,4068.1,2.281,41.0
2026-07-29 22:20:00+00:00,4068.1,4069.0,4068.1,4069.0,1.851,34.0
2026-07-29 22:25:00+00:00,4068.5,4068.8,4067.5,4067.9,0.397,19.0
2026-07-29 22:30:00+00:00,4069.1,4069.8,4067.5,4068.0,0.602,12.0
2026-07-29 22:35:00+00:00,4069.0,4070.6,4069.0,4069.7,0.02,4.0
2026-07-29 22:40:00+00:00,4068.5,4073.0,4068.5,4072.8,3.317,23.0
2026-07-29 22:45:00+00:00,4073.5,4077.1,4073.5,4077.0,2.925,27.0
2026-07-29 22:50:00+00:00,4077.8,4078.2,4077.7,4078.2,0.145,12.0
2026-07-29 22:55:00+00:00,4078.7,4082.1,4078.7,4080.5,4.013,24.0
2026-07-29 23:00:00+00:00,4080.7,4087.0,4080.6,4086.9,16.135,75.0
2026-07-29 23:05:00+00:00,4086.9,4091.3,4086.5,4090.2,8.185,40.0
2026-07-29 23:10:00+00:00,4090.2,4090.2,4083.9,4083.9,0.54,18.0
2026-07-29 23:15:00+00:00,4083.6,4085.6,4082.9,4085.6,0.071,10.0
2026-07-29 23:20:00+00:00,4085.6,4085.7,4085.6,4085.7,0.019,4.0
2026-07-29 23:25:00+00:00,4083.4,4086.4,4083.4,4084.5,0.35,10.0
2026-07-29 23:30:00+00:00,4085.1,4085.1,4083.4,4084.4,0.025,6.0
2026-07-29 23:35:00+00:00,4084.8,4087.3,4084.8,4086.5,1.203,9.0
2026-07-29 23:40:00+00:00,4085.6,4085.6,4084.0,4084.0,1.072,14.0
2026-07-29 23:45:00+00:00,4084.0,4085.7,4084.0,4085.1,0.799,10.0
2026-07-29 23:50:00+00:00,4085.0,4085.0,4082.2,4082.2,0.675,8.0
2026-07-29 23:55:00+00:00,4081.5,4081.5,4079.3,4079.3,0.609,20.0
2026-07-30 00:00:00+00:00,4079.1,4080.0,4075.5,4076.3,43.526,241.0
2026-07-30 00:05:00+00:00,4076.4,4078.7,4076.0,4077.5,28.757,99.0
2026-07-30 00:10:00+00:00,4076.3,4076.3,4075.0,4075.3,3.362,29.0
2026-07-30 00:15:00+00:00,4076.3,4077.5,4073.9,4073.9,4.786,24.0
2026-07-30 00:20:00+00:00,4072.4,4074.4,4071.9,4074.3,1.22,22.0
2026-07-30 00:25:00+00:00,4074.8,4074.8,4068.6,4070.9,1.738,24.0
2026-07-30 00:30:00+00:00,4070.5,4071.6,4068.6,4068.6,1.257,15.0
2026-07-30 00:35:00+00:00,4067.3,4067.3,4065.1,4065.1,0.158,10.0
2026-07-30 00:40:00+00:00,4064.4,4065.9,4061.7,4061.7,0.199,21.0
2026-07-30 00:45:00+00:00,4062.9,4062.9,4061.7,4062.3,1.527,10.0
2026-07-30 00:50:00+00:00,4062.2,4062.8,4061.7,4062.8,0.208,11.0
2026-07-30 00:55:00+00:00,4062.8,4066.3,4062.8,4066.3,0.538,15.0
2026-07-30 01:00:00+00:00,4066.1,4080.4,4065.1,4080.4,0.973,34.0
2026-07-30 01:05:00+00:00,4080.6,4085.1,4080.6,4081.0,0.247,17.0
2026-07-30 01:10:00+00:00,4079.8,4079.8,4069.9,4069.9,0.952,35.0
2026-07-30 01:15:00+00:00,4070.3,4072.5,4069.2,4070.1,0.317,17.0
2026-07-30 01:20:00+00:00,4069.7,4075.4,4069.7,4075.4,0.14,11.0
2026-07-30 01:25:00+00:00,4075.4,4078.3,4075.4,4075.8,0.191,11.0
2026-07-30 01:30:00+00:00,4076.2,4080.3,4076.2,4080.3,0.577,9.0
2026-07-30 01:35:00+00:00,4080.3,4082.2,4079.4,4081.4,0.361,19.0
2026-07-30 01:40:00+00:00,4083.0,4083.4,4081.5,4081.5,0.072,11.0
2026-07-30 01:45:00+00:00,4081.7,4083.1,4078.5,4083.1,0.385,12.0
2026-07-30 01:50:00+00:00,4083.0,4083.2,4081.6,4082.4,0.288,13.0
2026-07-30 01:55:00+00:00,4081.7,4083.3,4078.7,4078.8,0.47,23.0
2026-07-30 02:00:00+00:00,4078.8,4083.1,4078.8,4082.6,1.39,44.0
2026-07-30 02:05:00+00:00,4082.7,4082.7,4081.5,4081.5,0.266,12.0
2026-07-30 02:10:00+00:00,4080.2,4080.2,4078.1,4078.1,0.062,17.0
2026-07-30 02:15:00+00:00,4077.8,4077.8,4075.1,4075.2,0.079,14.0
2026-07-30 02:20:00+00:00,4076.0,4077.4,4076.0,4077.4,0.172,11.0
2026-07-30 02:25:00+00:00,4077.2,4077.2,4075.2,4077.1,0.178,10.0
2026-07-30 02:30:00+00:00,4077.0,4077.0,4071.0,4071.1,0.134,18.0
2026-07-30 02:35:00+00:00,4072.0,4072.3,4070.1,4071.1,0.144,13.0
2026-07-30 02:40:00+00:00,4072.7,4073.1,4069.4,4071.7,0.591,11.0
2026-07-30 02:45:00+00:00,4071.6,4071.6,4070.7,4070.7,0.075,8.0
2026-07-30 02:50:00+00:00,4069.3,4069.7,4067.7,4067.8,0.032,5.0
2026-07-30 02:55:00+00:00,4066.9,4066.9,4060.6,4060.6,0.247,14.0
2026-07-30 03:00:00+00:00,4060.5,4064.3,4059.1,4064.1,1.427,18.0
2026-07-30 03:05:00+00:00,4064.2,4064.5,4061.2,4061.2,0.116,14.0
2026-07-30 03:10:00+00:00,4060.9,4060.9,4057.6,4057.7,15.863,27.0
2026-07-30 03:15:00+00:00,4059.2,4059.2,4054.3,4054.3,0.242,10.0
2026-07-30 03:20:00+00:00,4053.9,4054.3,4052.5,4053.8,0.111,8.0
2026-07-30 03:25:00+00:00,4053.7,4053.7,4050.8,4050.8,0.068,10.0
2026-07-30 03:30:00+00:00,4050.6,4051.6,4049.1,4051.5,1.037,16.0
2026-07-30 03:35:00+00:00,4051.6,4051.6,4048.7,4048.7,0.039,6.0
2026-07-30 03:40:00+00:00,4049.4,4050.4,4049.4,4049.9,0.032,6.0
2026-07-30 03:45:00+00:00,4051.4,4054.4,4051.4,4054.4,0.213,7.0
2026-07-30 03:50:00+00:00,4054.5,4055.3,4054.5,4055.2,2.414,16.0
2026-07-30 03:55:00+00:00,4055.0,4055.1,4054.9,4055.0,0.339,10.0
2026-07-30 04:00:00+00:00,4055.0,4055.7,4053.2,4053.2,0.549,22.0
2026-07-30 04:05:00+00:00,4052.9,4053.1,4052.1,4053.1,0.042,9.0
2026-07-30 04:10:00+00:00,4053.0,4053.0,4050.4,4050.4,2.377,6.0
2026-07-30 04:15:00+00:00,4050.5,4050.6,4050.3,4050.4,0.607,11.0
2026-07-30 04:20:00+00:00,4049.0,4049.2,4048.9,4048.9,0.031,6.0
2026-07-30 04:25:00+00:00,4049.0,4051.1,4048.9,4050.7,0.165,9.0
2026-07-30 04:30:00+00:00,4050.4,4050.7,4049.8,4050.0,0.981,12.0
2026-07-30 04:35:00+00:00,4049.2,4049.3,4047.2,4047.2,0.087,9.0
2026-07-30 04:40:00+00:00,4047.3,4047.3,4045.8,4046.7,0.167,13.0
2026-07-30 04:45:00+00:00,4046.6,4048.4,4044.7,4044.8,0.431,18.0
2026-07-30 04:50:00+00:00,4044.7,4046.2,4043.9,4045.8,24.339,43.0
2026-07-30 04:55:00+00:00,4045.8,4045.8,4043.1,4044.1,0.739,21.0
2026-07-30 05:00:00+00:00,4043.3,4043.3,4040.9,4042.0,2.782,30.0
2026-07-30 05:05:00+00:00,4042.0,4042.6,4041.2,4042.6,0.475,19.0
2026-07-30 05:10:00+00:00,4042.6,4042.6,4042.5,4042.6,0.22,8.0
2026-07-30 05:15:00+00:00,4042.6,4042.9,4037.2,4038.4,2.879,44.0
2026-07-30 05:20:00+00:00,4041.2,4042.2,4040.3,4041.7,0.426,11.0
2026-07-30 05:25:00+00:00,4042.2,4045.0,4042.1,4045.0,1.07,18.0
2026-07-30 05:30:00+00:00,4044.9,4049.2,4044.9,4046.6,0.703,17.0
2026-07-30 05:35:00+00:00,4046.0,4046.0,4029.4,4031.2,6.268,76.0
2026-07-30 05:40:00+00:00,4031.3,4035.0,4031.2,4033.3,1.302,23.0
2026-07-30 05:45:00+00:00,4032.5,4036.7,4031.1,4031.1,1.395,28.0
2026-07-30 05:50:00+00:00,4034.3,4034.3,4031.4,4031.4,1.391,30.0
2026-07-30 05:55:00+00:00,4032.2,4033.9,4030.3,4033.6,1.572,17.0
2026-07-30 06:00:00+00:00,4036.2,4036.2,4034.5,4036.0,1.418,27.0
2026-07-30 06:05:00+00:00,4036.4,4037.1,4035.0,4035.9,1.348,27.0
2026-07-30 06:10:00+00:00,4035.6,4036.0,4032.2,4032.2,1.404,26.0
2026-07-30 06:15:00+00:00,4032.0,4032.1,4031.6,4031.6,0.4,9.0
2026-07-30 06:20:00+00:00,4033.7,4037.2,4033.1,4036.9,0.81,11.0
2026-07-30 06:25:00+00:00,4036.2,4036.2,4030.4,4030.8,0.923,18.0
2026-07-30 06:30:00+00:00,4034.0,4035.4,4031.1,4034.4,0.87,18.0
2026-07-30 06:35:00+00:00,4034.2,4035.2,4033.8,4035.2,0.441,9.0
2026-07-30 06:40:00+00:00,4035.1,4035.9,4034.0,4035.4,15.345,44.0
2026-07-30 06:45:00+00:00,4035.4,4036.0,4033.7,4033.7,1.712,15.0
2026-07-30 06:50:00+00:00,4035.1,4038.4,4035.1,4038.4,0.209,12.0
2026-07-30 06:55:00+00:00,4038.3,4038.3,4035.2,4035.2,0.583,12.0
2026-07-30 07:00:00+00:00,4035.0,4044.2,4035.0,4044.2,1.103,14.0
2026-07-30 07:05:00+00:00,4043.2,4043.5,4042.0,4043.0,0.589,11.0
2026-07-30 07:10:00+00:00,4043.9,4044.4,4043.6,4044.1,0.369,10.0
2026-07-30 07:15:00+00:00,4044.5,4047.8,4044.5,4047.8,0.721,20.0
2026-07-30 07:20:00+00:00,4047.3,4047.3,4043.5,4045.6,2.193,33.0
2026-07-30 07:25:00+00:00,4045.6,4045.6,4043.0,4044.3,2.505,17.0
2026-07-30 07:30:00+00:00,4044.3,4044.3,4039.9,4039.9,1.18,23.0
2026-07-30 07:35:00+00:00,4040.0,4040.1,4036.8,4038.3,2.41,21.0
2026-07-30 07:40:00+00:00,4039.4,4044.9,4039.4,4044.9,3.161,21.0
2026-07-30 07:45:00+00:00,4044.2,4044.3,4041.0,4041.0,1.947,20.0
2026-07-30 07:50:00+00:00,4040.4,4043.0,4040.3,4040.3,3.754,23.0
2026-07-30 07:55:00+00:00,4040.2,4040.2,4038.0,4039.4,0.872,17.0
2026-07-30 08:00:00+00:00,4038.3,4042.6,4036.5,4042.6,3.043,46.0
2026-07-30 08:05:00+00:00,4043.8,4050.7,4043.8,4049.0,1.395,11.0
2026-07-30 08:10:00+00:00,4048.7,4053.0,4048.7,4052.6,160.071,153.0
2026-07-30 08:15:00+00:00,4052.1,4054.7,4052.0,4054.6,3.202,45.0
2026-07-30 08:20:00+00:00,4055.6,4060.9,4055.5,4058.3,3.2,32.0
2026-07-30 08:25:00+00:00,4058.0,4064.6,4058.0,4061.8,5.957,74.0
2026-07-30 08:30:00+00:00,4062.2,4069.2,4062.2,4066.8,4.307,25.0
2026-07-30 08:35:00+00:00,4064.2,4067.4,4062.3,4062.3,0.439,7.0
2026-07-30 08:40:00+00:00,4061.9,4062.6,4061.3,4062.5,2.221,61.0
2026-07-30 08:45:00+00:00,4062.5,4066.7,4061.4,4061.4,1.752,44.0
2026-07-30 08:50:00+00:00,4060.4,4060.5,4058.5,4058.5,10.246,67.0
2026-07-30 08:55:00+00:00,4058.6,4058.6,4057.9,4058.5,0.265,17.0
2026-07-30 09:00:00+00:00,4058.6,4062.4,4057.9,4062.4,21.726,515.0
2026-07-30 09:05:00+00:00,4062.5,4064.5,4062.5,4064.5,7.191,109.0
2026-07-30 09:10:00+00:00,4063.6,4063.9,4062.6,4063.2,2.697,79.0
2026-07-30 09:15:00+00:00,4062.6,4063.2,4062.5,4063.2,0.255,11.0
2026-07-30 09:20:00+00:00,4064.5,4068.0,4064.5,4066.4,0.993,18.0
2026-07-30 09:25:00+00:00,4066.7,4067.7,4065.4,4065.4,0.396,10.0
2026-07-30 09:30:00+00:00,4062.4,4062.4,4059.1,4061.2,0.14,8.0
2026-07-30 09:35:00+00:00,4062.8,4065.1,4062.8,4063.0,0.392,7.0
2026-07-30 09:40:00+00:00,4062.8,4062.8,4062.3,4062.3,0.06,8.0
2026-07-30 09:45:00+00:00,4062.1,4063.5,4062.1,4063.2,3.234,10.0
2026-07-30 09:50:00+00:00,4066.7,4069.1,4065.9,4065.9,0.52,11.0
2026-07-30 09:55:00+00:00,4063.2,4063.3,4061.4,4061.4,0.025,6.0
2026-07-30 10:00:00+00:00,4061.8,4064.8,4061.8,4063.3,0.036,11.0
2026-07-30 10:05:00+00:00,4063.4,4067.6,4063.4,4067.6,0.149,14.0
2026-07-30 10:10:00+00:00,4067.9,4069.6,4062.7,4065.8,3.098,30.0
2026-07-30 10:15:00+00:00,4066.4,4073.5,4066.4,4072.8,5.836,28.0
2026-07-30 10:20:00+00:00,4072.5,4073.4,4071.6,4073.3,0.394,6.0
2026-07-30 10:25:00+00:00,4072.6,4074.0,4072.6,4072.7,12.305,23.0
2026-07-30 10:30:00+00:00,4073.6,4076.6,4073.6,4075.1,17.856,38.0
2026-07-30 10:35:00+00:00,4076.0,4077.9,4074.7,4074.8,1.071,13.0
2026-07-30 10:40:00+00:00,4077.3,4078.2,4077.1,4078.2,0.065,4.0
2026-07-30 10:45:00+00:00,4078.7,4079.2,4076.8,4076.8,2.436,16.0
2026-07-30 10:50:00+00:00,4076.6,4076.6,4075.4,4075.4,0.66,12.0
2026-07-30 10:55:00+00:00,4075.9,4075.9,4074.6,4074.6,0.144,6.0
2026-07-30 11:00:00+00:00,4074.7,4076.4,4074.7,4075.8,0.75,11.0
2026-07-30 11:05:00+00:00,4075.8,4078.2,4075.7,4078.1,0.043,12.0
2026-07-30 11:10:00+00:00,4078.0,4078.8,4076.2,4076.2,1.603,16.0
2026-07-30 11:15:00+00:00,4076.1,4077.2,4075.6,4075.6,0.204,10.0
2026-07-30 11:20:00+00:00,4075.0,4076.0,4073.9,4076.0,0.512,20.0
2026-07-30 11:25:00+00:00,4077.5,4077.5,4074.0,4074.0,1.014,12.0
2026-07-30 11:30:00+00:00,4073.9,4073.9,4073.5,4073.5,0.149,7.0
2026-07-30 11:35:00+00:00,4073.4,4074.5,4073.4,4074.5,0.69,13.0
2026-07-30 11:40:00+00:00,4074.1,4075.2,4074.1,4074.7,0.251,8.0
2026-07-30 11:45:00+00:00,4074.4,4074.4,4072.7,4073.5,1.639,19.0
2026-07-30 11:50:00+00:00,4073.5,4075.8,4073.5,4075.8,0.114,9.0
2026-07-30 11:55:00+00:00,4077.0,4077.0,4074.1,4074.8,11.151,27.0
2026-07-30 12:00:00+00:00,4074.5,4075.6,4072.5,4075.6,12.255,59.0
2026-07-30 12:05:00+00:00,4078.0,4078.5,4077.8,4078.2,0.745,10.0
2026-07-30 12:10:00+00:00,4077.7,4077.9,4073.2,4077.4,14.075,37.0
2026-07-30 12:15:00+00:00,4074.7,4074.7,4070.2,4070.7,5.409,61.0
2026-07-30 12:20:00+00:00,4070.8,4072.8,4069.4,4072.8,0.484,11.0
2026-07-30 12:25:00+00:00,4075.3,4076.8,4074.8,4075.2,0.176,9.0
2026-07-30 12:30:00+00:00,4075.7,4081.7,4068.6,4070.3,7.084,47.0
2026-07-30 12:35:00+00:00,4072.5,4073.6,4070.9,4073.6,0.652,10.0
2026-07-30 12:40:00+00:00,4074.3,4076.3,4072.8,4073.9,0.489,10.0
2026-07-30 12:45:00+00:00,4075.2,4075.2,4071.3,4071.3,0.234,10.0
2026-07-30 12:50:00+00:00,4072.1,4072.6,4065.7,4068.5,2.133,26.0
2026-07-30 12:55:00+00:00,4068.0,4071.0,4067.0,4070.0,0.365,14.0
2026-07-30 13:00:00+00:00,4067.6,4070.8,4064.4,4066.6,3.095,29.0
2026-07-30 13:05:00+00:00,4067.4,4072.9,4065.7,4072.8,0.973,16.0
2026-07-30 13:10:00+00:00,4070.8,4072.0,4068.0,4071.8,1.459,14.0
2026-07-30 13:15:00+00:00,4072.9,4072.9,4070.0,4070.0,1.449,13.0
2026-07-30 13:20:00+00:00,4069.6,4078.3,4069.6,4078.3,0.577,14.0
2026-07-30 13:25:00+00:00,4076.2,4076.2,4073.0,4075.9,0.052,6.0
2026-07-30 13:30:00+00:00,4075.9,4077.7,4072.4,4072.4,2.792,14.0
2026-07-30 13:35:00+00:00,4074.5,4092.7,4074.5,4085.4,2.424,43.0
2026-07-30 13:40:00+00:00,4085.3,4090.2,4082.9,4086.6,1.646,21.0
2026-07-30 13:45:00+00:00,4084.4,4095.0,4083.0,4088.6,1.934,24.0
2026-07-30 13:50:00+00:00,4090.2,4095.7,4089.6,4095.6,4.036,21.0
2026-07-30 13:55:00+00:00,4095.9,4104.7,4094.8,4104.7,14.186,40.0
2026-07-30 14:00:00+00:00,4104.0,4112.8,4100.8,4100.8,6.012,84.0
2026-07-30 14:05:00+00:00,4100.7,4102.0,4089.5,4094.0,9.31,53.0
2026-07-30 14:10:00+00:00,4093.4,4095.4,4091.7,4091.7,1.335,8.0
2026-07-30 14:15:00+00:00,4091.9,4093.3,4086.2,4086.3,1.96,34.0
2026-07-30 14:20:00+00:00,4086.1,4093.2,4084.5,4085.2,4.913,46.0
2026-07-30 14:25:00+00:00,4085.2,4091.2,4083.4,4090.9,14.203,64.0
2026-07-30 14:30:00+00:00,4091.7,4097.1,4090.6,4095.9,14.018,114.0
2026-07-30 14:35:00+00:00,4096.2,4100.5,4096.2,4100.1,18.793,147.0
2026-07-30 14:40:00+00:00,4100.8,4104.9,4099.4,4104.7,19.408,101.0
2026-07-30 14:45:00+00:00,4104.6,4105.9,4097.0,4099.4,20.552,128.0
2026-07-30 14:50:00+00:00,4099.4,4099.4,4094.1,4095.5,28.33,135.0
2026-07-30 14:55:00+00:00,4095.1,4095.8,4092.7,4095.3,18.138,85.0
2026-07-30 15:00:00+00:00,4095.3,4095.3,4092.3,4092.5,20.253,94.0
2026-07-30 15:05:00+00:00,4092.5,4093.3,4086.1,4087.1,30.063,145.0
2026-07-30 15:10:00+00:00,4087.1,4087.1,4080.0,4081.8,18.226,123.0
2026-07-30 15:15:00+00:00,4081.9,4092.1,4081.3,4092.0,12.829,73.0
2026-07-30 15:20:00+00:00,4092.0,4093.0,4088.5,4088.9,22.003,163.0
2026-07-30 15:25:00+00:00,4088.9,4090.6,4086.8,4090.6,24.368,151.0
2026-07-30 15:30:00+00:00,4090.5,4094.3,4087.5,4094.3,12.295,103.0
2026-07-30 15:35:00+00:00,4094.4,4095.1,4094.3,4095.0,3.06,8.0
2026-07-30 15:40:00+00:00,4095.2,4100.7,4095.2,4100.7,0.66,13.0
2026-07-30 15:45:00+00:00,4099.4,4100.7,4098.9,4100.7,0.857,12.0
2026-07-30 15:50:00+00:00,4100.4,4101.7,4099.7,4101.7,1.189,14.0
2026-07-30 15:55:00+00:00,4102.5,4103.7,4101.7,4101.7,0.72,13.0
2026-07-30 16:00:00+00:00,4102.6,4108.8,4102.6,4108.7,4.557,47.0
2026-07-30 16:05:00+00:00,4108.2,4108.2,4105.6,4105.6,8.211,21.0
2026-07-30 16:10:00+00:00,4105.5,4108.8,4103.5,4108.4,1.16,22.0
2026-07-30 16:15:00+00:00,4108.2,4109.1,4108.1,4109.1,11.265,16.0
2026-07-30 16:20:00+00:00,4108.9,4113.2,4108.8,4112.1,15.023,37.0
2026-07-30 16:25:00+00:00,4112.2,4112.2,4109.6,4109.6,0.669,17.0
2026-07-30 16:30:00+00:00,4109.5,4109.5,4107.3,4107.3,41.225,51.0
2026-07-30 16:35:00+00:00,4106.8,4106.8,4102.6,4102.6,5.091,38.0
2026-07-30 16:40:00+00:00,4102.5,4103.3,4101.0,4101.0,1.729,17.0
2026-07-30 16:45:00+00:00,4101.4,4101.4,4100.7,4101.1,0.928,10.0
2026-07-30 16:50:00+00:00,4101.6,4102.0,4100.8,4100.8,0.844,16.0
2026-07-30 16:55:00+00:00,4101.7,4103.1,4101.7,4103.0,0.957,18.0
2026-07-30 17:00:00+00:00,4103.6,4103.6,4100.9,4100.9,1.951,27.0
2026-07-30 17:05:00+00:00,4100.7,4101.1,4100.7,4100.9,0.277,8.0
2026-07-30 17:10:00+00:00,4100.8,4100.8,4100.0,4100.0,1.883,23.0
2026-07-30 17:15:00+00:00,4099.2,4100.9,4098.5,4100.9,1.127,22.0
2026-07-30 17:20:00+00:00,4100.7,4101.8,4100.1,4101.7,0.255,11.0
2026-07-30 17:25:00+00:00,4102.4,4102.4,4094.2,4095.2,7.386,57.0
2026-07-30 17:30:00+00:00,4096.6,4096.8,4096.3,4096.5,0.974,16.0
2026-07-30 17:35:00+00:00,4096.0,4102.2,4095.7,4098.8,1.384,18.0
2026-07-30 17:40:00+00:00,4097.8,4100.8,4097.8,4099.9,0.332,8.0
2026-07-30 17:45:00+00:00,4099.9,4102.1,4099.9,4101.2,3.726,22.0
2026-07-30 17:50:00+00:00,4099.9,4099.9,4098.6,4098.9,0.858,16.0
2026-07-30 17:55:00+00:00,4098.8,4098.8,4097.1,4097.7,0.792,10.0
2026-07-30 18:00:00+00:00,4098.7,4100.1,4098.7,4100.1,1.926,10.0
2026-07-30 18:05:00+00:00,4100.0,4100.2,4099.6,4099.7,1.466,17.0
2026-07-30 18:10:00+00:00,4100.2,4100.2,4099.9,4100.2,2.793,7.0
2026-07-30 18:15:00+00:00,4100.3,4100.3,4098.6,4098.6,1.153,16.0
2026-07-30 18:20:00+00:00,4098.6,4098.6,4096.9,4097.6,1.426,12.0
2026-07-30 18:25:00+00:00,4097.1,4097.7,4096.0,4097.7,0.671,10.0
2026-07-30 18:30:00+00:00,4098.0,4101.5,4098.0,4101.5,0.233,13.0
2026-07-30 18:35:00+00:00,4101.7,4101.7,4099.9,4099.9,1.319,14.0
2026-07-30 18:40:00+00:00,4099.9,4099.9,4099.0,4099.0,0.828,9.0
2026-07-30 18:45:00+00:00,4098.9,4098.9,4096.2,4096.2,1.278,12.0
2026-07-30 18:50:00+00:00,4096.1,4096.1,4094.3,4094.3,3.814,28.0
2026-07-30 18:55:00+00:00,4094.7,4094.7,4094.6,4094.6,0.04,9.0
2026-07-30 19:00:00+00:00,4094.8,4097.9,4094.3,4097.9,2.392,27.0
2026-07-30 19:05:00+00:00,4098.2,4100.3,4098.2,4100.3,2.011,11.0
2026-07-30 19:10:00+00:00,4100.7,4102.4,4099.8,4100.9,49.453,36.0
2026-07-30 19:15:00+00:00,4100.9,4107.2,4099.5,4106.1,3.984,27.0
2026-07-30 19:20:00+00:00,4106.1,4106.1,4104.9,4105.1,4.129,19.0
2026-07-30 19:25:00+00:00,4105.5,4108.8,4105.5,4107.3,1.525,14.0
2026-07-30 19:30:00+00:00,4107.4,4108.0,4107.4,4107.8,0.745,7.0
2026-07-30 19:35:00+00:00,4108.3,4108.6,4106.3,4106.3,2.332,23.0
2026-07-30 19:40:00+00:00,4106.4,4107.3,4105.6,4106.7,2.206,12.0
2026-07-30 19:45:00+00:00,4106.3,4106.3,4105.6,4106.2,0.497,12.0
2026-07-30 19:50:00+00:00,4106.3,4106.3,4104.1,4104.1,1.579,16.0
2026-07-30 19:55:00+00:00,4104.0,4106.1,4104.0,4106.0,0.746,7.0
2026-07-30 20:00:00+00:00,4106.0,4110.0,4104.0,4109.9,1.611,28.0
2026-07-30 20:05:00+00:00,4110.0,4110.0,4108.5,4108.6,0.227,10.0
2026-07-30 20:10:00+00:00,4109.1,4109.2,4106.8,4107.7,1.402,21.0
2026-07-30 20:15:00+00:00,4107.8,4107.9,4107.3,4107.3,2.713,19.0
2026-07-30 20:20:00+00:00,4107.5,4107.5,4106.8,4106.8,0.348,10.0
2026-07-30 20:25:00+00:00,4106.8,4106.9,4105.3,4105.9,1.041,14.0
2026-07-30 20:30:00+00:00,4105.4,4105.5,4102.2,4102.7,2.343,20.0
2026-07-30 20:35:00+00:00,4102.6,4102.6,4101.3,4101.3,0.511,7.0
2026-07-30 20:40:00+00:00,4101.4,4101.4,4097.8,4097.8,0.908,17.0
2026-07-30 20:45:00+00:00,4097.6,4097.7,4095.9,4095.9,1.742,13.0
2026-07-30 20:50:00+00:00,4095.4,4097.2,4095.4,4097.2,0.467,12.0
2026-07-30 20:55:00+00:00,4098.0,4099.1,4098.0,4099.1,1.207,9.0
2026-07-30 21:00:00+00:00,4099.0,4100.2,4099.0,4100.2,0.635,14.0
2026-07-30 21:05:00+00:00,4100.3,4100.5,4100.3,4100.5,0.204,14.0
2026-07-30 21:10:00+00:00,4100.4,4100.5,4099.9,4099.9,0.311,6.0
2026-07-30 21:15:00+00:00,4099.9,4100.0,4099.9,4100.0,0.044,9.0
2026-07-30 21:20:00+00:00,4100.0,4100.0,4099.8,4099.8,0.034,8.0
2026-07-30 21:25:00+00:00,4099.6,4099.7,4097.3,4097.9,5.887,31.0
2026-07-30 21:30:00+00:00,4098.1,4098.4,4097.9,4097.9,0.032,6.0
2026-07-30 21:35:00+00:00,4097.8,4097.8,4097.0,4097.0,0.342,11.0
2026-07-30 21:40:00+00:00,4099.7,4101.4,4099.7,4101.4,1.054,15.0
2026-07-30 21:45:00+00:00,4101.3,4101.7,4101.3,4101.7,0.226,9.0
2026-07-30 21:50:00+00:00,4101.7,4101.7,4101.6,4101.6,0.049,10.0
2026-07-30 21:55:00+00:00,4101.8,4101.8,4101.7,4101.7,0.073,7.0
2026-07-30 22:00:00+00:00,4101.7,4101.7,4098.6,4100.0,1.771,25.0
2026-07-30 22:05:00+00:00,4099.4,4099.4,4098.2,4099.0,1.006,14.0
2026-07-30 22:10:00+00:00,4099.2,4100.6,4099.2,4100.6,0.54,23.0
2026-07-30 22:15:00+00:00,4100.6,4101.1,4100.6,4101.1,0.048,7.0
2026-07-30 22:20:00+00:00,4101.2,4101.2,4101.1,4101.2,0.06,7.0
2026-07-30 22:25:00+00:00,4101.1,4101.5,4101.1,4101.5,0.485,11.0
2026-07-30 22:30:00+00:00,4101.4,4101.8,4101.4,4101.7,0.508,19.0
2026-07-30 22:35:00+00:00,4101.8,4102.4,4101.8,4102.4,0.486,16.0
2026-07-30 22:40:00+00:00,4102.4,4102.9,4102.4,4102.9,0.517,20.0
2026-07-30 22:45:00+00:00,4103.0,4104.0,4103.0,4103.9,0.497,18.0
2026-07-30 22:50:00+00:00,4104.0,4104.0,4103.9,4104.0,0.419,15.0
2026-07-30 22:55:00+00:00,4104.2,4104.2,4103.9,4103.9,0.655,26.0
2026-07-30 23:00:00+00:00,4103.6,4104.9,4103.6,4104.8,0.038,8.0
2026-07-30 23:05:00+00:00,4104.9,4105.4,4103.9,4103.9,1.062,14.0
2026-07-30 23:10:00+00:00,4103.9,4103.9,4101.3,4101.4,2.289,27.0
2026-07-30 23:15:00+00:00,4101.3,4101.4,4101.0,4101.0,7.536,13.0
2026-07-30 23:20:00+00:00,4100.9,4101.4,4099.9,4101.4,0.755,13.0
2026-07-30 23:25:00+00:00,4101.4,4101.5,4100.0,4100.0,4.397,17.0
2026-07-30 23:30:00+00:00,4100.0,4100.0,4099.2,4099.8,3.505,16.0
2026-07-30 23:35:00+00:00,4099.7,4100.2,4098.8,4100.2,2.205,12.0
2026-07-30 23:40:00+00:00,4101.0,4101.7,4100.4,4100.4,0.627,7.0
2026-07-30 23:45:00+00:00,4103.1,4103.3,4101.2,4102.7,29.073,25.0
2026-07-30 23:50:00+00:00,4102.2,4102.2,4100.6,4101.3,0.952,9.0
2026-07-30 23:55:00+00:00,4100.3,4100.3,4100.2,4100.2,0.311,8.0
2026-07-31 00:00:00+00:00,4100.5,4100.5,4095.6,4097.7,64.843,357.0
2026-07-31 00:05:00+00:00,4097.8,4097.8,4096.0,4096.5,0.402,8.0
2026-07-31 00:10:00+00:00,4096.5,4097.0,4093.9,4094.6,13.016,44.0
2026-07-31 00:15:00+00:00,4095.6,4095.6,4094.7,4094.7,0.948,7.0
2026-07-31 00:20:00+00:00,4094.5,4096.4,4093.5,4096.0,2.23,27.0
2026-07-31 00:25:00+00:00,4096.2,4096.2,4091.0,4091.0,2.466,17.0
2026-07-31 00:30:00+00:00,4090.2,4090.2,4088.5,4088.5,2.092,17.0
2026-07-31 00:35:00+00:00,4088.4,4088.4,4086.5,4086.6,0.703,18.0
2026-07-31 00:40:00+00:00,4086.4,4086.6,4085.1,4086.1,0.805,19.0
2026-07-31 00:45:00+00:00,4087.5,4087.9,4085.5,4087.9,0.488,15.0
2026-07-31 00:50:00+00:00,4088.0,4089.3,4088.0,4089.2,0.544,23.0
2026-07-31 00:55:00+00:00,4088.4,4090.7,4088.4,4090.4,0.702,20.0
2026-07-31 01:00:00+00:00,4090.4,4094.8,4090.4,4093.0,8.837,48.0
2026-07-31 01:05:00+00:00,4092.4,4095.1,4091.8,4094.7,0.6,19.0
2026-07-31 01:10:00+00:00,4094.3,4094.3,4084.9,4084.9,5.673,41.0
2026-07-31 01:15:00+00:00,4084.9,4086.6,4083.3,4086.6,0.776,14.0
2026-07-31 01:20:00+00:00,4089.4,4090.1,4087.3,4087.3,0.766,14.0
2026-07-31 01:25:00+00:00,4088.0,4089.3,4086.6,4086.9,14.309,25.0
2026-07-31 01:30:00+00:00,4086.8,4086.8,4082.8,4083.2,0.713,15.0
2026-07-31 01:35:00+00:00,4083.1,4083.1,4080.0,4080.0,1.455,27.0
2026-07-31 01:40:00+00:00,4080.0,4081.8,4080.0,4081.8,0.393,17.0
2026-07-31 01:45:00+00:00,4080.7,4082.3,4078.5,4078.5,1.541,24.0
2026-07-31 01:50:00+00:00,4078.9,4080.4,4078.1,4079.5,0.66,16.0
2026-07-31 01:55:00+00:00,4080.0,4081.9,4080.0,4081.5,0.777,14.0
2026-07-31 02:00:00+00:00,4080.5,4081.4,4077.9,4080.1,3.261,40.0
2026-07-31 02:05:00+00:00,4080.2,4083.6,4080.2,4083.6,0.17,14.0
2026-07-31 02:10:00+00:00,4083.7,4084.8,4082.8,4082.8,1.091,17.0
2026-07-31 02:15:00+00:00,4080.3,4080.3,4077.9,4078.0,1.046,19.0
2026-07-31 02:20:00+00:00,4078.9,4079.0,4078.4,4078.4,0.092,10.0
2026-07-31 02:25:00+00:00,4078.4,4078.4,4077.9,4078.0,0.275,14.0
2026-07-31 02:30:00+00:00,4078.0,4079.3,4077.7,4077.9,1.039,23.0
2026-07-31 02:35:00+00:00,4077.9,4077.9,4077.7,4077.7,0.056,9.0
2026-07-31 02:40:00+00:00,4077.7,4077.7,4072.8,4072.8,1.677,26.0
2026-07-31 02:45:00+00:00,4072.3,4073.3,4072.3,4073.0,1.254,19.0
2026-07-31 02:50:00+00:00,4073.0,4073.0,4071.4,4072.8,0.624,10.0
2026-07-31 02:55:00+00:00,4073.1,4073.4,4072.9,4072.9,1.432,11.0
2026-07-31 03:00:00+00:00,4072.8,4072.8,4070.9,4070.9,1.319,18.0
2026-07-31 03:05:00+00:00,4070.9,4071.9,4070.9,4071.8,4.425,12.0
2026-07-31 03:10:00+00:00,4071.2,4071.2,4069.1,4069.1,15.035,41.0
2026-07-31 03:15:00+00:00,4069.7,4069.8,4069.7,4069.7,0.277,6.0
2026-07-31 03:20:00+00:00,4069.7,4070.2,4069.7,4069.9,0.766,8.0
2026-07-31 03:25:00+00:00,4069.7,4071.5,4069.7,4071.4,0.038,6.0
2026-07-31 03:30:00+00:00,4071.4,4072.4,4071.4,4072.4,0.145,7.0
2026-07-31 03:35:00+00:00,4072.5,4074.0,4072.4,4074.0,0.285,13.0
2026-07-31 03:40:00+00:00,4074.2,4074.2,4072.4,4072.4,0.625,11.0
2026-07-31 03:45:00+00:00,4072.6,4073.0,4072.6,4072.6,0.056,7.0
2026-07-31 03:50:00+00:00,4072.4,4072.4,4072.3,4072.3,0.263,4.0
2026-07-31 03:55:00+00:00,4071.6,4071.6,4071.4,4071.5,0.089,13.0
2026-07-31 04:00:00+00:00,4071.5,4071.6,4071.3,4071.3,0.521,13.0
2026-07-31 04:05:00+00:00,4071.1,4071.1,4070.5,4070.6,0.03,8.0
2026-07-31 04:10:00+00:00,4071.0,4072.8,4070.8,4072.8,0.674,14.0
2026-07-31 04:15:00+00:00,4072.4,4073.4,4072.4,4072.9,0.512,10.0
2026-07-31 04:20:00+00:00,4072.8,4073.8,4071.8,4073.8,0.283,8.0
2026-07-31 04:25:00+00:00,4074.1,4076.3,4074.1,4076.2,1.463,17.0
2026-07-31 04:30:00+00:00,4076.3,4077.3,4076.2,4077.3,2.123,10.0
2026-07-31 04:35:00+00:00,4077.3,4077.3,4077.2,4077.2,1.82,15.0
2026-07-31 04:40:00+00:00,4077.3,4077.3,4076.9,4076.9,0.829,9.0
2026-07-31 04:45:00+00:00,4076.5,4076.5,4072.8,4072.8,2.141,16.0
2026-07-31 04:50:00+00:00,4072.8,4073.4,4072.0,4073.4,1.709,16.0
2026-07-31 04:55:00+00:00,4074.5,4075.9,4074.5,4075.9,0.033,6.0
2026-07-31 05:00:00+00:00,4076.8,4077.9,4076.7,4077.9,1.424,12.0
2026-07-31 05:05:00+00:00,4078.2,4078.2,4078.1,4078.2,1.741,8.0
2026-07-31 05:10:00+00:00,4078.1,4078.1,4077.1,4077.2,2.686,11.0
2026-07-31 05:15:00+00:00,4077.1,4078.2,4077.1,4078.2,0.035,5.0
2026-07-31 05:20:00+00:00,4078.2,4078.2,4077.7,4078.2,4.662,43.0
2026-07-31 05:25:00+00:00,4078.2,4078.2,4077.5,4077.5,4.822,55.0
2026-07-31 05:30:00+00:00,4077.5,4077.8,4076.1,4076.1,1.997,23.0
2026-07-31 05:35:00+00:00,4076.5,4077.1,4074.2,4074.2,1.382,21.0
2026-07-31 05:40:00+00:00,4075.7,4075.7,4072.8,4072.8,0.809,18.0
2026-07-31 05:45:00+00:00,4072.8,4072.8,4071.4,4072.2,0.547,8.0
2026-07-31 05:50:00+00:00,4072.2,4072.2,4071.0,4071.5,0.131,7.0
2026-07-31 05:55:00+00:00,4071.7,4071.7,4070.6,4070.6,0.524,11.0
2026-07-31 06:00:00+00:00,4070.8,4071.3,4069.6,4071.3,2.653,32.0
2026-07-31 06:05:00+00:00,4071.5,4077.2,4071.5,4077.2,3.138,34.0
2026-07-31 06:10:00+00:00,4077.6,4078.2,4076.8,4078.2,0.952,15.0
2026-07-31 06:15:00+00:00,4078.1,4081.2,4077.3,4081.2,67.533,279.0
2026-07-31 06:20:00+00:00,4081.1,4081.9,4079.2,4079.9,5.217,29.0
2026-07-31 06:25:00+00:00,4079.6,4081.5,4079.5,4081.4,0.303,4.0
2026-07-31 06:30:00+00:00,4080.9,4080.9,4075.2,4075.2,3.425,26.0
2026-07-31 06:35:00+00:00,4075.3,4075.9,4074.6,4074.6,1.188,12.0
2026-07-31 06:40:00+00:00,4075.4,4075.5,4074.9,4074.9,0.161,5.0
2026-07-31 06:45:00+00:00,4074.9,4077.2,4074.9,4074.9,1.733,11.0
2026-07-31 06:50:00+00:00,4074.2,4074.5,4073.5,4074.5,0.531,12.0
2026-07-31 06:55:00+00:00,4074.8,4074.8,4074.3,4074.7,0.033,7.0
2026-07-31 07:00:00+00:00,4074.6,4074.6,4072.1,4072.1,1.151,15.0
2026-07-31 07:05:00+00:00,4072.7,4073.1,4072.7,4073.1,0.859,8.0
2026-07-31 07:10:00+00:00,4073.3,4073.4,4072.3,4072.3,1.053,14.0
2026-07-31 07:15:00+00:00,4072.8,4073.5,4072.8,4073.2,1.724,14.0
2026-07-31 07:20:00+00:00,4073.6,4073.6,4071.5,4071.6,1.719,14.0
2026-07-31 07:25:00+00:00,4071.5,4071.5,4069.7,4069.7,1.024,17.0
2026-07-31 07:30:00+00:00,4069.2,4069.2,4065.3,4065.3,1.254,21.0
2026-07-31 07:35:00+00:00,4065.4,4066.2,4064.3,4066.2,1.836,17.0
2026-07-31 07:40:00+00:00,4066.6,4067.7,4066.5,4067.1,4.317,37.0
2026-07-31 07:45:00+00:00,4068.1,4068.9,4067.4,4067.9,0.996,10.0
2026-07-31 07:50:00+00:00,4066.7,4066.7,4065.0,4065.4,1.239,16.0
2026-07-31 07:55:00+00:00,4065.3,4065.3,4063.0,4063.0,2.263,14.0
2026-07-31 08:00:00+00:00,4062.0,4062.0,4056.7,4058.6,12.56,79.0
2026-07-31 08:05:00+00:00,4058.9,4059.9,4058.5,4059.9,0.312,10.0
2026-07-31 08:10:00+00:00,4060.3,4060.3,4057.9,4058.3,0.982,13.0
2026-07-31 08:15:00+00:00,4058.2,4060.7,4056.7,4060.7,8.04,32.0
2026-07-31 08:20:00+00:00,4061.2,4061.8,4056.7,4056.7,10.603,52.0
2026-07-31 08:25:00+00:00,4056.4,4056.6,4055.4,4055.4,5.784,21.0
2026-07-31 08:30:00+00:00,4055.5,4055.5,4051.1,4051.8,9.511,41.0
2026-07-31 08:35:00+00:00,4054.6,4055.6,4054.6,4055.6,2.067,14.0
2026-07-31 08:40:00+00:00,4055.7,4056.6,4054.9,4056.1,7.828,132.0
2026-07-31 08:45:00+00:00,4055.7,4058.5,4055.0,4057.6,31.564,213.0
2026-07-31 08:50:00+00:00,4057.7,4058.5,4055.9,4055.9,23.425,319.0
2026-07-31 08:55:00+00:00,4056.0,4060.1,4056.0,4058.5,2.156,44.0
2026-07-31 09:00:00+00:00,4058.4,4059.9,4058.1,4059.5,4.762,31.0
2026-07-31 09:05:00+00:00,4057.8,4057.8,4055.9,4055.9,5.607,55.0
2026-07-31 09:10:00+00:00,4055.5,4055.5,4054.0,4054.4,4.269,71.0
2026-07-31 09:15:00+00:00,4054.3,4054.3,4053.2,4054.0,1.907,16.0
2026-07-31 09:20:00+00:00,4054.0,4054.7,4051.5,4051.5,1.408,19.0
2026-07-31 09:25:00+00:00,4051.0,4051.0,4050.5,4050.5,0.82,16.0
2026-07-31 09:30:00+00:00,4050.4,4052.2,4050.2,4050.4,1.09,15.0
2026-07-31 09:35:00+00:00,4050.4,4050.4,4048.9,4048.9,0.89,14.0
2026-07-31 09:40:00+00:00,4049.3,4049.8,4049.3,4049.8,0.183,8.0
2026-07-31 09:45:00+00:00,4050.1,4053.6,4050.1,4053.6,0.172,9.0
2026-07-31 09:50:00+00:00,4054.5,4054.6,4054.5,4054.6,0.02,4.0
2026-07-31 09:55:00+00:00,4054.6,4054.6,4052.3,4052.3,0.301,11.0
2026-07-31 10:00:00+00:00,4052.5,4053.9,4051.4,4053.7,2.922,15.0
2026-07-31 10:05:00+00:00,4053.6,4054.8,4053.6,4054.8,1.238,15.0
2026-07-31 10:10:00+00:00,4055.1,4055.1,4054.8,4054.9,0.269,7.0
2026-07-31 10:15:00+00:00,4054.5,4054.5,4051.1,4051.2,1.264,20.0
2026-07-31 10:20:00+00:00,4051.2,4052.8,4051.2,4051.7,0.405,11.0
2026-07-31 10:25:00+00:00,4052.3,4052.3,4051.1,4051.1,0.29,8.0
2026-07-31 10:30:00+00:00,4051.1,4054.0,4051.1,4053.0,0.443,14.0
2026-07-31 10:35:00+00:00,4053.2,4054.0,4052.2,4052.2,0.715,12.0
2026-07-31 10:40:00+00:00,4051.8,4052.4,4051.8,4052.3,0.347,8.0
2026-07-31 10:45:00+00:00,4054.7,4054.8,4054.0,4054.0,0.623,8.0
2026-07-31 10:50:00+00:00,4054.0,4054.1,4053.1,4053.3,0.322,10.0
2026-07-31 10:55:00+00:00,4053.3,4053.3,4053.2,4053.3,0.076,14.0
2026-07-31 11:00:00+00:00,4053.3,4053.4,4051.7,4053.4,1.289,16.0
2026-07-31 11:05:00+00:00,4053.7,4055.8,4053.0,4055.8,0.098,11.0
2026-07-31 11:10:00+00:00,4055.9,4057.5,4055.8,4056.2,0.81,15.0
2026-07-31 11:15:00+00:00,4056.1,4056.2,4053.2,4055.4,1.481,17.0
2026-07-31 11:20:00+00:00,4055.3,4057.4,4054.3,4057.4,0.31,16.0
2026-07-31 11:25:00+00:00,4058.3,4058.3,4057.4,4057.4,0.426,11.0
2026-07-31 11:30:00+00:00,4056.7,4056.7,4052.3,4052.3,1.122,20.0
2026-07-31 11:35:00+00:00,4053.3,4053.3,4052.0,4052.0,0.496,12.0
2026-07-31 11:40:00+00:00,4051.8,4051.8,4049.8,4050.0,0.666,21.0
2026-07-31 11:45:00+00:00,4050.1,4050.3,4049.8,4050.3,0.073,8.0
2026-07-31 11:50:00+00:00,4051.3,4051.9,4051.1,4051.2,0.265,6.0
2026-07-31 11:55:00+00:00,4052.5,4053.0,4052.5,4052.9,0.341,7.0
2026-07-31 12:00:00+00:00,4052.1,4054.3,4051.9,4054.3,2.193,19.0
2026-07-31 12:05:00+00:00,4054.5,4055.6,4054.5,4055.6,1.257,11.0
2026-07-31 12:10:00+00:00,4055.0,4055.7,4054.2,4055.7,0.971,19.0
2026-07-31 12:15:00+00:00,4056.3,4056.3,4053.8,4055.2,2.74,17.0
2026-07-31 12:20:00+00:00,4055.5,4055.5,4049.5,4049.7,2.793,36.0
2026-07-31 12:25:00+00:00,4049.9,4049.9,4046.9,4046.9,0.765,17.0
2026-07-31 12:30:00+00:00,4045.6,4049.8,4044.9,4046.5,4.294,22.0
2026-07-31 12:35:00+00:00,4047.3,4049.3,4044.1,4044.1,1.722,17.0
2026-07-31 12:40:00+00:00,4044.1,4044.3,4042.8,4042.8,0.823,11.0
2026-07-31 12:45:00+00:00,4043.1,4043.7,4040.9,4040.9,3.398,30.0
2026-07-31 12:50:00+00:00,4041.3,4044.1,4041.2,4044.1,0.379,11.0
2026-07-31 12:55:00+00:00,4044.2,4044.2,4040.9,4040.9,1.728,31.0
2026-07-31 13:00:00+00:00,4040.5,4041.9,4036.9,4039.8,3.961,78.0
2026-07-31 13:05:00+00:00,4039.5,4039.5,4035.0,4036.3,1.472,31.0
2026-07-31 13:10:00+00:00,4036.0,4036.9,4034.7,4034.8,2.989,12.0
2026-07-31 13:15:00+00:00,4035.7,4037.4,4035.7,4037.1,0.941,13.0
2026-07-31 13:20:00+00:00,4037.4,4044.3,4036.6,4042.8,1.595,26.0
2026-07-31 13:25:00+00:00,4044.2,4044.2,4040.5,4042.2,0.669,10.0
2026-07-31 13:30:00+00:00,4041.3,4041.4,4036.5,4037.4,2.715,10.0
2026-07-31 13:35:00+00:00,4034.6,4035.4,4027.5,4028.0,8.423,41.0
2026-07-31 13:40:00+00:00,4027.8,4028.2,4023.3,4024.1,4.219,63.0
2026-07-31 13:45:00+00:00,4025.1,4028.0,4023.3,4024.0,22.929,48.0
2026-07-31 13:50:00+00:00,4024.4,4028.5,4023.2,4028.5,3.41,16.0
2026-07-31 13:55:00+00:00,4028.3,4031.6,4026.4,4026.4,1.352,25.0
2026-07-31 14:00:00+00:00,4026.5,4030.6,4025.9,4029.8,1.025,26.0
2026-07-31 14:05:00+00:00,4029.5,4029.5,4019.6,4025.6,164.193,253.0
2026-07-31 14:10:00+00:00,4026.0,4032.9,4025.6,4032.9,3.61,50.0
2026-07-31 14:15:00+00:00,4032.5,4036.3,4031.7,4034.4,9.148,60.0
2026-07-31 14:20:00+00:00,4034.5,4038.0,4034.4,4037.5,1.967,19.0
2026-07-31 14:25:00+00:00,4037.0,4040.5,4037.0,4039.4,2.537,26.0
2026-07-31 14:30:00+00:00,4039.8,4039.8,4037.9,4039.6,1.587,21.0
2026-07-31 14:35:00+00:00,4039.7,4042.1,4039.7,4041.0,2.884,28.0
2026-07-31 14:40:00+00:00,4041.0,4041.7,4041.0,4041.7,1.424,13.0
2026-07-31 14:45:00+00:00,4042.1,4044.8,4042.1,4044.8,2.844,17.0
2026-07-31 14:50:00+00:00,4044.8,4047.6,4044.4,4046.8,1.231,16.0
2026-07-31 14:55:00+00:00,4045.8,4047.9,4045.8,4047.8,0.762,10.0
2026-07-31 15:00:00+00:00,4048.7,4048.7,4045.6,4045.6,19.7,104.0
2026-07-31 15:05:00+00:00,4045.3,4047.2,4044.6,4045.7,3.235,19.0
2026-07-31 15:10:00+00:00,4045.1,4045.1,4042.3,4044.4,1.536,19.0
2026-07-31 15:15:00+00:00,4047.9,4049.3,4043.0,4044.6,3.291,40.0
2026-07-31 15:20:00+00:00,4043.9,4044.3,4042.5,4042.5,1.337,21.0
2026-07-31 15:25:00+00:00,4042.5,4042.5,4040.4,4040.4,1.527,13.0
2026-07-31 15:30:00+00:00,4040.0,4040.0,4036.3,4036.3,1.501,21.0
2026-07-31 15:35:00+00:00,4036.7,4041.5,4036.6,4041.5,0.648,16.0
2026-07-31 15:40:00+00:00,4042.0,4042.0,4040.1,4040.1,0.771,13.0
2026-07-31 15:45:00+00:00,4039.3,4041.3,4039.3,4040.0,2.44,13.0
2026-07-31 15:50:00+00:00,4040.5,4043.8,4040.5,4043.3,0.609,12.0
2026-07-31 15:55:00+00:00,4044.0,4044.0,4043.0,4043.0,0.132,8.0
2026-07-31 16:00:00+00:00,4043.1,4043.1,4042.3,4042.5,0.702,13.0
2026-07-31 16:05:00+00:00,4042.2,4042.2,4040.3,4041.2,0.974,18.0
2026-07-31 16:10:00+00:00,4042.2,4043.6,4042.2,4043.6,0.732,12.0
2026-07-31 16:15:00+00:00,4043.6,4043.6,4041.6,4043.4,2.404,15.0
2026-07-31 16:20:00+00:00,4043.4,4044.2,4043.3,4044.2,3.003,15.0
2026-07-31 16:25:00+00:00,4044.4,4044.8,4043.0,4044.8,1.364,14.0
2026-07-31 16:30:00+00:00,4044.9,4046.7,4044.9,4046.7,0.224,17.0
2026-07-31 16:35:00+00:00,4046.8,4047.3,4046.0,4046.0,0.868,14.0
2026-07-31 16:40:00+00:00,4045.8,4045.8,4039.8,4039.8,3.465,28.0
2026-07-31 16:45:00+00:00,4040.4,4042.1,4040.4,4042.0,0.273,7.0
2026-07-31 16:50:00+00:00,4042.0,4042.8,4042.0,4042.7,0.277,7.0
2026-07-31 16:55:00+00:00,4042.0,4042.0,4041.0,4041.1,1.126,9.0
2026-07-31 17:00:00+00:00,4041.1,4042.9,4041.1,4042.4,2.644,18.0
2026-07-31 17:05:00+00:00,4042.1,4042.2,4041.2,4041.2,0.491,15.0
2026-07-31 17:10:00+00:00,4041.1,4043.5,4040.7,4043.5,1.029,11.0
2026-07-31 17:15:00+00:00,4043.8,4044.1,4043.8,4044.1,0.518,7.0
2026-07-31 17:20:00+00:00,4044.2,4045.3,4043.7,4045.3,0.347,12.0
2026-07-31 17:25:00+00:00,4045.4,4050.4,4044.9,4050.4,1.232,13.0
2026-07-31 17:30:00+00:00,4048.5,4050.4,4046.9,4046.9,1.357,19.0
2026-07-31 17:35:00+00:00,4046.3,4048.3,4046.3,4047.9,0.613,14.0
2026-07-31 17:40:00+00:00,4048.6,4048.8,4048.2,4048.4,0.368,10.0
2026-07-31 17:45:00+00:00,4049.4,4051.0,4048.6,4050.9,0.757,15.0
2026-07-31 17:50:00+00:00,4050.5,4051.7,4050.5,4050.8,0.54,16.0
2026-07-31 17:55:00+00:00,4050.8,4051.2,4050.8,4051.1,0.051,7.0
2026-07-31 18:00:00+00:00,4051.7,4051.8,4049.9,4049.9,1.141,20.0
2026-07-31 18:05:00+00:00,4049.6,4049.6,4048.2,4048.2,0.592,10.0
2026-07-31 18:10:00+00:00,4047.8,4047.8,4044.9,4044.9,1.847,17.0
2026-07-31 18:15:00+00:00,4045.0,4046.8,4044.8,4046.8,0.516,9.0
2026-07-31 18:20:00+00:00,4046.9,4046.9,4046.8,4046.9,0.243,12.0
2026-07-31 18:25:00+00:00,4046.9,4047.3,4046.9,4047.3,0.501,11.0
2026-07-31 18:30:00+00:00,4047.3,4047.3,4046.6,4046.6,0.274,7.0
2026-07-31 18:35:00+00:00,4046.6,4047.3,4045.5,4047.2,1.293,13.0
2026-07-31 18:40:00+00:00,4047.3,4048.4,4047.3,4047.9,0.51,7.0
2026-07-31 18:45:00+00:00,4047.3,4047.3,4046.6,4046.6,0.279,7.0
2026-07-31 18:50:00+00:00,4047.1,4048.6,4047.1,4048.6,0.019,5.0
2026-07-31 18:55:00+00:00,4048.5,4048.6,4047.5,4047.5,0.295,9.0
2026-07-31 19:00:00+00:00,4049.3,4049.3,4046.7,4046.7,0.817,10.0
2026-07-31 19:05:00+00:00,4046.5,4046.6,4046.5,4046.5,0.032,5.0
2026-07-31 19:10:00+00:00,4046.6,4046.6,4044.5,4044.5,0.513,7.0
2026-07-31 19:15:00+00:00,4044.5,4044.5,4044.1,4044.3,3.813,29.0
2026-07-31 19:20:00+00:00,4044.3,4045.2,4044.3,4045.2,0.723,19.0
2026-07-31 19:25:00+00:00,4045.1,4045.9,4045.1,4045.9,0.86,14.0
2026-07-31 19:30:00+00:00,4046.6,4047.1,4045.8,4047.1,2.79,24.0
2026-07-31 19:35:00+00:00,4047.2,4049.4,4047.2,4047.9,5.843,95.0
2026-07-31 19:40:00+00:00,4048.0,4050.9,4047.9,4050.9,7.396,16.0
2026-07-31 19:45:00+00:00,4051.8,4052.7,4051.8,4052.7,0.164,10.0
2026-07-31 19:50:00+00:00,4052.4,4052.4,4050.4,4050.4,1.86,11.0
2026-07-31 19:55:00+00:00,4050.4,4050.4,4049.0,4049.4,0.958,9.0
2026-07-31 20:00:00+00:00,4049.0,4049.1,4047.8,4047.8,1.158,16.0
2026-07-31 20:05:00+00:00,4047.6,4047.6,4044.9,4045.4,1.56,26.0
2026-07-31 20:10:00+00:00,4045.3,4046.0,4045.2,4045.3,0.248,8.0
2026-07-31 20:15:00+00:00,4045.2,4046.1,4045.2,4046.0,0.814,8.0
2026-07-31 20:20:00+00:00,4046.0,4046.1,4046.0,4046.0,0.036,7.0
2026-07-31 20:25:00+00:00,4046.6,4046.6,4045.6,4045.6,0.037,6.0
2026-07-31 20:30:00+00:00,4045.6,4048.2,4045.6,4048.2,0.296,9.0
2026-07-31 20:35:00+00:00,4048.3,4048.6,4048.3,4048.4,0.151,10.0
2026-07-31 20:40:00+00:00,4048.4,4048.9,4048.4,4048.9,0.055,11.0
2026-07-31 20:45:00+00:00,4049.0,4049.2,4048.8,4048.9,0.284,11.0
2026-07-31 20:50:00+00:00,4048.8,4048.9,4042.6,4042.6,1.677,22.0
2026-07-31 20:55:00+00:00,4044.7,4044.7,4041.1,4041.6,1.669,31.0
2026-07-31 21:00:00+00:00,4040.9,4041.4,4040.9,4041.4,0.16,12.0
2026-07-31 21:05:00+00:00,4041.4,4041.7,4041.4,4041.7,0.822,14.0
2026-07-31 21:10:00+00:00,4041.7,4042.8,4041.7,4042.8,1.235,30.0
2026-07-31 21:15:00+00:00,4042.8,4042.8,4042.7,4042.8,0.111,16.0
2026-07-31 21:20:00+00:00,4042.8,4042.8,4042.7,4042.8,0.147,16.0
2026-07-31 21:25:00+00:00,4042.7,4042.8,4042.6,4042.6,1.019,10.0
2026-07-31 21:30:00+00:00,4042.8,4042.8,4042.7,4042.8,0.157,8.0
2026-07-31 21:35:00+00:00,4042.7,4043.2,4042.7,4043.2,0.926,21.0
2026-07-31 21:40:00+00:00,4043.2,4047.1,4043.2,4045.9,3.771,26.0
2026-07-31 21:45:00+00:00,4046.6,4046.6,4044.9,4045.0,0.54,13.0
2026-07-31 21:50:00+00:00,4044.9,4045.0,4044.8,4044.9,0.029,7.0
2026-07-31 21:55:00+00:00,4045.0,4045.0,4043.7,4043.7,0.28,8.0
2026-07-31 22:00:00+00:00,4043.8,4045.1,4043.7,4045.1,0.204,14.0
2026-07-31 22:05:00+00:00,4045.2,4045.3,4045.2,4045.2,0.036,8.0
2026-07-31 22:10:00+00:00,4045.2,4045.2,4045.2,4045.2,0.025,4.0
2026-07-31 22:15:00+00:00,4045.3,4045.6,4045.3,4045.6,0.031,8.0
2026-07-31 22:20:00+00:00,4045.6,4045.6,4045.5,4045.5,0.036,5.0
2026-07-31 22:25:00+00:00,4045.6,4045.9,4045.6,4045.9,0.467,13.0
2026-07-31 22:30:00+00:00,4045.9,4045.9,4045.9,4045.9,0.187,11.0
2026-07-31 22:35:00+00:00,4045.9,4047.1,4045.8,4047.1,0.38,18.0
2026-07-31 22:40:00+00:00,4047.1,4047.2,4047.1,4047.2,0.156,11.0
2026-07-31 22:45:00+00:00,4047.2,4047.2,4047.2,4047.2,0.127,10.0
2026-07-31 22:50:00+00:00,4047.2,4047.2,4047.2,4047.2,0.124,10.0
2026-07-31 22:55:00+00:00,4047.2,4047.2,4047.1,4047.1,0.309,10.0
2026-07-31 23:00:00+00:00,4047.2,4047.2,4047.2,4047.2,0.015,3.0
2026-07-31 23:05:00+00:00,4046.9,4047.0,4046.9,4046.9,0.142,10.0
2026-07-31 23:10:00+00:00,4046.9,4048.0,4046.9,4048.0,4.724,18.0
2026-07-31 23:15:00+00:00,4047.2,4047.3,4047.2,4047.2,0.032,6.0
2026-07-31 23:20:00+00:00,4047.2,4047.3,4047.0,4047.0,0.364,11.0
2026-07-31 23:25:00+00:00,4047.0,4047.0,4046.6,4046.6,0.041,10.0
2026-07-31 23:30:00+00:00,4046.6,4046.6,4046.3,4046.3,0.047,9.0
2026-07-31 23:35:00+00:00,4046.4,4046.4,4046.3,4046.3,0.036,7.0
2026-07-31 23:40:00+00:00,4046.4,4046.4,4046.4,4046.4,0.018,3.0
2026-07-31 23:45:00+00:00,4046.4,4046.4,4046.1,4046.1,0.044,4.0
2026-07-31 23:50:00+00:00,4046.0,4046.1,4046.0,4046.1,0.012,4.0
2026-07-31 23:55:00+00:00,4046.0,4046.1,4046.0,4046.0,0.029,6.0
2026-08-01 00:00:00+00:00,4045.8,4045.9,4045.8,4045.8,0.093,7.0
2026-08-01 00:05:00+00:00,4045.9,4045.9,4045.8,4045.8,0.143,19.0
2026-08-01 00:10:00+00:00,4045.8,4045.8,4045.5,4045.7,0.693,12.0
2026-08-01 00:15:00+00:00,4045.6,4045.7,4045.4,4045.5,0.785,17.0
2026-08-01 00:20:00+00:00,4045.6,4045.6,4045.5,4045.5,0.407,9.0
2026-08-01 00:25:00+00:00,4045.6,4045.6,4045.4,4045.4,0.357,15.0
2026-08-01 00:30:00+00:00,4045.3,4045.3,4044.7,4044.8,0.147,10.0
2026-08-01 00:35:00+00:00,4044.8,4044.8,4044.7,4044.7,0.054,10.0
2026-08-01 00:40:00+00:00,4044.8,4044.8,4044.4,4044.5,0.03,7.0
2026-08-01 00:45:00+00:00,4044.5,4044.5,4044.4,4044.4,0.067,12.0
2026-08-01 00:50:00+00:00,4044.4,4044.5,4044.4,4044.4,0.036,8.0
2026-08-01 00:55:00+00:00,4044.4,4044.5,4044.4,4044.5,0.025,5.0
2026-08-01 01:00:00+00:00,4044.5,4044.5,4044.4,4044.4,0.087,11.0
2026-08-01 01:05:00+00:00,4044.4,4044.5,4044.4,4044.5,0.123,7.0
2026-08-01 01:10:00+00:00,4044.4,4044.5,4044.3,4044.3,1.531,7.0
2026-08-01 01:15:00+00:00,4044.2,4044.3,4044.2,4044.3,0.042,10.0
2026-08-01 01:20:00+00:00,4044.3,4044.3,4044.2,4044.2,0.033,7.0
2026-08-01 01:25:00+00:00,4044.3,4044.3,4044.1,4044.2,0.038,7.0
2026-08-01 01:30:00+00:00,4044.2,4044.2,4044.2,4044.2,0.027,6.0
2026-08-01 01:35:00+00:00,4044.1,4044.1,4044.0,4044.1,0.037,9.0
2026-08-01 01:40:00+00:00,4044.1,4044.1,4043.9,4044.0,0.781,10.0
2026-08-01 01:45:00+00:00,4044.0,4044.0,4043.9,4044.0,0.051,10.0
2026-08-01 01:50:00+00:00,4043.9,4044.0,4043.9,4043.9,0.037,8.0
2026-08-01 01:55:00+00:00,4043.9,4043.9,4043.8,4043.8,0.033,6.0
2026-08-01 02:00:00+00:00,4043.8,4043.9,4043.7,4043.7,0.02,5.0
2026-08-01 02:05:00+00:00,4043.7,4043.8,4043.7,4043.7,0.046,10.0
2026-08-01 02:10:00+00:00,4043.7,4043.8,4043.7,4043.8,0.031,6.0
2026-08-01 02:15:00+00:00,4043.7,4043.9,4043.3,4043.8,5.668,58.0
2026-08-01 02:20:00+00:00,4043.9,4045.7,4043.8,4045.3,4.036,24.0
2026-08-01 02:25:00+00:00,4045.5,4045.6,4045.5,4045.5,0.025,6.0
2026-08-01 02:30:00+00:00,4045.6,4045.6,4045.5,4045.5,0.16,9.0
2026-08-01 02:35:00+00:00,4045.5,4045.6,4045.5,4045.5,0.116,5.0
2026-08-01 02:40:00+00:00,4045.6,4045.6,4045.5,4045.5,0.108,27.0
2026-08-01 02:45:00+00:00,4045.5,4045.5,4045.5,4045.5,0.205,40.0
2026-08-01 02:50:00+00:00,4045.5,4045.6,4045.5,4045.6,0.092,18.0
2026-08-01 02:55:00+00:00,4045.5,4045.6,4045.5,4045.5,0.063,10.0
2026-08-01 03:00:00+00:00,4045.5,4045.5,4044.5,4045.3,3.107,26.0
2026-08-01 03:05:00+00:00,4045.4,4045.4,4045.3,4045.4,0.09,7.0
2026-08-01 03:10:00+00:00,4045.3,4045.3,4045.3,4045.3,0.026,5.0
2026-08-01 03:15:00+00:00,4045.3,4045.4,4045.3,4045.4,0.037,8.0
2026-08-01 03:20:00+00:00,4045.3,4045.4,4045.3,4045.4,0.026,4.0
2026-08-01 03:25:00+00:00,4045.4,4045.4,4044.2,4044.2,0.51,19.0
2026-08-01 03:30:00+00:00,4044.3,4044.3,4044.2,4044.2,0.027,6.0
2026-08-01 03:35:00+00:00,4044.2,4044.2,4044.1,4044.2,0.016,5.0
2026-08-01 03:40:00+00:00,4044.1,4044.1,4043.8,4043.8,0.65,21.0
2026-08-01 03:45:00+00:00,4043.7,4043.7,4043.5,4043.5,0.104,14.0
2026-08-01 03:50:00+00:00,4043.5,4043.6,4043.5,4043.5,0.038,7.0
2026-08-01 03:55:00+00:00,4043.5,4043.6,4043.5,4043.5,0.042,8.0
2026-08-01 04:00:00+00:00,4043.6,4043.6,4043.4,4043.4,0.045,8.0
2026-08-01 04:05:00+00:00,4043.5,4043.5,4043.4,4043.5,0.036,7.0
2026-08-01 04:10:00+00:00,4043.4,4043.5,4043.4,4043.4,0.072,8.0
2026-08-01 04:15:00+00:00,4043.5,4043.5,4043.3,4043.3,0.045,4.0
2026-08-01 04:20:00+00:00,4043.2,4043.2,4042.9,4042.9,0.02,7.0
2026-08-01 04:25:00+00:00,4042.9,4043.0,4042.9,4043.0,0.069,8.0
2026-08-01 04:30:00+00:00,4042.9,4043.0,4042.9,4042.9,0.123,10.0
2026-08-01 04:35:00+00:00,4042.9,4042.9,4042.8,4042.8,0.1,5.0
2026-08-01 04:40:00+00:00,4042.8,4042.9,4042.8,4042.8,0.03,7.0
2026-08-01 04:45:00+00:00,4042.8,4042.9,4042.8,4042.9,0.039,8.0
2026-08-01 04:50:00+00:00,4042.9,4042.9,4042.8,4042.9,0.046,8.0
2026-08-01 04:55:00+00:00,4042.9,4043.9,4042.9,4043.9,1.157,16.0
2026-08-01 05:00:00+00:00,4043.8,4044.6,4043.8,4044.5,1.531,33.0
2026-08-01 05:05:00+00:00,4044.6,4044.6,4044.5,4044.5,0.042,7.0
2026-08-01 05:10:00+00:00,4044.6,4044.6,4044.5,4044.5,0.057,10.0
2026-08-01 05:15:00+00:00,4044.5,4044.6,4044.5,4044.5,0.044,9.0
2026-08-01 05:20:00+00:00,4044.6,4044.6,4044.5,4044.6,0.035,7.0
2026-08-01 05:25:00+00:00,4044.5,4044.6,4044.5,4044.6,0.082,12.0
2026-08-01 05:30:00+00:00,4044.5,4044.6,4044.4,4044.5,0.073,9.0
2026-08-01 05:35:00+00:00,4044.5,4044.5,4044.4,4044.4,0.022,5.0
2026-08-01 05:40:00+00:00,4044.5,4044.5,4044.4,4044.4,0.165,38.0
2026-08-01 05:45:00+00:00,4044.2,4044.3,4044.2,4044.2,0.024,6.0
2026-08-01 05:50:00+00:00,4044.2,4044.3,4044.2,4044.2,0.042,8.0
2026-08-01 05:55:00+00:00,4044.2,4044.3,4044.2,4044.3,0.306,10.0
2026-08-01 06:00:00+00:00,4044.2,4044.3,4044.2,4044.2,2.021,10.0
2026-08-01 06:05:00+00:00,4044.2,4044.3,4044.2,4044.3,0.036,7.0
2026-08-01 06:10:00+00:00,4044.3,4044.3,4044.2,4044.2,0.026,5.0
2026-08-01 06:15:00+00:00,4044.3,4044.3,4044.2,4044.3,0.021,4.0
2026-08-01 06:20:00+00:00,4044.2,4044.3,4044.2,4044.3,0.124,8.0
2026-08-01 06:25:00+00:00,4044.3,4044.3,4044.2,4044.2,0.1,12.0
2026-08-01 06:30:00+00:00,4044.3,4044.3,4044.2,4044.3,0.031,5.0
2026-08-01 06:35:00+00:00,4044.3,4044.3,4044.2,4044.2,0.06,9.0
2026-08-01 06:40:00+00:00,4044.2,4044.3,4044.2,4044.2,0.31,5.0
2026-08-01 06:45:00+00:00,4044.2,4044.3,4044.2,4044.3,0.028,8.0
2026-08-01 06:50:00+00:00,4044.3,4044.3,4044.1,4044.2,0.078,7.0
2026-08-01 06:55:00+00:00,4044.2,4044.2,4044.1,4044.1,0.041,9.0
2026-08-01 07:00:00+00:00,4044.1,4044.2,4044.1,4044.1,0.045,6.0
2026-08-01 07:05:00+00:00,4044.2,4044.2,4044.1,4044.2,0.049,11.0
2026-08-01 07:10:00+00:00,4044.1,4044.2,4044.1,4044.2,0.036,8.0
2026-08-01 07:15:00+00:00,4044.2,4044.3,4044.1,4044.3,0.016,4.0
2026-08-01 07:20:00+00:00,4044.3,4044.3,4044.2,4044.3,0.045,8.0
2026-08-01 07:25:00+00:00,4044.3,4044.3,4044.2,4044.3,0.05,11.0
2026-08-01 07:30:00+00:00,4044.3,4044.4,4044.3,4044.3,0.024,4.0
2026-08-01 07:35:00+00:00,4044.4,4044.4,4044.3,4044.4,0.031,6.0
2026-08-01 07:40:00+00:00,4044.3,4044.4,4044.3,4044.4,0.055,11.0
2026-08-01 07:45:00+00:00,4044.5,4044.5,4044.4,4044.5,0.025,6.0
2026-08-01 07:50:00+00:00,4044.4,4044.6,4044.4,4044.4,1.27,15.0
2026-08-01 07:55:00+00:00,4044.4,4044.5,4044.4,4044.5,0.021,4.0
2026-08-01 08:00:00+00:00,4044.4,4044.7,4044.4,4044.4,1.931,16.0
2026-08-01 08:05:00+00:00,4044.5,4044.5,4044.4,4044.4,0.074,14.0
2026-08-01 08:10:00+00:00,4044.5,4044.5,4044.4,4044.5,0.037,8.0
2026-08-01 08:15:00+00:00,4044.4,4044.5,4044.4,4044.5,0.041,6.0
2026-08-01 08:20:00+00:00,4044.4,4044.5,4044.4,4044.4,0.02,5.0
2026-08-01 08:25:00+00:00,4044.7,4044.7,4044.6,4044.6,0.094,12.0
2026-08-01 08:30:00+00:00,4044.6,4044.9,4044.6,4044.8,0.364,14.0
2026-08-01 08:35:00+00:00,4044.8,4044.9,4044.8,4044.8,0.086,11.0
2026-08-01 08:40:00+00:00,4044.8,4044.8,4044.8,4044.8,0.025,6.0
2026-08-01 08:45:00+00:00,4044.8,4044.9,4044.8,4044.9,0.034,11.0
2026-08-01 08:50:00+00:00,4044.8,4044.9,4044.8,4044.8,0.023,6.0
2026-08-01 08:55:00+00:00,4044.9,4044.9,4044.8,4044.9,0.054,12.0
2026-08-01 09:00:00+00:00,4044.9,4044.9,4044.8,4044.9,0.142,16.0
2026-08-01 09:05:00+00:00,4044.9,4044.9,4044.8,4044.8,0.265,13.0
2026-08-01 09:10:00+00:00,4044.8,4044.9,4044.8,4044.9,0.671,12.0
2026-08-01 09:15:00+00:00,4044.9,4044.9,4044.8,4044.9,0.093,14.0
2026-08-01 09:20:00+00:00,4044.9,4044.9,4044.8,4044.8,0.312,19.0
2026-08-01 09:25:00+00:00,4044.9,4044.9,4044.8,4044.9,0.045,11.0
2026-08-01 09:30:00+00:00,4044.8,4044.9,4044.8,4044.8,0.131,9.0
2026-08-01 09:35:00+00:00,4044.9,4044.9,4044.8,4044.8,0.032,9.0
2026-08-01 09:40:00+00:00,4044.9,4044.9,4044.8,4044.9,0.059,10.0
2026-08-01 09:45:00+00:00,4044.9,4044.9,4044.8,4044.8,0.038,6.0
2026-08-01 09:50:00+00:00,4044.9,4044.9,4044.8,4044.8,0.027,6.0
2026-08-01 09:55:00+00:00,4044.9,4044.9,4044.8,4044.8,0.044,9.0
2026-08-01 10:00:00+00:00,4044.8,4044.9,4044.8,4044.8,9.076,210.0
2026-08-01 10:05:00+00:00,4044.8,4044.8,4044.3,4044.3,6.362,178.0
2026-08-01 10:10:00+00:00,4044.3,4044.3,4044.1,4044.1,4.598,141.0
2026-08-01 10:15:00+00:00,4044.1,4044.2,4044.1,4044.1,2.84,72.0
2026-08-01 10:20:00+00:00,4044.1,4044.2,4044.1,4044.2,0.851,41.0
2026-08-01 10:25:00+00:00,4044.1,4044.2,4044.1,4044.1,0.037,9.0
2026-08-01 10:30:00+00:00,4044.1,4044.2,4044.1,4044.1,0.055,13.0
2026-08-01 10:35:00+00:00,4044.1,4044.1,4044.1,4044.1,0.12,30.0
2026-08-01 10:40:00+00:00,4044.1,4044.1,4044.0,4044.0,0.155,35.0
2026-08-01 10:45:00+00:00,4044.0,4044.1,4044.0,4044.0,0.563,49.0
2026-08-01 10:50:00+00:00,4044.0,4044.1,4044.0,4044.0,0.187,31.0
2026-08-01 10:55:00+00:00,4044.1,4044.1,4044.0,4044.0,0.024,6.0
2026-08-01 11:00:00+00:00,4044.0,4044.1,4044.0,4044.0,0.029,5.0
2026-08-01 11:05:00+00:00,4044.0,4044.1,4044.0,4044.0,0.044,6.0
2026-08-01 11:10:00+00:00,4044.0,4044.1,4044.0,4044.1,0.049,9.0
2026-08-01 11:15:00+00:00,4044.0,4044.1,4044.0,4044.1,0.059,11.0
2026-08-01 11:20:00+00:00,4044.0,4044.1,4044.0,4044.1,0.029,6.0
2026-08-01 11:25:00+00:00,4044.0,4044.1,4044.0,4044.1,0.046,11.0
2026-08-01 11:30:00+00:00,4044.0,4044.1,4044.0,4044.0,0.027,6.0
2026-08-01 11:35:00+00:00,4044.0,4044.0,4044.0,4044.0,0.022,3.0
2026-08-01 11:40:00+00:00,4044.0,4044.1,4044.0,4044.1,0.108,15.0
2026-08-01 11:45:00+00:00,4044.3,4044.3,4044.3,4044.3,0.021,5.0
2026-08-01 11:50:00+00:00,4044.3,4044.3,4044.2,4044.3,0.044,8.0
2026-08-01 11:55:00+00:00,4044.3,4044.3,4044.2,4044.3,0.024,6.0
2026-08-01 12:00:00+00:00,4044.4,4044.4,4044.3,4044.3,0.019,5.0
2026-08-01 12:05:00+00:00,4044.4,4044.4,4044.3,4044.4,0.028,5.0
2026-08-01 12:10:00+00:00,4044.3,4044.4,4044.3,4044.3,0.088,11.0
2026-08-01 12:15:00+00:00,4044.3,4044.6,4044.3,4044.5,0.049,10.0
2026-08-01 12:20:00+00:00,4044.6,4044.6,4044.5,4044.5,0.041,9.0
2026-08-01 12:25:00+00:00,4044.6,4044.6,4044.5,4044.6,0.025,5.0
2026-08-01 12:30:00+00:00,4044.6,4044.6,4044.5,4044.5,0.046,9.0
2026-08-01 12:35:00+00:00,4044.5,4044.6,4044.5,4044.6,0.093,12.0
2026-08-01 12:40:00+00:00,4044.6,4044.6,4044.5,4044.5,0.041,5.0
2026-08-01 12:45:00+00:00,4044.5,4044.8,4044.5,4044.7,0.096,12.0
2026-08-01 12:50:00+00:00,4044.8,4044.8,4044.7,4044.8,0.027,5.0
2026-08-01 12:55:00+00:00,4044.7,4044.8,4044.7,4044.8,0.028,5.0
2026-08-01 13:00:00+00:00,4044.7,4044.9,4044.7,4044.8,0.918,38.0
2026-08-01 13:05:00+00:00,4044.8,4044.9,4044.8,4044.9,0.024,4.0
2026-08-01 13:10:00+00:00,4044.9,4044.9,4044.8,4044.9,0.038,5.0
2026-08-01 13:15:00+00:00,4044.9,4044.9,4044.8,4044.9,0.037,8.0
2026-08-01 13:20:00+00:00,4044.9,4044.9,4044.8,4044.8,0.07,7.0
2026-08-01 13:25:00+00:00,4044.8,4044.9,4044.8,4044.9,0.042,8.0
2026-08-01 13:30:00+00:00,4044.9,4044.9,4044.8,4044.8,0.035,6.0
2026-08-01 13:35:00+00:00,4044.8,4044.9,4044.8,4044.8,0.27,8.0
2026-08-01 13:40:00+00:00,4044.9,4044.9,4044.8,4044.8,0.366,12.0
2026-08-01 13:45:00+00:00,4044.7,4044.7,4044.6,4044.7,0.035,8.0
2026-08-01 13:50:00+00:00,4044.6,4044.7,4044.6,4044.7,0.061,11.0
2026-08-01 13:55:00+00:00,4044.7,4044.7,4044.5,4044.5,0.058,11.0
2026-08-01 14:00:00+00:00,4044.5,4044.6,4044.5,4044.6,0.126,10.0
2026-08-01 14:05:00+00:00,4044.4,4044.5,4044.4,4044.5,0.058,6.0
2026-08-01 14:10:00+00:00,4044.4,4044.5,4044.4,4044.5,0.043,9.0
2026-08-01 14:15:00+00:00,4044.5,4044.5,4044.4,4044.4,0.035,6.0
2026-08-01 14:20:00+00:00,4044.4,4044.5,4044.4,4044.5,0.041,8.0
2026-08-01 14:25:00+00:00,4044.4,4044.5,4044.4,4044.5,0.07,10.0
2026-08-01 14:30:00+00:00,4044.5,4044.5,4044.4,4044.4,0.041,7.0
2026-08-01 14:35:00+00:00,4044.5,4044.5,4044.4,4044.4,0.041,8.0
2026-08-01 14:40:00+00:00,4044.5,4044.5,4044.4,4044.4,0.331,8.0
2026-08-01 14:45:00+00:00,4044.4,4044.5,4044.4,4044.4,0.08,5.0
2026-08-01 14:50:00+00:00,4044.4,4044.4,4044.4,4044.4,0.018,3.0
2026-08-01 14:55:00+00:00,4044.5,4044.5,4044.4,4044.4,0.02,5.0
2026-08-01 15:00:00+00:00,4044.4,4044.4,4044.3,4044.4,0.268,10.0
2026-08-01 15:05:00+00:00,4044.4,4044.4,4044.3,4044.4,0.03,5.0
2026-08-01 15:10:00+00:00,4044.3,4044.4,4044.3,4044.3,0.028,6.0
2026-08-01 15:15:00+00:00,4044.4,4044.4,4044.3,4044.3,0.018,3.0
2026-08-01 15:20:00+00:00,4044.4,4044.4,4044.2,4044.2,0.429,4.0
2026-08-01 15:25:00+00:00,4044.1,4044.2,4044.1,4044.2,0.031,6.0
2026-08-01 15:30:00+00:00,4044.1,4044.1,4044.0,4044.0,0.053,9.0
2026-08-01 15:35:00+00:00,4044.1,4044.1,4044.0,4044.0,0.158,14.0
2026-08-01 15:40:00+00:00,4044.0,4044.1,4044.0,4044.0,0.102,9.0
2026-08-01 15:45:00+00:00,4044.0,4044.0,4043.8,4043.8,0.024,6.0
2026-08-01 15:50:00+00:00,4043.8,4043.9,4043.8,4043.8,0.039,8.0
2026-08-01 15:55:00+00:00,4043.8,4043.9,4043.8,4043.8,0.026,5.0
2026-08-01 16:00:00+00:00,4043.8,4043.9,4043.8,4043.9,0.072,5.0
2026-08-01 16:05:00+00:00,4043.8,4043.8,4043.7,4043.7,0.016,4.0
2026-08-01 16:10:00+00:00,4043.8,4043.8,4043.7,4043.8,0.047,8.0
2026-08-01 16:15:00+00:00,4043.7,4043.8,4043.6,4043.6,0.102,15.0
2026-08-01 16:20:00+00:00,4043.6,4043.7,4043.6,4043.7,0.026,5.0
2026-08-01 16:25:00+00:00,4043.7,4043.7,4043.5,4043.5,0.028,7.0
2026-08-01 16:30:00+00:00,4043.6,4043.6,4043.5,4043.6,0.055,6.0
2026-08-01 16:35:00+00:00,4043.6,4043.6,4043.5,4043.6,0.042,6.0
2026-08-01 16:40:00+00:00,4043.6,4043.6,4043.5,4043.5,0.039,8.0
2026-08-01 16:45:00+00:00,4043.5,4043.5,4042.6,4043.1,1.039,19.0
2026-08-01 16:50:00+00:00,4043.1,4043.2,4041.9,4041.9,0.945,18.0
2026-08-01 16:55:00+00:00,4041.6,4041.6,4040.9,4041.0,0.113,7.0
2026-08-01 17:00:00+00:00,4040.9,4040.9,4039.9,4040.6,1.981,21.0
2026-08-01 17:05:00+00:00,4040.6,4040.6,4040.5,4040.5,0.024,7.0
2026-08-01 17:10:00+00:00,4040.6,4040.6,4040.3,4040.4,0.05,7.0
2026-08-01 17:15:00+00:00,4040.3,4040.4,4040.3,4040.4,0.039,6.0
2026-08-01 17:20:00+00:00,4040.3,4040.3,4040.2,4040.3,0.038,8.0
2026-08-01 17:25:00+00:00,4040.2,4040.3,4040.2,4040.2,0.038,8.0
2026-08-01 17:30:00+00:00,4040.3,4040.3,4040.2,4040.2,0.02,5.0
2026-08-01 17:35:00+00:00,4040.2,4040.3,4040.2,4040.2,0.016,4.0
2026-08-01 17:40:00+00:00,4040.3,4040.3,4039.9,4039.9,0.046,12.0
2026-08-01 17:45:00+00:00,4040.0,4040.0,4039.8,4039.8,0.037,7.0
2026-08-01 17:50:00+00:00,4039.8,4039.9,4039.8,4039.8,0.025,6.0
2026-08-01 17:55:00+00:00,4039.9,4039.9,4039.8,4039.8,0.124,27.0
2026-08-01 18:00:00+00:00,4039.8,4039.9,4039.0,4039.0,0.554,14.0
2026-08-01 18:05:00+00:00,4038.8,4038.8,4038.8,4038.8,0.022,4.0
2026-08-01 18:10:00+00:00,4038.7,4038.8,4038.7,4038.8,0.03,6.0
2026-08-01 18:15:00+00:00,4038.7,4038.7,4038.5,4038.5,0.052,9.0
2026-08-01 18:20:00+00:00,4038.5,4038.5,4038.3,4038.3,0.207,9.0
2026-08-01 18:25:00+00:00,4038.4,4038.4,4038.3,4038.3,0.03,5.0
2026-08-01 18:30:00+00:00,4038.3,4038.3,4036.9,4037.0,0.427,10.0
2026-08-01 18:35:00+00:00,4037.4,4037.4,4034.2,4036.5,50.272,49.0
2026-08-01 18:40:00+00:00,4036.5,4036.5,4036.4,4036.4,0.035,7.0
2026-08-01 18:45:00+00:00,4036.4,4036.5,4036.4,4036.4,0.768,14.0
2026-08-01 18:50:00+00:00,4036.1,4036.1,4035.1,4035.2,1.523,25.0
2026-08-01 18:55:00+00:00,4035.2,4036.4,4035.2,4036.4,0.793,13.0
2026-08-01 19:00:00+00:00,4036.3,4039.3,4035.1,4038.7,21.198,46.0
2026-08-01 19:05:00+00:00,4039.2,4042.0,4039.2,4040.6,21.137,35.0
2026-08-01 19:10:00+00:00,4042.7,4044.0,4042.7,4043.8,0.802,11.0
2026-08-01 19:15:00+00:00,4044.9,4045.9,4044.9,4045.6,17.629,62.0
2026-08-01 19:20:00+00:00,4045.8,4045.9,4045.3,4045.3,0.575,11.0
2026-08-01 19:25:00+00:00,4045.4,4045.5,4045.3,4045.5,4.58,11.0
2026-08-01 19:30:00+00:00,4045.4,4045.4,4045.3,4045.4,0.141,8.0
2026-08-01 19:35:00+00:00,4045.3,4045.4,4045.3,4045.4,0.033,7.0
2026-08-01 19:40:00+00:00,4045.3,4045.4,4045.3,4045.3,0.029,5.0
2026-08-01 19:45:00+00:00,4045.3,4046.6,4045.3,4046.6,0.051,9.0
2026-08-01 19:50:00+00:00,4046.5,4046.6,4046.5,4046.6,0.051,11.0
2026-08-01 19:55:00+00:00,4046.6,4046.6,4046.0,4046.0,0.271,5.0
2026-08-01 20:00:00+00:00,4046.0,4047.6,4046.0,4047.6,18.038,44.0
2026-08-01 20:05:00+00:00,4047.6,4048.0,4047.5,4047.8,0.455,16.0
2026-08-01 20:10:00+00:00,4047.7,4047.7,4046.5,4046.7,0.486,9.0
2026-08-01 20:15:00+00:00,4046.6,4046.7,4046.6,4046.7,0.045,7.0
2026-08-01 20:20:00+00:00,4046.6,4046.7,4046.6,4046.7,0.032,7.0
2026-08-01 20:25:00+00:00,4046.6,4046.7,4046.6,4046.7,0.033,7.0
2026-08-01 20:30:00+00:00,4046.7,4046.7,4046.6,4046.6,0.434,7.0
2026-08-01 20:35:00+00:00,4046.6,4046.6,4046.4,4046.4,0.043,8.0
2026-08-01 20:40:00+00:00,4046.5,4046.5,4044.9,4046.3,5.398,28.0
2026-08-01 20:45:00+00:00,4046.1,4046.2,4045.4,4045.4,0.471,13.0
2026-08-01 20:50:00+00:00,4045.4,4045.4,4045.3,4045.4,0.038,7.0
2026-08-01 20:55:00+00:00,4045.4,4045.5,4045.2,4045.5,0.269,7.0
2026-08-01 21:00:00+00:00,4047.2,4048.3,4046.8,4048.1,0.221,8.0
2026-08-01 21:05:00+00:00,4048.1,4048.1,4048.1,4048.1,0.103,7.0
2026-08-01 21:10:00+00:00,4048.1,4048.2,4048.0,4048.1,0.514,12.0
2026-08-01 21:15:00+00:00,4048.4,4048.4,4048.3,4048.3,0.059,10.0
2026-08-01 21:20:00+00:00,4048.3,4048.4,4048.3,4048.4,1.563,8.0
2026-08-01 21:25:00+00:00,4048.4,4048.4,4047.9,4047.9,0.375,8.0
2026-08-01 21:30:00+00:00,4047.6,4047.6,4047.4,4047.5,0.023,5.0
2026-08-01 21:35:00+00:00,4047.4,4047.5,4047.4,4047.4,0.075,8.0
2026-08-01 21:40:00+00:00,4047.4,4047.8,4047.3,4047.8,0.594,9.0
2026-08-01 21:45:00+00:00,4047.8,4047.8,4047.7,4047.7,0.022,4.0
2026-08-01 21:50:00+00:00,4047.7,4047.8,4047.7,4047.8,0.044,7.0
2026-08-01 21:55:00+00:00,4047.7,4047.8,4047.7,4047.7,0.036,8.0
2026-08-01 22:00:00+00:00,4047.7,4047.7,4047.7,4047.7,0.323,8.0
2026-08-01 22:05:00+00:00,4047.6,4047.7,4047.6,4047.7,0.02,5.0
2026-08-01 22:10:00+00:00,4047.6,4047.7,4047.6,4047.7,0.05,9.0
2026-08-01 22:15:00+00:00,4047.6,4047.7,4047.6,4047.6,0.06,7.0
2026-08-01 22:20:00+00:00,4047.7,4047.7,4047.6,4047.6,0.049,4.0
2026-08-01 22:25:00+00:00,4047.7,4047.7,4047.6,4047.7,0.034,8.0
2026-08-01 22:30:00+00:00,4047.6,4047.7,4047.6,4047.7,0.033,7.0
2026-08-01 22:35:00+00:00,4047.7,4047.7,4047.6,4047.6,0.177,10.0
2026-08-01 22:40:00+00:00,4047.6,4047.7,4047.6,4047.6,0.036,7.0
2026-08-01 22:45:00+00:00,4047.6,4047.7,4047.6,4047.6,0.021,4.0
2026-08-01 22:50:00+00:00,4047.7,4047.7,4047.6,4047.7,0.033,7.0
2026-08-01 22:55:00+00:00,4047.7,4047.7,4047.6,4047.7,0.048,8.0
2026-08-01 23:00:00+00:00,4047.7,4047.7,4047.6,4047.6,0.094,8.0
2026-08-01 23:05:00+00:00,4047.6,4047.7,4047.6,4047.6,0.045,11.0
2026-08-01 23:10:00+00:00,4047.7,4047.7,4047.6,4047.7,0.046,5.0
2026-08-01 23:15:00+00:00,4047.7,4047.7,4047.4,4047.5,0.035,8.0
2026-08-01 23:20:00+00:00,4047.5,4047.5,4047.4,4047.5,0.065,10.0
2026-08-01 23:25:00+00:00,4047.5,4047.5,4047.4,4047.4,0.018,4.0
2026-08-01 23:30:00+00:00,4047.5,4047.5,4047.4,4047.5,0.466,6.0
2026-08-01 23:35:00+00:00,4047.5,4047.5,4047.5,4047.5,1.298,12.0
2026-08-01 23:40:00+00:00,4047.5,4047.5,4047.5,4047.5,1.217,11.0
2026-08-01 23:45:00+00:00,4047.5,4047.5,4047.4,4047.4,0.825,10.0
2026-08-01 23:50:00+00:00,4047.4,4047.5,4047.4,4047.5,0.025,6.0
2026-08-01 23:55:00+00:00,4047.1,4047.2,4047.1,4047.1,0.056,9.0
2026-08-02 00:00:00+00:00,4047.1,4047.2,4047.0,4047.2,0.413,19.0
2026-08-02 00:05:00+00:00,4047.2,4047.2,4047.1,4047.2,0.132,8.0
2026-08-02 00:10:00+00:00,4047.1,4047.4,4047.1,4047.4,0.419,12.0
2026-08-02 00:15:00+00:00,4047.4,4047.7,4047.4,4047.7,0.769,16.0
2026-08-02 00:20:00+00:00,4047.7,4048.3,4047.7,4048.3,1.477,23.0
2026-08-02 00:25:00+00:00,4048.3,4050.0,4048.3,4050.0,2.261,29.0
2026-08-02 00:30:00+00:00,4050.0,4050.0,4049.9,4049.9,1.031,18.0
2026-08-02 00:35:00+00:00,4049.9,4050.3,4049.9,4050.2,2.025,15.0
2026-08-02 00:40:00+00:00,4050.1,4050.2,4050.1,4050.1,0.318,7.0
2026-08-02 00:45:00+00:00,4049.1,4049.1,4048.7,4048.7,0.72,12.0
2026-08-02 00:50:00+00:00,4048.8,4048.8,4048.7,4048.7,0.049,5.0
2026-08-02 00:55:00+00:00,4048.7,4048.8,4048.7,4048.8,0.204,10.0
2026-08-02 01:00:00+00:00,4048.8,4048.8,4048.7,4048.8,0.046,9.0
2026-08-02 01:05:00+00:00,4048.8,4050.7,4048.8,4050.7,0.298,16.0
2026-08-02 01:10:00+00:00,4050.8,4051.3,4050.8,4051.3,0.738,14.0
2026-08-02 01:15:00+00:00,4051.3,4051.3,4051.2,4051.3,0.062,9.0
2026-08-02 01:20:00+00:00,4051.3,4051.5,4051.3,4051.5,0.173,9.0
2026-08-02 01:25:00+00:00,4051.4,4051.5,4051.4,4051.5,0.017,4.0
2026-08-02 01:30:00+00:00,4051.4,4051.6,4051.4,4051.5,0.202,19.0
2026-08-02 01:35:00+00:00,4051.9,4052.1,4051.9,4051.9,0.175,13.0
2026-08-02 01:40:00+00:00,4052.0,4052.0,4051.9,4052.0,0.034,6.0
2026-08-02 01:45:00+00:00,4052.0,4052.0,4051.9,4051.9,0.016,4.0
2026-08-02 01:50:00+00:00,4051.9,4052.0,4051.9,4052.0,0.05,8.0
2026-08-02 01:55:00+00:00,4052.0,4052.0,4051.9,4051.9,0.035,8.0
2026-08-02 02:00:00+00:00,4052.0,4052.0,4051.9,4052.0,3.863,8.0
2026-08-02 02:05:00+00:00,4051.9,4053.4,4051.6,4053.3,1.57,37.0
2026-08-02 02:10:00+00:00,4053.3,4053.8,4053.3,4053.8,0.035,6.0
2026-08-02 02:15:00+00:00,4053.9,4054.2,4053.9,4054.2,0.353,11.0
2026-08-02 02:20:00+00:00,4054.2,4054.4,4054.1,4054.2,0.667,12.0
2026-08-02 02:25:00+00:00,4054.2,4054.4,4054.2,4054.4,0.068,8.0
2026-08-02 02:30:00+00:00,4054.3,4054.4,4054.3,4054.3,0.069,6.0
2026-08-02 02:35:00+00:00,4054.3,4054.4,4054.3,4054.3,0.077,4.0
2026-08-02 02:40:00+00:00,4054.3,4054.5,4054.3,4054.5,0.037,7.0
2026-08-02 02:45:00+00:00,4054.6,4054.8,4054.6,4054.8,0.03,6.0
2026-08-02 02:50:00+00:00,4054.9,4054.9,4054.8,4054.9,0.035,9.0
2026-08-02 02:55:00+00:00,4054.8,4054.9,4054.8,4054.8,0.053,7.0
2026-08-02 03:00:00+00:00,4054.8,4054.9,4054.8,4054.9,0.044,8.0
2026-08-02 03:05:00+00:00,4055.0,4056.3,4055.0,4056.3,0.062,14.0
2026-08-02 03:10:00+00:00,4056.2,4056.3,4056.2,4056.3,0.055,8.0
2026-08-02 03:15:00+00:00,4056.2,4056.3,4056.2,4056.2,0.03,7.0
2026-08-02 03:20:00+00:00,4056.2,4057.1,4056.2,4057.1,0.816,16.0
2026-08-02 03:25:00+00:00,4057.1,4057.5,4057.1,4057.5,0.44,13.0
2026-08-02 03:30:00+00:00,4057.4,4057.5,4057.4,4057.5,0.268,5.0
2026-08-02 03:35:00+00:00,4057.5,4057.5,4057.4,4057.4,0.279,8.0
2026-08-02 03:40:00+00:00,4057.4,4057.5,4057.4,4057.4,1.072,11.0
2026-08-02 03:45:00+00:00,4057.4,4057.5,4057.4,4057.4,0.086,5.0
2026-08-02 03:50:00+00:00,4057.5,4057.5,4057.4,4057.4,0.043,10.0
2026-08-02 03:55:00+00:00,4057.5,4057.5,4057.1,4057.2,0.375,8.0
2026-08-02 04:00:00+00:00,4057.1,4057.2,4057.1,4057.1,0.22,14.0
2026-08-02 04:05:00+00:00,4057.1,4057.2,4057.1,4057.1,0.497,9.0
2026-08-02 04:10:00+00:00,4057.2,4057.3,4057.1,4057.3,0.643,18.0
2026-08-02 04:15:00+00:00,4057.3,4057.6,4057.2,4057.6,1.014,12.0
2026-08-02 04:20:00+00:00,4057.7,4059.0,4057.6,4059.0,0.165,10.0
2026-08-02 04:25:00+00:00,4059.1,4060.0,4059.0,4060.0,1.367,21.0
2026-08-02 04:30:00+00:00,4059.9,4059.9,4059.8,4059.9,0.155,7.0
2026-08-02 04:35:00+00:00,4059.9,4059.9,4059.8,4059.9,0.192,9.0
2026-08-02 04:40:00+00:00,4059.8,4059.8,4059.1,4059.1,0.738,13.0
2026-08-02 04:45:00+00:00,4059.1,4059.2,4059.1,4059.1,0.269,6.0
2026-08-02 04:50:00+00:00,4058.5,4058.6,4058.5,4058.5,0.054,11.0
2026-08-02 04:55:00+00:00,4058.5,4058.7,4058.5,4058.7,0.362,11.0
2026-08-02 05:00:00+00:00,4059.3,4059.3,4059.2,4059.2,0.084,3.0
2026-08-02 05:05:00+00:00,4059.1,4059.2,4059.1,4059.2,0.217,10.0
2026-08-02 05:10:00+00:00,4059.2,4059.2,4059.1,4059.2,0.045,6.0
2026-08-02 05:15:00+00:00,4059.2,4059.2,4059.1,4059.1,0.058,10.0
2026-08-02 05:20:00+00:00,4059.0,4059.0,4058.8,4058.9,0.038,10.0
2026-08-02 05:25:00+00:00,4058.9,4059.2,4058.8,4059.2,0.079,11.0
2026-08-02 05:30:00+00:00,4059.2,4059.2,4059.1,4059.1,0.018,5.0
2026-08-02 05:35:00+00:00,4059.2,4059.2,4059.1,4059.1,0.054,7.0
2026-08-02 05:40:00+00:00,4059.1,4059.3,4059.1,4059.3,0.044,8.0
2026-08-02 05:45:00+00:00,4059.2,4059.3,4059.2,4059.2,0.065,8.0
2026-08-02 05:50:00+00:00,4059.3,4059.3,4059.2,4059.2,0.049,9.0
2026-08-02 05:55:00+00:00,4059.2,4059.2,4059.2,4059.2,0.037,7.0
2026-08-02 06:00:00+00:00,4059.3,4059.3,4059.0,4059.0,0.894,11.0
2026-08-02 06:05:00+00:00,4058.8,4058.8,4058.7,4058.8,0.027,7.0
2026-08-02 06:10:00+00:00,4058.8,4058.8,4058.7,4058.8,0.027,5.0
2026-08-02 06:15:00+00:00,4058.8,4058.8,4058.7,4058.8,0.507,18.0
2026-08-02 06:20:00+00:00,4058.8,4058.9,4058.7,4058.8,0.644,12.0
2026-08-02 06:25:00+00:00,4058.7,4058.7,4058.5,4058.6,0.174,9.0
2026-08-02 06:30:00+00:00,4058.9,4058.9,4058.8,4058.9,0.037,8.0
2026-08-02 06:35:00+00:00,4058.9,4058.9,4058.8,4058.8,0.059,9.0
2026-08-02 06:40:00+00:00,4058.9,4058.9,4058.8,4058.8,0.106,11.0
2026-08-02 06:45:00+00:00,4058.8,4058.9,4058.8,4058.8,0.05,9.0
2026-08-02 06:50:00+00:00,4058.9,4058.9,4058.7,4058.7,0.058,6.0
2026-08-02 06:55:00+00:00,4058.8,4058.8,4058.7,4058.8,0.063,6.0
2026-08-02 07:00:00+00:00,4058.8,4058.8,4058.8,4058.8,0.09,6.0
2026-08-02 07:05:00+00:00,4058.8,4058.8,4058.4,4058.5,0.386,14.0
2026-08-02 07:10:00+00:00,4058.4,4058.5,4058.4,4058.5,0.331,8.0
2026-08-02 07:15:00+00:00,4058.4,4058.4,4057.7,4058.3,1.566,17.0
2026-08-02 07:20:00+00:00,4058.3,4058.4,4058.3,4058.4,0.043,7.0
2026-08-02 07:25:00+00:00,4058.4,4058.4,4058.2,4058.2,0.027,5.0
2026-08-02 07:30:00+00:00,4058.2,4058.4,4058.2,4058.2,0.35,13.0
2026-08-02 07:35:00+00:00,4058.3,4058.4,4058.3,4058.4,0.388,11.0
2026-08-02 07:40:00+00:00,4058.4,4058.4,4058.3,4058.3,0.022,4.0
2026-08-02 07:45:00+00:00,4058.2,4058.3,4057.1,4057.1,2.493,19.0
2026-08-02 07:50:00+00:00,4058.0,4058.0,4057.7,4057.7,0.04,7.0
2026-08-02 07:55:00+00:00,4057.7,4057.7,4057.6,4057.6,0.4,8.0
2026-08-02 08:00:00+00:00,4057.6,4057.7,4057.6,4057.6,0.209,14.0
2026-08-02 08:05:00+00:00,4057.7,4057.7,4057.6,4057.7,0.024,6.0
2026-08-02 08:10:00+00:00,4057.6,4057.7,4057.6,4057.6,0.034,7.0
2026-08-02 08:15:00+00:00,4057.6,4057.7,4057.6,4057.6,0.039,6.0
2026-08-02 08:20:00+00:00,4057.6,4057.7,4057.6,4057.6,0.559,21.0
2026-08-02 08:25:00+00:00,4057.6,4057.8,4057.6,4057.7,0.095,12.0
2026-08-02 08:30:00+00:00,4057.7,4057.8,4057.7,4057.7,0.563,18.0
2026-08-02 08:35:00+00:00,4057.7,4057.8,4057.7,4057.7,0.635,19.0
2026-08-02 08:40:00+00:00,4057.8,4057.8,4057.7,4057.8,0.042,7.0
2026-08-02 08:45:00+00:00,4057.8,4057.8,4057.7,4057.8,0.277,9.0
2026-08-02 08:50:00+00:00,4057.8,4057.8,4057.7,4057.7,0.298,14.0
2026-08-02 08:55:00+00:00,4057.7,4057.8,4057.7,4057.7,0.249,26.0
2026-08-02 09:00:00+00:00,4057.8,4057.8,4057.7,4057.7,0.418,10.0
2026-08-02 09:05:00+00:00,4057.7,4057.8,4057.7,4057.7,2.549,100.0
2026-08-02 09:10:00+00:00,4057.7,4057.8,4057.7,4057.7,0.517,12.0
2026-08-02 09:15:00+00:00,4057.8,4057.8,4057.7,4057.8,0.067,7.0
2026-08-02 09:20:00+00:00,4057.8,4057.8,4057.7,4057.8,0.047,7.0
2026-08-02 09:25:00+00:00,4057.7,4057.8,4057.7,4057.7,0.04,8.0
2026-08-02 09:30:00+00:00,4057.7,4057.8,4057.7,4057.7,0.056,10.0
2026-08-02 09:35:00+00:00,4057.7,4057.8,4057.7,4057.7,0.025,6.0
2026-08-02 09:40:00+00:00,4057.7,4057.8,4057.7,4057.8,0.082,9.0
2026-08-02 09:45:00+00:00,4057.8,4057.8,4057.7,4057.8,0.147,11.0
2026-08-02 09:50:00+00:00,4057.7,4057.7,4057.7,4057.7,0.029,5.0
2026-08-02 09:55:00+00:00,4057.7,4057.8,4057.7,4057.8,0.113,8.0
2026-08-02 10:00:00+00:00,4057.8,4057.9,4057.7,4057.9,8.763,190.0
2026-08-02 10:05:00+00:00,4057.9,4058.1,4057.8,4058.1,8.258,160.0
2026-08-02 10:10:00+00:00,4058.1,4058.1,4058.0,4058.1,5.171,118.0
2026-08-02 10:15:00+00:00,4058.1,4058.1,4058.0,4058.1,2.467,59.0
2026-08-02 10:20:00+00:00,4058.1,4058.1,4058.0,4058.1,1.328,21.0
2026-08-02 10:25:00+00:00,4058.1,4058.1,4058.0,4058.0,0.132,11.0
2026-08-02 10:30:00+00:00,4058.1,4058.1,4058.0,4058.1,0.098,8.0
2026-08-02 10:35:00+00:00,4058.1,4058.1,4058.0,4058.1,0.229,11.0
2026-08-02 10:40:00+00:00,4058.1,4058.1,4058.0,4058.1,0.317,12.0
2026-08-02 10:45:00+00:00,4058.1,4058.1,4058.0,4058.1,0.234,11.0
2026-08-02 10:50:00+00:00,4058.1,4058.2,4057.7,4057.9,13.78,289.0
2026-08-02 10:55:00+00:00,4057.9,4058.3,4057.9,4058.3,20.437,464.0
2026-08-02 11:00:00+00:00,4058.3,4058.6,4058.3,4058.6,20.925,458.0
2026-08-02 11:05:00+00:00,4058.6,4058.9,4058.6,4058.9,20.971,462.0
2026-08-02 11:10:00+00:00,4058.9,4059.2,4058.8,4059.2,21.303,484.0
2026-08-02 11:15:00+00:00,4059.2,4059.2,4057.7,4059.0,21.296,475.0
2026-08-02 11:20:00+00:00,4059.0,4059.5,4059.0,4059.5,20.868,443.0
2026-08-02 11:25:00+00:00,4059.5,4059.5,4059.5,4059.5,18.363,394.0
2026-08-02 11:30:00+00:00,4059.5,4059.5,4059.3,4059.4,20.343,443.0
2026-08-02 11:35:00+00:00,4059.4,4059.4,4059.2,4059.4,18.885,449.0
2026-08-02 11:40:00+00:00,4059.4,4059.5,4059.4,4059.5,20.49,454.0
2026-08-02 11:45:00+00:00,4059.5,4059.6,4059.4,4059.6,18.945,418.0
2026-08-02 11:50:00+00:00,4059.6,4059.6,4058.7,4058.9,11.997,254.0
2026-08-02 11:55:00+00:00,4058.9,4058.9,4058.8,4058.9,6.109,155.0
2026-08-02 12:00:00+00:00,4058.9,4059.0,4058.9,4059.0,0.903,23.0
2026-08-02 12:05:00+00:00,4059.0,4059.2,4058.8,4058.8,2.392,39.0
2026-08-02 12:10:00+00:00,4058.8,4058.9,4058.8,4058.9,0.955,26.0
2026-08-02 12:15:00+00:00,4058.9,4058.9,4058.8,4058.9,1.042,19.0
2026-08-02 12:20:00+00:00,4058.9,4059.5,4058.9,4059.5,16.074,378.0
2026-08-02 12:25:00+00:00,4059.5,4059.5,4059.4,4059.4,10.051,228.0
2026-08-02 12:30:00+00:00,4059.5,4059.5,4059.3,4059.4,13.821,324.0
2026-08-02 12:35:00+00:00,4059.3,4059.4,4059.3,4059.4,7.345,174.0
2026-08-02 12:40:00+00:00,4059.4,4059.4,4059.4,4059.4,9.923,236.0
2026-08-02 12:45:00+00:00,4059.4,4059.4,4057.7,4059.1,20.282,38.0
2026-08-02 12:50:00+00:00,4059.1,4059.1,4059.0,4059.1,0.112,7.0
2026-08-02 12:55:00+00:00,4059.1,4059.1,4059.0,4059.0,0.066,8.0
2026-08-02 13:00:00+00:00,4059.1,4059.2,4059.1,4059.1,0.63,14.0
2026-08-02 13:05:00+00:00,4059.2,4059.2,4059.1,4059.2,0.036,7.0
2026-08-02 13:10:00+00:00,4059.1,4059.2,4059.1,4059.1,0.031,6.0
2026-08-02 13:15:00+00:00,4059.1,4059.2,4059.1,4059.2,0.078,9.0
2026-08-02 13:20:00+00:00,4059.1,4059.2,4059.1,4059.2,0.022,5.0
2026-08-02 13:25:00+00:00,4059.2,4059.2,4059.1,4059.1,0.038,6.0
2026-08-02 13:30:00+00:00,4059.2,4059.2,4059.1,4059.2,0.058,7.0
2026-08-02 13:35:00+00:00,4059.1,4059.2,4059.1,4059.2,0.03,7.0
2026-08-02 13:40:00+00:00,4059.2,4059.2,4059.1,4059.2,0.225,10.0
2026-08-02 13:45:00+00:00,4059.1,4059.2,4059.1,4059.1,0.099,7.0
2026-08-02 13:50:00+00:00,4059.1,4059.2,4059.1,4059.2,0.031,6.0
2026-08-02 13:55:00+00:00,4059.1,4059.1,4059.0,4059.0,0.07,6.0
2026-08-02 14:00:00+00:00,4059.0,4059.1,4059.0,4059.1,0.145,13.0
2026-08-02 14:05:00+00:00,4059.1,4059.1,4059.0,4059.1,0.048,6.0
2026-08-02 14:10:00+00:00,4059.2,4059.2,4058.8,4058.9,0.845,17.0
2026-08-02 14:15:00+00:00,4058.9,4058.9,4058.8,4058.8,0.259,9.0
2026-08-02 14:20:00+00:00,4058.8,4058.8,4056.1,4056.1,14.174,231.0
2026-08-02 14:25:00+00:00,4056.1,4056.8,4056.1,4056.7,9.976,215.0
2026-08-02 14:30:00+00:00,4056.8,4057.5,4056.8,4057.5,0.017,3.0
2026-08-02 14:35:00+00:00,4057.5,4057.6,4057.5,4057.6,0.07,9.0
2026-08-02 14:40:00+00:00,4057.6,4057.7,4057.6,4057.7,0.266,7.0
2026-08-02 14:45:00+00:00,4057.7,4062.0,4057.7,4061.5,14.129,52.0
2026-08-02 14:50:00+00:00,4061.5,4061.5,4060.5,4060.5,2.089,25.0
2026-08-02 14:55:00+00:00,4060.6,4060.6,4060.5,4060.6,0.037,8.0
2026-08-02 15:00:00+00:00,4060.5,4060.6,4059.8,4059.9,0.848,21.0
2026-08-02 15:05:00+00:00,4059.8,4059.9,4059.8,4059.8,0.288,11.0
2026-08-02 15:10:00+00:00,4059.7,4059.7,4059.6,4059.7,0.039,9.0
2026-08-02 15:15:00+00:00,4059.6,4059.7,4059.6,4059.7,0.068,8.0
2026-08-02 15:20:00+00:00,4059.7,4059.7,4059.6,4059.7,0.049,8.0
2026-08-02 15:25:00+00:00,4059.6,4059.7,4059.6,4059.7,0.767,11.0
2026-08-02 15:30:00+00:00,4059.7,4059.7,4059.6,4059.6,0.485,11.0
2026-08-02 15:35:00+00:00,4059.7,4059.7,4059.6,4059.6,0.062,9.0
2026-08-02 15:40:00+00:00,4059.6,4059.7,4059.6,4059.6,0.376,8.0
2026-08-02 15:45:00+00:00,4059.7,4059.7,4059.6,4059.7,1.642,41.0
2026-08-02 15:50:00+00:00,4059.7,4059.9,4059.6,4059.9,8.164,201.0
2026-08-02 15:55:00+00:00,4059.9,4059.9,4059.8,4059.8,0.502,13.0
2026-08-02 16:00:00+00:00,4059.9,4060.7,4059.9,4060.7,3.061,70.0
2026-08-02 16:05:00+00:00,4060.7,4060.9,4060.7,4060.9,18.192,416.0
2026-08-02 16:10:00+00:00,4060.9,4061.1,4060.9,4061.0,8.872,226.0
2026-08-02 16:15:00+00:00,4061.1,4061.1,4061.0,4061.1,0.024,6.0
2026-08-02 16:20:00+00:00,4061.1,4061.1,4061.0,4061.1,0.023,4.0
2026-08-02 16:25:00+00:00,4061.0,4061.1,4060.3,4060.3,1.898,22.0
2026-08-02 16:30:00+00:00,4061.0,4061.0,4060.9,4060.9,0.032,6.0
2026-08-02 16:35:00+00:00,4061.0,4061.2,4061.0,4061.1,8.255,193.0
2026-08-02 16:40:00+00:00,4061.1,4061.1,4061.0,4061.1,7.062,162.0
2026-08-02 16:45:00+00:00,4061.1,4061.4,4061.0,4061.4,7.917,173.0
2026-08-02 16:50:00+00:00,4061.5,4062.7,4061.4,4062.7,10.107,220.0
2026-08-02 16:55:00+00:00,4062.8,4063.3,4062.8,4062.8,14.889,319.0
2026-08-02 17:00:00+00:00,4062.8,4062.9,4062.4,4062.9,15.644,347.0
2026-08-02 17:05:00+00:00,4062.9,4062.9,4062.2,4062.3,8.341,170.0
2026-08-02 17:10:00+00:00,4062.2,4062.2,4061.7,4061.8,0.517,11.0
2026-08-02 17:15:00+00:00,4061.7,4061.8,4061.7,4061.7,0.208,5.0
2026-08-02 17:20:00+00:00,4061.8,4061.8,4061.7,4061.7,0.061,9.0
2026-08-02 17:25:00+00:00,4062.0,4062.0,4061.9,4062.0,0.029,5.0
2026-08-02 17:30:00+00:00,4061.9,4062.7,4061.9,4062.6,9.189,129.0
2026-08-02 17:35:00+00:00,4062.6,4063.2,4062.6,4063.2,0.9,26.0
2026-08-02 17:40:00+00:00,4063.3,4063.4,4062.4,4063.4,3.17,66.0
2026-08-02 17:45:00+00:00,4063.4,4064.6,4063.4,4064.6,20.161,458.0
2026-08-02 17:50:00+00:00,4064.6,4066.1,4064.6,4066.1,17.518,391.0
2026-08-02 17:55:00+00:00,4066.8,4067.8,4066.8,4067.7,2.178,12.0
2026-08-02 18:00:00+00:00,4067.7,4067.8,4067.5,4067.5,11.098,91.0
2026-08-02 18:05:00+00:00,4067.5,4067.5,4066.5,4066.5,4.211,81.0
2026-08-02 18:10:00+00:00,4066.5,4066.5,4065.5,4065.7,4.739,109.0
2026-08-02 18:15:00+00:00,4066.0,4066.3,4066.0,4066.3,0.04,7.0
2026-08-02 18:20:00+00:00,4066.2,4066.2,4066.2,4066.2,0.527,7.0
2026-08-02 18:25:00+00:00,4066.2,4066.5,4066.1,4066.4,4.41,101.0
2026-08-02 18:30:00+00:00,4066.5,4066.5,4066.4,4066.5,4.381,107.0
2026-08-02 18:35:00+00:00,4066.4,4067.0,4066.4,4066.9,16.191,262.0
2026-08-02 18:40:00+00:00,4066.8,4067.7,4066.7,4067.7,1.934,42.0
2026-08-02 18:45:00+00:00,4067.4,4067.5,4067.4,4067.4,0.043,9.0
2026-08-02 18:50:00+00:00,4067.3,4067.3,4066.9,4066.9,0.256,8.0
2026-08-02 18:55:00+00:00,4066.7,4066.7,4066.1,4066.2,0.287,17.0
2026-08-02 19:00:00+00:00,4066.2,4066.2,4064.1,4065.3,3.799,92.0
2026-08-02 19:05:00+00:00,4065.2,4065.4,4065.2,4065.4,5.312,125.0
2026-08-02 19:10:00+00:00,4065.4,4065.4,4065.3,4065.4,3.982,94.0
2026-08-02 19:15:00+00:00,4065.3,4065.3,4064.7,4064.7,9.122,209.0
2026-08-02 19:20:00+00:00,4064.7,4064.7,4064.7,4064.7,12.979,308.0
2026-08-02 19:25:00+00:00,4064.7,4064.7,4064.7,4064.7,10.467,256.0
2026-08-02 19:30:00+00:00,4064.7,4064.7,4064.6,4064.6,2.102,53.0
2026-08-02 19:35:00+00:00,4064.7,4065.1,4064.6,4065.1,3.229,77.0
2026-08-02 19:40:00+00:00,4065.1,4065.8,4065.0,4065.8,3.762,86.0
2026-08-02 19:45:00+00:00,4065.8,4066.0,4064.9,4066.0,12.395,197.0
2026-08-02 19:50:00+00:00,4066.0,4066.4,4066.0,4066.4,6.354,147.0
2026-08-02 19:55:00+00:00,4066.4,4066.4,4065.4,4065.6,4.555,97.0
2026-08-02 20:00:00+00:00,4065.5,4065.8,4065.3,4065.7,14.765,343.0
2026-08-02 20:05:00+00:00,4065.7,4066.0,4065.7,4066.0,16.108,413.0
2026-08-02 20:10:00+00:00,4066.0,4066.1,4065.9,4065.9,6.972,162.0
2026-08-02 20:15:00+00:00,4065.9,4066.0,4065.5,4065.6,0.12,10.0
2026-08-02 20:20:00+00:00,4065.5,4066.0,4065.5,4066.0,0.334,20.0
2026-08-02 20:25:00+00:00,4065.9,4066.7,4065.9,4066.7,0.714,28.0
2026-08-02 20:30:00+00:00,4066.7,4068.1,4066.7,4068.1,0.297,13.0
2026-08-02 20:35:00+00:00,4068.1,4068.4,4068.1,4068.4,0.106,7.0
2026-08-02 20:40:00+00:00,4068.6,4068.9,4068.5,4068.9,0.046,9.0
2026-08-02 20:45:00+00:00,4068.9,4069.7,4068.9,4069.7,0.285,11.0
2026-08-02 20:50:00+00:00,4069.7,4070.0,4066.4,4066.7,0.482,11.0
2026-08-02 20:55:00+00:00,4067.8,4067.8,4067.5,4067.5,0.027,6.0
2026-08-02 21:00:00+00:00,4067.6,4067.7,4067.4,4067.4,0.087,8.0
2026-08-02 21:05:00+00:00,4067.3,4067.3,4066.3,4066.3,0.176,7.0
2026-08-02 21:10:00+00:00,4066.1,4067.2,4065.8,4067.2,2.557,24.0
2026-08-02 21:15:00+00:00,4067.6,4068.0,4067.6,4068.0,0.049,9.0
2026-08-02 21:20:00+00:00,4067.9,4068.9,4067.9,4068.9,0.132,8.0
2026-08-02 21:25:00+00:00,4069.0,4069.1,4068.8,4068.8,1.391,7.0
2026-08-02 21:30:00+00:00,4068.9,4068.9,4068.8,4068.8,1.983,14.0
2026-08-02 21:35:00+00:00,4068.9,4069.0,4068.9,4068.9,0.065,9.0
2026-08-02 21:40:00+00:00,4068.9,4071.8,4068.9,4071.3,1.874,38.0
2026-08-02 21:45:00+00:00,4073.3,4073.4,4073.3,4073.4,0.018,5.0
2026-08-02 21:50:00+00:00,4074.1,4074.1,4072.3,4073.0,0.972,15.0
2026-08-02 21:55:00+00:00,4073.0,4074.3,4072.8,4072.9,0.182,9.0
2026-08-02 22:00:00+00:00,4073.6,4080.0,4071.3,4075.4,3.918,48.0
2026-08-02 22:05:00+00:00,4074.6,4076.1,4074.4,4075.1,0.175,8.0
2026-08-02 22:10:00+00:00,4074.2,4077.1,4074.2,4076.2,0.422,15.0
2026-08-02 22:15:00+00:00,4076.1,4076.1,4067.8,4067.9,6.273,74.0
2026-08-02 22:20:00+00:00,4067.9,4067.9,4064.4,4064.4,2.139,34.0
2026-08-02 22:25:00+00:00,4064.5,4064.9,4063.8,4064.9,0.326,14.0
2026-08-02 22:30:00+00:00,4064.8,4066.4,4064.8,4066.4,0.092,6.0
2026-08-02 22:35:00+00:00,4064.3,4065.2,4063.9,4065.2,0.141,11.0
2026-08-02 22:40:00+00:00,4064.6,4065.9,4064.6,4065.9,0.11,10.0
2026-08-02 22:45:00+00:00,4065.8,4065.8,4064.4,4064.5,0.038,9.0
2026-08-02 22:50:00+00:00,4064.4,4064.4,4063.7,4064.2,2.942,13.0
2026-08-02 22:55:00+00:00,4063.4,4063.4,4063.0,4063.0,0.087,11.0
2026-08-02 23:00:00+00:00,4062.9,4063.3,4062.0,4062.9,28.639,125.0
2026-08-02 23:05:00+00:00,4062.2,4062.9,4062.1,4062.7,0.244,11.0
2026-08-02 23:10:00+00:00,4062.7,4063.8,4062.0,4063.8,1.318,31.0
2026-08-02 23:15:00+00:00,4063.8,4067.7,4063.8,4067.7,0.61,13.0
2026-08-02 23:20:00+00:00,4069.1,4069.2,4066.7,4069.1,0.217,11.0
2026-08-02 23:25:00+00:00,4069.9,4070.1,4069.8,4070.0,0.511,9.0
2026-08-02 23:30:00+00:00,4070.0,4070.0,4068.3,4068.3,0.131,6.0
2026-08-02 23:35:00+00:00,4068.3,4068.4,4068.3,4068.4,0.634,11.0
2026-08-02 23:40:00+00:00,4068.1,4068.1,4066.9,4066.9,1.231,18.0
2026-08-02 23:45:00+00:00,4067.3,4069.5,4066.8,4066.9,0.574,11.0
2026-08-02 23:50:00+00:00,4066.9,4070.0,4066.9,4070.0,3.111,12.0
2026-08-02 23:55:00+00:00,4070.7,4071.7,4070.7,4071.6,0.459,5.0
2026-08-03 00:00:00+00:00,4071.6,4076.0,4071.6,4075.1,0.633,24.0
2026-08-03 00:05:00+00:00,4074.5,4074.5,4071.1,4071.1,0.891,25.0
2026-08-03 00:10:00+00:00,4070.8,4070.8,4068.2,4068.8,2.469,13.0
2026-08-03 00:15:00+00:00,4069.0,4069.7,4068.3,4068.3,0.099,7.0
2026-08-03 00:20:00+00:00,4068.1,4068.1,4064.7,4064.7,0.475,14.0
2026-08-03 00:25:00+00:00,4063.9,4063.9,4061.3,4063.6,6.09,32.0
2026-08-03 00:30:00+00:00,4063.1,4066.5,4062.1,4062.9,0.902,18.0
2026-08-03 00:35:00+00:00,4061.9,4061.9,4058.9,4058.9,0.612,15.0
2026-08-03 00:40:00+00:00,4058.9,4058.9,4056.8,4056.9,13.292,49.0
2026-08-03 00:45:00+00:00,4056.7,4057.4,4054.9,4057.4,1.253,25.0
2026-08-03 00:50:00+00:00,4056.3,4058.0,4056.0,4056.5,0.146,15.0
2026-08-03 00:55:00+00:00,4056.4,4056.5,4054.5,4054.6,2.57,12.0
2026-08-03 01:00:00+00:00,4054.3,4060.1,4051.0,4055.9,8.195,28.0
2026-08-03 01:05:00+00:00,4056.6,4059.0,4056.6,4058.3,0.043,12.0
2026-08-03 01:10:00+00:00,4056.5,4056.5,4052.0,4052.0,1.8,12.0
2026-08-03 01:15:00+00:00,4050.9,4051.4,4046.6,4047.9,3.863,32.0
2026-08-03 01:20:00+00:00,4047.9,4050.8,4047.9,4050.8,0.039,5.0
2026-08-03 01:25:00+00:00,4052.3,4052.3,4051.1,4052.1,0.13,8.0
2026-08-03 01:30:00+00:00,4051.6,4051.6,4049.2,4050.0,0.053,7.0
2026-08-03 01:35:00+00:00,4052.3,4054.8,4052.2,4052.2,0.18,11.0
2026-08-03 01:40:00+00:00,4052.2,4052.2,4047.1,4047.1,3.074,8.0
2026-08-03 01:45:00+00:00,4049.0,4052.8,4049.0,4052.8,0.909,19.0
2026-08-03 01:50:00+00:00,4051.7,4052.6,4049.1,4049.2,0.227,9.0
2026-08-03 01:55:00+00:00,4049.1,4054.7,4048.7,4054.7,0.666,21.0
2026-08-03 02:00:00+00:00,4056.1,4057.4,4055.6,4056.8,3.018,41.0
2026-08-03 02:05:00+00:00,4057.3,4057.4,4054.0,4054.1,0.287,24.0
2026-08-03 02:10:00+00:00,4053.9,4053.9,4051.8,4053.1,1.796,27.0
2026-08-03 02:15:00+00:00,4051.8,4056.1,4050.6,4056.1,1.354,11.0
2026-08-03 02:20:00+00:00,4057.2,4057.3,4052.8,4052.9,0.899,13.0
2026-08-03 02:25:00+00:00,4053.2,4056.0,4052.7,4055.2,0.165,9.0
2026-08-03 02:30:00+00:00,4055.8,4056.0,4052.0,4052.8,0.061,6.0
2026-08-03 02:35:00+00:00,4053.8,4053.8,4051.2,4053.0,0.121,7.0
2026-08-03 02:40:00+00:00,4056.4,4056.9,4054.8,4056.9,0.671,11.0
2026-08-03 02:45:00+00:00,4055.9,4062.0,4055.9,4062.0,0.583,20.0
2026-08-03 02:50:00+00:00,4060.7,4061.1,4059.3,4059.3,0.775,9.0
2026-08-03 02:55:00+00:00,4059.8,4060.1,4058.8,4060.1,0.122,8.0
2026-08-03 03:00:00+00:00,4059.9,4061.6,4059.5,4059.9,2.94,21.0
2026-08-03 03:05:00+00:00,4060.1,4061.3,4060.1,4060.4,0.058,9.0
2026-08-03 03:10:00+00:00,4060.5,4061.2,4060.5,4061.2,0.046,7.0
2026-08-03 03:15:00+00:00,4061.3,4064.0,4060.7,4063.2,0.238,15.0
2026-08-03 03:20:00+00:00,4063.5,4063.5,4059.6,4060.2,0.085,10.0
2026-08-03 03:25:00+00:00,4060.2,4061.6,4059.4,4060.6,0.567,16.0
2026-08-03 03:30:00+00:00,4059.7,4061.3,4059.7,4061.3,1.524,12.0
2026-08-03 03:35:00+00:00,4059.5,4059.5,4059.0,4059.4,0.105,9.0
2026-08-03 03:40:00+00:00,4059.9,4059.9,4058.0,4058.0,0.029,9.0
2026-08-03 03:45:00+00:00,4057.9,4057.9,4057.0,4057.3,2.532,36.0
2026-08-03 03:50:00+00:00,4057.3,4061.9,4057.3,4061.9,0.899,22.0
2026-08-03 03:55:00+00:00,4062.7,4062.8,4061.3,4061.5,0.055,11.0
2026-08-03 04:00:00+00:00,4061.5,4062.8,4061.5,4062.7,0.044,9.0
2026-08-03 04:05:00+00:00,4062.7,4064.4,4062.7,4063.7,0.367,18.0
2026-08-03 04:10:00+00:00,4062.9,4063.3,4062.7,4063.1,0.07,11.0
2026-08-03 04:15:00+00:00,4063.8,4065.6,4063.8,4065.0,0.262,12.0
2026-08-03 04:20:00+00:00,4065.6,4066.7,4065.6,4065.7,0.066,9.0
2026-08-03 04:25:00+00:00,4065.8,4065.8,4065.2,4065.3,0.034,7.0
2026-08-03 04:30:00+00:00,4065.4,4066.8,4065.4,4066.8,0.071,7.0
2026-08-03 04:35:00+00:00,4066.8,4066.8,4065.6,4066.2,0.04,6.0
2026-08-03 04:40:00+00:00,4065.7,4066.0,4065.6,4065.9,0.023,5.0
2026-08-03 04:45:00+00:00,4066.0,4066.0,4065.9,4066.0,0.072,6.0
2026-08-03 04:50:00+00:00,4067.7,4067.7,4065.3,4065.3,0.436,17.0
2026-08-03 04:55:00+00:00,4065.2,4065.2,4060.6,4060.6,7.966,62.0
2026-08-03 05:00:00+00:00,4060.5,4061.0,4059.9,4059.9,0.079,10.0
2026-08-03 05:05:00+00:00,4059.8,4059.8,4057.6,4058.3,1.754,29.0
2026-08-03 05:10:00+00:00,4056.3,4056.3,4054.3,4054.4,0.038,9.0
2026-08-03 05:15:00+00:00,4054.3,4054.3,4052.3,4053.7,0.081,8.0
2026-08-03 05:20:00+00:00,4053.7,4054.4,4053.7,4054.1,0.116,11.0
2026-08-03 05:25:00+00:00,4055.1,4058.1,4055.1,4056.8,0.51,10.0
2026-08-03 05:30:00+00:00,4055.2,4056.5,4052.6,4052.6,0.756,12.0
2026-08-03 05:35:00+00:00,4052.9,4055.0,4052.2,4055.0,0.156,7.0
2026-08-03 05:40:00+00:00,4053.7,4058.8,4053.7,4058.8,0.016,3.0
2026-08-03 05:45:00+00:00,4058.6,4058.6,4056.0,4056.1,0.03,8.0
2026-08-03 05:50:00+00:00,4056.8,4061.4,4056.5,4061.4,1.611,16.0
2026-08-03 05:55:00+00:00,4060.7,4064.5,4060.7,4064.5,0.145,20.0
2026-08-03 06:00:00+00:00,4065.7,4066.4,4065.0,4065.0,0.142,10.0
2026-08-03 06:05:00+00:00,4065.9,4065.9,4064.1,4064.1,0.422,13.0
2026-08-03 06:10:00+00:00,4064.1,4064.1,4063.4,4063.4,2.263,11.0
2026-08-03 06:15:00+00:00,4063.4,4065.2,4063.1,4065.1,0.064,11.0
2026-08-03 06:20:00+00:00,4065.6,4066.8,4064.3,4066.8,0.037,6.0
2026-08-03 06:25:00+00:00,4066.3,4066.3,4063.4,4065.0,0.049,6.0
2026-08-03 06:30:00+00:00,4064.5,4064.5,4059.5,4059.5,0.985,21.0
2026-08-03 06:35:00+00:00,4059.6,4063.4,4059.6,4063.3,0.164,9.0
2026-08-03 06:40:00+00:00,4062.8,4063.0,4062.0,4062.0,0.163,12.0
2026-08-03 06:45:00+00:00,4061.8,4063.1,4060.1,4060.1,0.235,9.0
2026-08-03 06:50:00+00:00,4060.1,4060.7,4060.0,4060.2,0.484,10.0
2026-08-03 06:55:00+00:00,4060.7,4061.0,4060.5,4061.0,0.11,8.0
2026-08-03 07:00:00+00:00,4060.0,4060.0,4057.3,4057.3,0.427,17.0
2026-08-03 07:05:00+00:00,4057.8,4059.8,4057.2,4059.8,1.064,16.0
2026-08-03 07:10:00+00:00,4059.4,4060.6,4058.7,4058.7,0.34,19.0
2026-08-03 07:15:00+00:00,4058.5,4058.5,4051.4,4051.7,0.297,20.0
2026-08-03 07:20:00+00:00,4051.2,4053.2,4051.2,4053.2,0.296,8.0
2026-08-03 07:25:00+00:00,4053.4,4055.7,4053.4,4055.7,1.65,13.0
2026-08-03 07:30:00+00:00,4056.3,4057.2,4056.1,4057.2,0.426,10.0
2026-08-03 07:35:00+00:00,4057.2,4057.9,4054.4,4057.0,32.271,124.0
2026-08-03 07:40:00+00:00,4057.4,4057.4,4055.8,4055.8,0.317,8.0
2026-08-03 07:45:00+00:00,4056.6,4058.0,4056.3,4057.9,0.599,16.0
2026-08-03 07:50:00+00:00,4056.8,4058.7,4056.8,4058.7,0.032,6.0
2026-08-03 07:55:00+00:00,4059.4,4059.4,4058.8,4058.9,0.032,7.0
2026-08-03 08:00:00+00:00,4058.2,4058.2,4056.7,4057.9,0.431,14.0
2026-08-03 08:05:00+00:00,4057.9,4058.0,4057.1,4057.1,0.199,9.0
2026-08-03 08:10:00+00:00,4057.5,4058.3,4057.4,4058.3,1.878,34.0
2026-08-03 08:15:00+00:00,4058.3,4058.6,4055.2,4055.2,6.91,251.0
2026-08-03 08:20:00+00:00,4055.2,4055.4,4055.2,4055.3,0.219,15.0
2026-08-03 08:25:00+00:00,4055.4,4055.5,4052.7,4052.7,11.463,260.0
2026-08-03 08:30:00+00:00,4053.1,4054.3,4052.9,4053.9,3.559,144.0
2026-08-03 08:35:00+00:00,4053.9,4055.9,4052.7,4055.6,1.26,50.0
2026-08-03 08:40:00+00:00,4057.0,4057.1,4055.9,4055.9,0.267,22.0
2026-08-03 08:45:00+00:00,4056.0,4057.0,4055.8,4056.3,0.058,11.0
2026-08-03 08:50:00+00:00,4056.0,4056.6,4055.8,4056.3,0.073,11.0
2026-08-03 08:55:00+00:00,4056.2,4057.4,4056.1,4056.1,0.038,7.0
2026-08-03 09:00:00+00:00,4056.3,4056.3,4055.6,4055.6,0.081,10.0
2026-08-03 09:05:00+00:00,4055.7,4056.0,4055.6,4055.9,0.275,10.0
2026-08-03 09:10:00+00:00,4056.0,4058.3,4056.0,4058.3,0.244,15.0
2026-08-03 09:15:00+00:00,4058.0,4058.0,4055.9,4056.3,0.174,12.0
2026-08-03 09:20:00+00:00,4056.3,4056.3,4051.6,4051.6,0.314,35.0
2026-08-03 09:25:00+00:00,4053.4,4053.4,4051.1,4051.3,0.202,9.0
2026-08-03 09:30:00+00:00,4051.1,4051.1,4046.0,4046.0,7.638,32.0
2026-08-03 09:35:00+00:00,4045.7,4050.7,4045.7,4050.7,0.197,13.0
2026-08-03 09:40:00+00:00,4051.2,4051.8,4050.0,4051.8,0.044,10.0
2026-08-03 09:45:00+00:00,4051.8,4053.8,4051.8,4053.8,0.039,8.0
2026-08-03 09:50:00+00:00,4055.7,4055.7,4053.9,4053.9,0.023,5.0
2026-08-03 09:55:00+00:00,4054.4,4055.2,4053.3,4053.3,0.057,7.0
2026-08-03 10:00:00+00:00,4053.0,4053.0,4051.4,4052.7,2.223,23.0
2026-08-03 10:05:00+00:00,4052.5,4052.8,4052.4,4052.4,0.613,15.0
2026-08-03 10:10:00+00:00,4052.4,4053.6,4051.6,4053.6,0.589,15.0
2026-08-03 10:15:00+00:00,4053.7,4053.7,4052.2,4052.8,8.135,18.0
2026-08-03 10:20:00+00:00,4053.2,4053.2,4051.5,4051.5,0.377,13.0
2026-08-03 10:25:00+00:00,4051.3,4051.9,4051.3,4051.7,0.029,6.0
2026-08-03 10:30:00+00:00,4051.6,4051.6,4049.2,4050.0,0.303,18.0
2026-08-03 10:35:00+00:00,4050.2,4051.9,4050.2,4051.3,0.338,11.0
2026-08-03 10:40:00+00:00,4049.9,4050.4,4048.6,4048.7,2.684,22.0
2026-08-03 10:45:00+00:00,4048.5,4049.3,4048.4,4048.4,0.143,7.0
2026-08-03 10:50:00+00:00,4047.4,4048.0,4046.2,4047.1,0.209,17.0
2026-08-03 10:55:00+00:00,4047.1,4048.0,4046.5,4046.7,0.572,11.0
2026-08-03 11:00:00+00:00,4048.0,4050.0,4047.4,4050.0,3.596,40.0
2026-08-03 11:05:00+00:00,4050.2,4050.6,4048.7,4048.8,0.069,13.0
2026-08-03 11:10:00+00:00,4048.9,4048.9,4047.4,4047.7,0.162,12.0
2026-08-03 11:15:00+00:00,4047.4,4047.4,4046.9,4046.9,0.521,7.0
2026-08-03 11:20:00+00:00,4047.1,4047.4,4046.3,4046.3,2.487,16.0
2026-08-03 11:25:00+00:00,4046.4,4047.9,4046.4,4047.3,0.654,12.0
2026-08-03 11:30:00+00:00,4047.2,4049.7,4047.2,4049.7,0.371,8.0
2026-08-03 11:35:00+00:00,4049.3,4050.6,4048.9,4050.1,0.688,12.0
2026-08-03 11:40:00+00:00,4050.1,4053.1,4050.1,4053.0,0.282,9.0
2026-08-03 11:45:00+00:00,4052.5,4056.3,4052.5,4056.3,0.991,21.0
2026-08-03 11:50:00+00:00,4057.9,4060.0,4057.8,4058.6,3.517,30.0
2026-08-03 11:55:00+00:00,4059.1,4059.5,4058.5,4059.5,0.103,7.0
2026-08-03 12:00:00+00:00,4061.2,4061.9,4057.7,4059.0,3.984,25.0
2026-08-03 12:05:00+00:00,4058.9,4058.9,4057.8,4057.9,5.488,22.0
2026-08-03 12:10:00+00:00,4058.2,4058.2,4053.0,4053.0,4.406,19.0
2026-08-03 12:15:00+00:00,4053.8,4053.8,4050.5,4050.5,2.35,33.0
2026-08-03 12:20:00+00:00,4050.4,4051.4,4050.0,4050.7,2.547,30.0
2026-08-03 12:25:00+00:00,4050.3,4051.0,4049.2,4050.0,0.043,5.0
2026-08-03 12:30:00+00:00,4049.2,4050.3,4047.5,4049.6,1.182,9.0
2026-08-03 12:35:00+00:00,4049.8,4049.8,4046.0,4046.0,0.047,7.0
2026-08-03 12:40:00+00:00,4046.1,4046.1,4041.4,4041.4,0.313,18.0
2026-08-03 12:45:00+00:00,4043.4,4044.4,4043.0,4043.0,0.341,11.0
2026-08-03 12:50:00+00:00,4042.6,4044.6,4042.6,4044.6,0.134,10.0
2026-08-03 12:55:00+00:00,4044.4,4046.2,4044.3,4046.1,0.061,8.0
2026-08-03 13:00:00+00:00,4046.6,4050.8,4040.5,4040.8,0.541,25.0
2026-08-03 13:05:00+00:00,4041.5,4043.8,4041.3,4042.0,5.004,48.0
2026-08-03 13:10:00+00:00,4042.3,4042.5,4038.9,4038.9,0.856,17.0
2026-08-03 13:15:00+00:00,4037.6,4037.6,4034.9,4034.9,0.767,17.0
2026-08-03 13:20:00+00:00,4034.9,4034.9,4032.9,4032.9,2.269,17.0
2026-08-03 13:25:00+00:00,4033.9,4033.9,4032.1,4032.3,3.722,46.0
2026-08-03 13:30:00+00:00,4033.2,4033.2,4030.0,4030.2,2.002,32.0
2026-08-03 13:35:00+00:00,4030.0,4030.1,4021.1,4025.4,1.524,41.0
2026-08-03 13:40:00+00:00,4025.6,4032.1,4025.6,4031.4,1.462,21.0
2026-08-03 13:45:00+00:00,4032.9,4034.1,4028.8,4029.3,4.097,32.0
2026-08-03 13:50:00+00:00,4029.7,4032.4,4029.5,4030.0,27.958,29.0
2026-08-03 13:55:00+00:00,4030.9,4034.0,4030.0,4032.9,8.255,35.0
2026-08-03 14:00:00+00:00,4031.4,4035.8,4029.5,4029.9,2.195,46.0
2026-08-03 14:05:00+00:00,4030.1,4031.9,4030.1,4030.8,1.161,11.0
2026-08-03 14:10:00+00:00,4028.0,4030.4,4028.0,4029.4,2.58,11.0
2026-08-03 14:15:00+00:00,4033.3,4033.7,4032.1,4032.1,0.042,6.0
2026-08-03 14:20:00+00:00,4031.8,4035.5,4031.4,4034.9,0.255,14.0
2026-08-03 14:25:00+00:00,4035.4,4035.9,4035.0,4035.7,2.623,11.0
2026-08-03 14:30:00+00:00,4033.0,4035.0,4032.6,4034.9,0.045,9.0
2026-08-03 14:35:00+00:00,4035.3,4036.9,4034.7,4034.7,0.179,9.0
2026-08-03 14:40:00+00:00,4033.3,4037.6,4033.3,4037.6,0.227,11.0
2026-08-03 14:45:00+00:00,4036.6,4037.1,4034.9,4035.3,0.337,15.0
2026-08-03 14:50:00+00:00,4035.6,4036.1,4034.9,4036.1,0.096,7.0
2026-08-03 14:55:00+00:00,4037.1,4038.5,4036.8,4037.9,0.074,12.0
2026-08-03 15:00:00+00:00,4036.9,4036.9,4033.7,4033.7,1.833,29.0
2026-08-03 15:05:00+00:00,4033.6,4036.4,4032.0,4036.4,0.041,11.0
2026-08-03 15:10:00+00:00,4035.5,4035.5,4033.5,4033.6,0.945,16.0
2026-08-03 15:15:00+00:00,4033.8,4037.3,4033.8,4037.3,0.682,19.0
2026-08-03 15:20:00+00:00,4037.2,4037.5,4036.4,4037.5,0.027,6.0
2026-08-03 15:25:00+00:00,4037.5,4037.5,4032.6,4032.7,0.108,8.0
2026-08-03 15:30:00+00:00,4033.1,4035.0,4032.0,4032.0,1.147,12.0
2026-08-03 15:35:00+00:00,4033.5,4036.6,4033.5,4036.6,0.342,13.0
2026-08-03 15:40:00+00:00,4036.7,4038.1,4036.7,4037.4,0.431,12.0
2026-08-03 15:45:00+00:00,4037.3,4040.0,4037.3,4038.6,0.697,8.0
2026-08-03 15:50:00+00:00,4037.7,4039.5,4037.7,4039.0,0.288,24.0
2026-08-03 15:55:00+00:00,4037.5,4037.5,4036.2,4036.6,0.05,5.0
2026-08-03 16:00:00+00:00,4036.5,4037.2,4035.9,4036.3,0.404,17.0
2026-08-03 16:05:00+00:00,4036.3,4036.3,4035.6,4035.6,0.47,10.0
2026-08-03 16:10:00+00:00,4035.4,4035.9,4035.4,4035.9,0.081,8.0
2026-08-03 16:15:00+00:00,4036.3,4037.5,4036.0,4036.3,0.444,12.0
2026-08-03 16:20:00+00:00,4036.3,4037.4,4036.0,4037.4,0.062,12.0
2026-08-03 16:25:00+00:00,4037.8,4038.4,4037.4,4037.8,0.402,12.0
2026-08-03 16:30:00+00:00,4037.4,4037.6,4036.4,4037.5,0.272,11.0
2026-08-03 16:35:00+00:00,4037.3,4038.4,4037.2,4037.2,2.684,23.0
2026-08-03 16:40:00+00:00,4038.7,4039.1,4038.4,4039.0,0.033,9.0
2026-08-03 16:45:00+00:00,4039.1,4039.1,4038.3,4038.3,0.041,6.0
2026-08-03 16:50:00+00:00,4037.6,4038.2,4036.7,4036.7,0.15,7.0
2026-08-03 16:55:00+00:00,4036.6,4037.8,4036.6,4037.8,0.43,15.0
2026-08-03 17:00:00+00:00,4036.9,4036.9,4034.6,4034.6,11.532,31.0
2026-08-03 17:05:00+00:00,4034.9,4034.9,4034.7,4034.7,0.022,4.0
2026-08-03 17:10:00+00:00,4034.7,4034.8,4034.7,4034.7,0.032,6.0
2026-08-03 17:15:00+00:00,4035.0,4036.8,4034.6,4036.4,0.186,9.0
2026-08-03 17:20:00+00:00,4035.1,4035.7,4035.1,4035.1,0.018,3.0
2026-08-03 17:25:00+00:00,4035.6,4036.2,4035.3,4035.3,0.102,11.0
2026-08-03 17:30:00+00:00,4034.9,4035.5,4034.9,4035.5,0.502,12.0
2026-08-03 17:35:00+00:00,4035.5,4036.3,4035.4,4036.3,0.257,9.0
2026-08-03 17:40:00+00:00,4036.2,4036.7,4036.1,4036.1,0.046,7.0
2026-08-03 17:45:00+00:00,4036.1,4036.1,4035.1,4035.1,0.082,10.0
2026-08-03 17:50:00+00:00,4035.1,4035.1,4031.7,4031.7,1.336,26.0
2026-08-03 17:55:00+00:00,4031.7,4031.7,4031.5,4031.5,0.198,10.0
2026-08-03 18:00:00+00:00,4031.2,4032.1,4031.1,4032.1,0.205,9.0
2026-08-03 18:05:00+00:00,4032.2,4036.2,4032.2,4036.2,0.243,16.0
2026-08-03 18:10:00+00:00,4036.7,4038.0,4036.7,4036.9,0.839,15.0
2026-08-03 18:15:00+00:00,4035.9,4039.1,4035.9,4039.1,0.182,8.0
2026-08-03 18:20:00+00:00,4038.3,4038.8,4037.8,4038.7,0.046,10.0
2026-08-03 18:25:00+00:00,4037.7,4038.6,4037.5,4038.1,5.809,18.0
2026-08-03 18:30:00+00:00,4038.4,4039.0,4037.8,4037.8,0.847,14.0
2026-08-03 18:35:00+00:00,4038.9,4038.9,4038.4,4038.7,0.024,6.0
2026-08-03 18:40:00+00:00,4038.2,4040.3,4038.2,4040.3,14.068,75.0
2026-08-03 18:45:00+00:00,4040.3,4042.2,4040.3,4041.3,26.855,116.0
2026-08-03 18:50:00+00:00,4042.6,4043.3,4042.6,4043.3,0.162,6.0
2026-08-03 18:55:00+00:00,4043.9,4044.2,4043.8,4043.8,0.037,8.0
2026-08-03 19:00:00+00:00,4044.4,4046.7,4044.4,4046.7,0.302,15.0
2026-08-03 19:05:00+00:00,4047.0,4048.1,4046.4,4046.5,0.446,14.0
2026-08-03 19:10:00+00:00,4046.0,4047.2,4045.0,4045.0,4.619,20.0
2026-08-03 19:15:00+00:00,4045.8,4048.0,4045.8,4048.0,4.682,6.0
2026-08-03 19:20:00+00:00,4047.7,4050.6,4047.7,4050.6,0.716,18.0
2026-08-03 19:25:00+00:00,4051.4,4053.2,4051.4,4051.9,0.396,11.0
2026-08-03 19:30:00+00:00,4053.9,4053.9,4050.8,4050.8,0.151,9.0
2026-08-03 19:35:00+00:00,4052.5,4052.8,4052.5,4052.8,0.688,12.0
2026-08-03 19:40:00+00:00,4053.1,4053.2,4052.7,4053.0,0.834,14.0
2026-08-03 19:45:00+00:00,4052.1,4054.3,4052.1,4053.5,0.09,7.0
2026-08-03 19:50:00+00:00,4053.9,4054.1,4053.5,4053.5,0.042,7.0
2026-08-03 19:55:00+00:00,4051.3,4051.3,4050.8,4050.8,0.657,14.0
2026-08-03 20:00:00+00:00,4049.7,4050.8,4049.6,4050.7,2.869,35.0
2026-08-03 20:05:00+00:00,4050.8,4051.1,4050.2,4051.1,0.573,16.0
2026-08-03 20:10:00+00:00,4051.3,4051.3,4050.8,4051.3,0.116,8.0
2026-08-03 20:15:00+00:00,4051.3,4052.3,4051.3,4051.6,12.864,27.0
2026-08-03 20:20:00+00:00,4051.1,4052.7,4051.1,4052.7,0.097,7.0
2026-08-03 20:25:00+00:00,4052.8,4054.2,4052.8,4053.2,0.2,13.0
2026-08-03 20:30:00+00:00,4054.2,4056.3,4054.2,4056.1,0.193,13.0
2026-08-03 20:35:00+00:00,4056.2,4056.3,4056.1,4056.3,0.441,17.0
2026-08-03 20:40:00+00:00,4056.3,4056.3,4056.2,4056.3,0.189,8.0
2026-08-03 20:45:00+00:00,4055.5,4055.5,4054.6,4055.0,0.085,9.0
2026-08-03 20:50:00+00:00,4055.0,4055.0,4053.4,4053.6,0.026,6.0
2026-08-03 20:55:00+00:00,4053.6,4054.2,4053.5,4053.9,0.18,8.0
2026-08-03 21:00:00+00:00,4053.8,4053.8,4053.6,4053.8,0.697,9.0
2026-08-03 21:05:00+00:00,4053.7,4053.8,4052.7,4052.7,2.859,36.0
2026-08-03 21:10:00+00:00,4052.7,4052.7,4052.3,4052.3,0.308,8.0
2026-08-03 21:15:00+00:00,4052.4,4052.4,4052.1,4052.1,0.13,6.0
2026-08-03 21:20:00+00:00,4051.9,4052.0,4051.9,4052.0,0.618,13.0
2026-08-03 21:25:00+00:00,4052.5,4052.6,4052.1,4052.2,0.036,8.0
2026-08-03 21:30:00+00:00,4052.1,4052.2,4052.1,4052.2,0.099,11.0
2026-08-03 21:35:00+00:00,4052.2,4052.9,4052.2,4052.5,1.033,21.0
2026-08-03 21:40:00+00:00,4052.6,4052.6,4052.4,4052.4,0.034,7.0
2026-08-03 21:45:00+00:00,4052.3,4052.4,4051.9,4051.9,0.034,5.0
2026-08-03 21:50:00+00:00,4052.2,4052.5,4052.2,4052.5,0.464,14.0
2026-08-03 21:55:00+00:00,4052.4,4052.4,4052.4,4052.4,0.13,8.0
2026-08-03 22:00:00+00:00,4052.3,4052.4,4050.6,4050.6,2.212,26.0
2026-08-03 22:05:00+00:00,4050.3,4050.3,4048.3,4049.4,2.51,16.0
2026-08-03 22:10:00+00:00,4049.2,4050.5,4049.2,4050.5,0.807,19.0
2026-08-03 22:15:00+00:00,4050.5,4051.4,4050.5,4051.3,1.02,22.0
2026-08-03 22:20:00+00:00,4051.4,4051.4,4051.3,4051.4,0.801,13.0
2026-08-03 22:25:00+00:00,4051.4,4051.4,4051.3,4051.4,2.178,19.0
2026-08-03 22:30:00+00:00,4051.4,4051.4,4051.3,4051.4,0.972,14.0
2026-08-03 22:35:00+00:00,4051.4,4052.0,4051.3,4052.0,1.236,15.0
2026-08-03 22:40:00+00:00,4052.0,4052.1,4052.0,4052.0,0.473,7.0
2026-08-03 22:45:00+00:00,4052.0,4052.1,4052.0,4052.1,0.168,14.0
2026-08-03 22:50:00+00:00,4052.1,4052.1,4051.1,4051.1,1.701,25.0
2026-08-03 22:55:00+00:00,4051.1,4052.3,4051.1,4051.8,0.064,13.0
2026-08-03 23:00:00+00:00,4051.6,4051.7,4050.9,4051.0,0.148,13.0
2026-08-03 23:05:00+00:00,4051.0,4052.6,4051.0,4051.8,12.676,21.0
2026-08-03 23:10:00+00:00,4050.9,4050.9,4049.9,4049.9,0.05,11.0
2026-08-03 23:15:00+00:00,4049.9,4050.5,4049.7,4050.5,0.025,6.0
2026-08-03 23:20:00+00:00,4050.0,4051.9,4049.6,4050.0,1.57,11.0
2026-08-03 23:25:00+00:00,4050.4,4050.4,4049.6,4049.6,0.307,11.0
2026-08-03 23:30:00+00:00,4049.9,4050.0,4049.9,4049.9,0.053,8.0
2026-08-03 23:35:00+00:00,4049.9,4049.9,4049.6,4049.7,0.026,6.0
2026-08-03 23:40:00+00:00,4050.1,4050.6,4049.7,4050.6,0.076,7.0
2026-08-03 23:45:00+00:00,4050.6,4051.6,4049.6,4050.6,9.473,22.0
2026-08-03 23:50:00+00:00,4050.7,4050.8,4050.7,4050.7,0.078,7.0
2026-08-03 23:55:00+00:00,4050.7,4051.3,4050.7,4051.3,0.118,10.0
2026-08-04 00:00:00+00:00,4052.8,4061.4,4052.8,4059.9,1.692,35.0
2026-08-04 00:05:00+00:00,4059.7,4065.1,4059.2,4065.1,0.385,27.0
2026-08-04 00:10:00+00:00,4065.1,4067.1,4061.4,4061.4,13.346,27.0
2026-08-04 00:15:00+00:00,4061.3,4061.3,4059.6,4060.6,5.507,29.0
2026-08-04 00:20:00+00:00,4059.5,4059.5,4056.9,4056.9,0.092,11.0
2026-08-04 00:25:00+00:00,4058.0,4058.1,4057.3,4057.3,0.043,7.0
2026-08-04 00:30:00+00:00,4057.2,4057.3,4055.9,4057.3,1.188,25.0
2026-08-04 00:35:00+00:00,4057.3,4057.3,4055.0,4055.1,1.049,19.0
2026-08-04 00:40:00+00:00,4055.0,4055.0,4053.2,4053.2,0.068,9.0
2026-08-04 00:45:00+00:00,4053.4,4054.2,4052.9,4054.2,0.114,13.0
2026-08-04 00:50:00+00:00,4053.9,4054.6,4050.6,4050.6,0.424,13.0
2026-08-04 00:55:00+00:00,4051.5,4051.5,4046.7,4046.7,0.898,16.0
2026-08-04 01:00:00+00:00,4045.6,4048.4,4043.5,4048.4,3.046,46.0
2026-08-04 01:05:00+00:00,4046.1,4046.1,4043.2,4044.1,1.94,31.0
2026-08-04 01:10:00+00:00,4043.7,4047.2,4043.7,4046.7,0.525,7.0
2026-08-04 01:15:00+00:00,4048.2,4048.7,4047.2,4048.7,0.051,9.0
2026-08-04 01:20:00+00:00,4049.0,4049.0,4044.3,4045.2,3.26,27.0
2026-08-04 01:25:00+00:00,4045.3,4046.7,4045.3,4046.5,0.246,7.0
2026-08-04 01:30:00+00:00,4046.6,4047.9,4046.4,4046.5,0.094,8.0
2026-08-04 01:35:00+00:00,4050.6,4051.7,4050.6,4051.2,0.036,4.0
2026-08-04 01:40:00+00:00,4050.5,4056.3,4050.5,4056.2,3.855,30.0
2026-08-04 01:45:00+00:00,4056.3,4057.9,4055.5,4055.5,1.472,24.0
2026-08-04 01:50:00+00:00,4054.9,4059.1,4054.9,4057.4,0.062,8.0
2026-08-04 01:55:00+00:00,4057.6,4057.6,4057.2,4057.5,0.041,6.0
2026-08-04 02:00:00+00:00,4057.4,4058.1,4054.7,4054.7,2.013,24.0
2026-08-04 02:05:00+00:00,4054.6,4054.7,4054.1,4054.1,1.243,9.0
2026-08-04 02:10:00+00:00,4054.1,4055.8,4053.4,4055.0,1.096,19.0
2026-08-04 02:15:00+00:00,4055.0,4056.2,4055.0,4056.2,0.045,8.0
2026-08-04 02:20:00+00:00,4056.2,4056.4,4054.6,4054.6,0.097,10.0
2026-08-04 02:25:00+00:00,4054.8,4054.8,4054.3,4054.7,0.012,3.0
2026-08-04 02:30:00+00:00,4054.3,4054.9,4053.0,4054.6,0.517,11.0
2026-08-04 02:35:00+00:00,4055.6,4061.0,4055.4,4060.1,1.512,36.0
2026-08-04 02:40:00+00:00,4060.3,4060.3,4057.5,4059.4,0.511,7.0
2026-08-04 02:45:00+00:00,4058.6,4059.3,4058.5,4058.6,0.148,7.0
2026-08-04 02:50:00+00:00,4058.6,4058.6,4057.0,4057.0,0.068,12.0
2026-08-04 02:55:00+00:00,4057.7,4057.7,4056.4,4056.4,0.135,9.0
2026-08-04 03:00:00+00:00,4056.0,4057.2,4055.9,4055.9,0.322,19.0
2026-08-04 03:05:00+00:00,4055.8,4055.8,4054.5,4054.6,0.254,14.0
2026-08-04 03:10:00+00:00,4055.6,4056.8,4055.6,4055.6,3.712,22.0
2026-08-04 03:15:00+00:00,4055.7,4057.3,4055.7,4056.1,3.808,23.0
2026-08-04 03:20:00+00:00,4056.6,4057.5,4056.4,4056.9,0.096,13.0
2026-08-04 03:25:00+00:00,4056.0,4056.0,4054.7,4054.9,0.037,8.0
2026-08-04 03:30:00+00:00,4054.4,4054.6,4053.3,4054.6,0.695,11.0
2026-08-04 03:35:00+00:00,4054.9,4054.9,4053.3,4053.3,0.173,12.0
2026-08-04 03:40:00+00:00,4053.2,4053.2,4050.2,4050.2,0.118,10.0
2026-08-04 03:45:00+00:00,4050.1,4050.9,4050.1,4050.9,0.206,8.0
2026-08-04 03:50:00+00:00,4051.5,4051.8,4051.4,4051.8,0.048,9.0
2026-08-04 03:55:00+00:00,4051.9,4051.9,4050.1,4050.2,0.185,9.0
2026-08-04 04:00:00+00:00,4050.1,4050.3,4049.5,4050.1,0.847,24.0
2026-08-04 04:05:00+00:00,4050.0,4050.9,4049.6,4050.8,0.328,15.0
2026-08-04 04:10:00+00:00,4051.1,4052.3,4051.0,4052.3,0.257,10.0
2026-08-04 04:15:00+00:00,4054.3,4055.3,4054.3,4055.1,0.048,6.0
2026-08-04 04:20:00+00:00,4053.6,4054.2,4053.5,4054.1,0.04,6.0
2026-08-04 04:25:00+00:00,4054.5,4057.0,4054.5,4056.7,0.059,8.0
2026-08-04 04:30:00+00:00,4057.4,4059.7,4057.4,4059.7,0.137,8.0
2026-08-04 04:35:00+00:00,4058.8,4058.8,4058.3,4058.4,0.023,4.0
2026-08-04 04:40:00+00:00,4058.8,4059.7,4058.8,4059.3,0.162,10.0
2026-08-04 04:45:00+00:00,4059.4,4061.2,4059.3,4061.0,0.543,13.0
2026-08-04 04:50:00+00:00,4061.7,4061.7,4059.5,4059.5,0.057,5.0
2026-08-04 04:55:00+00:00,4060.6,4061.2,4060.5,4061.1,0.317,6.0
2026-08-04 05:00:00+00:00,4060.8,4060.8,4059.1,4059.1,12.817,39.0
2026-08-04 05:05:00+00:00,4058.9,4058.9,4058.0,4058.0,0.025,8.0
2026-08-04 05:10:00+00:00,4058.0,4058.0,4054.4,4054.4,0.462,19.0
2026-08-04 05:15:00+00:00,4054.9,4057.0,4054.7,4057.0,0.053,6.0
2026-08-04 05:20:00+00:00,4058.2,4058.9,4057.8,4058.1,0.027,6.0
2026-08-04 05:25:00+00:00,4059.7,4059.7,4059.6,4059.6,0.019,4.0
2026-08-04 05:30:00+00:00,4061.0,4063.2,4059.4,4059.4,0.408,21.0
2026-08-04 05:35:00+00:00,4059.5,4059.5,4057.3,4057.5,0.082,10.0
2026-08-04 05:40:00+00:00,4057.6,4058.8,4057.0,4058.8,0.094,10.0
2026-08-04 05:45:00+00:00,4058.7,4060.3,4057.9,4057.9,0.099,12.0
2026-08-04 05:50:00+00:00,4057.2,4058.3,4056.4,4056.4,0.318,11.0
2026-08-04 05:55:00+00:00,4056.3,4057.9,4056.1,4057.9,0.04,7.0
2026-08-04 06:00:00+00:00,4059.8,4061.1,4059.1,4061.0,1.335,20.0
2026-08-04 06:05:00+00:00,4061.2,4061.7,4060.0,4060.0,0.477,9.0
2026-08-04 06:10:00+00:00,4060.2,4060.3,4059.4,4060.2,0.483,8.0
2026-08-04 06:15:00+00:00,4060.4,4060.4,4059.1,4059.1,0.253,8.0
2026-08-04 06:20:00+00:00,4059.6,4061.1,4059.4,4059.4,12.675,21.0
2026-08-04 06:25:00+00:00,4059.6,4059.6,4056.9,4056.9,0.685,19.0
2026-08-04 06:30:00+00:00,4056.9,4056.9,4053.8,4053.8,2.307,17.0
2026-08-04 06:35:00+00:00,4053.7,4053.9,4052.8,4052.9,3.976,29.0
2026-08-04 06:40:00+00:00,4054.6,4056.1,4054.6,4056.1,0.127,9.0
2026-08-04 06:45:00+00:00,4056.7,4058.5,4056.7,4057.9,0.192,10.0
2026-08-04 06:50:00+00:00,4058.5,4058.9,4056.8,4056.8,0.214,13.0
2026-08-04 06:55:00+00:00,4056.9,4057.8,4055.9,4057.8,0.244,7.0
2026-08-04 07:00:00+00:00,4059.7,4061.0,4059.7,4060.4,0.32,11.0
2026-08-04 07:05:00+00:00,4060.8,4061.2,4060.8,4061.2,0.073,9.0
2026-08-04 07:10:00+00:00,4060.8,4061.2,4058.2,4058.2,0.058,14.0
2026-08-04 07:15:00+00:00,4058.1,4060.1,4057.1,4059.6,4.058,25.0
2026-08-04 07:20:00+00:00,4059.8,4061.1,4059.4,4061.1,0.092,7.0
2026-08-04 07:25:00+00:00,4061.1,4061.4,4059.4,4059.4,0.512,13.0
2026-08-04 07:30:00+00:00,4059.3,4062.0,4059.3,4060.9,0.067,10.0
2026-08-04 07:35:00+00:00,4060.8,4060.9,4058.0,4059.1,0.112,15.0
2026-08-04 07:40:00+00:00,4059.5,4059.5,4058.6,4058.6,0.028,5.0
2026-08-04 07:45:00+00:00,4058.8,4060.2,4058.6,4060.2,0.061,6.0
2026-08-04 07:50:00+00:00,4059.3,4060.8,4059.3,4060.3,0.264,9.0
2026-08-04 07:55:00+00:00,4060.4,4061.0,4060.3,4061.0,0.071,7.0
2026-08-04 08:00:00+00:00,4061.4,4067.1,4061.1,4066.1,0.714,35.0
2026-08-04 08:05:00+00:00,4064.6,4065.4,4064.2,4064.7,1.284,19.0
2026-08-04 08:10:00+00:00,4064.4,4065.2,4063.4,4063.6,1.228,30.0
2026-08-04 08:15:00+00:00,4063.5,4063.6,4062.9,4063.4,0.127,11.0
2026-08-04 08:20:00+00:00,4062.6,4062.7,4058.5,4058.5,0.746,27.0
2026-08-04 08:25:00+00:00,4057.9,4058.4,4057.0,4058.2,2.43,22.0
2026-08-04 08:30:00+00:00,4059.0,4059.5,4058.2,4059.0,0.456,23.0
2026-08-04 08:35:00+00:00,4059.0,4060.2,4056.4,4056.4,1.28,108.0
2026-08-04 08:40:00+00:00,4056.4,4056.4,4056.3,4056.4,0.551,36.0
2026-08-04 08:45:00+00:00,4056.3,4056.3,4053.6,4053.7,2.112,118.0
2026-08-04 08:50:00+00:00,4053.7,4053.8,4053.4,4053.4,0.651,61.0
2026-08-04 08:55:00+00:00,4053.5,4053.5,4052.4,4052.4,0.274,10.0
2026-08-04 09:00:00+00:00,4052.3,4052.4,4051.0,4051.1,0.939,32.0
2026-08-04 09:05:00+00:00,4051.1,4051.1,4048.1,4048.1,3.808,40.0
2026-08-04 09:10:00+00:00,4048.1,4048.1,4046.2,4047.4,0.178,23.0
2026-08-04 09:15:00+00:00,4047.4,4048.3,4047.0,4047.8,0.17,19.0
2026-08-04 09:20:00+00:00,4048.0,4048.0,4046.2,4047.3,0.94,9.0
2026-08-04 09:25:00+00:00,4047.1,4047.4,4047.0,4047.3,0.441,21.0
2026-08-04 09:30:00+00:00,4047.3,4047.6,4046.7,4046.7,0.417,7.0
2026-08-04 09:35:00+00:00,4046.7,4046.8,4045.0,4045.0,0.45,15.0
2026-08-04 09:40:00+00:00,4045.9,4047.2,4045.5,4047.1,0.074,7.0
2026-08-04 09:45:00+00:00,4046.6,4047.9,4045.8,4047.6,0.074,6.0
2026-08-04 09:50:00+00:00,4047.0,4047.0,4045.7,4045.9,0.522,12.0
2026-08-04 09:55:00+00:00,4045.8,4047.1,4045.6,4047.1,0.059,8.0
2026-08-04 10:00:00+00:00,4046.9,4046.9,4046.3,4046.3,0.531,46.0
2026-08-04 10:05:00+00:00,4046.4,4046.6,4045.7,4045.7,0.284,43.0
2026-08-04 10:10:00+00:00,4045.5,4046.3,4045.0,4046.3,0.374,24.0
2026-08-04 10:15:00+00:00,4046.6,4046.6,4044.9,4045.7,0.29,12.0
2026-08-04 10:20:00+00:00,4045.7,4046.2,4045.7,4046.1,0.23,8.0
2026-08-04 10:25:00+00:00,4046.0,4046.7,4046.0,4046.5,0.413,10.0
2026-08-04 10:30:00+00:00,4046.8,4048.2,4046.8,4048.2,0.487,17.0
2026-08-04 10:35:00+00:00,4048.1,4048.1,4046.8,4046.8,0.135,10.0
2026-08-04 10:40:00+00:00,4046.8,4049.3,4044.9,4048.6,0.35,15.0
2026-08-04 10:45:00+00:00,4050.6,4056.7,4050.6,4056.7,1.527,41.0
2026-08-04 10:50:00+00:00,4055.5,4055.5,4051.7,4051.7,0.107,10.0
2026-08-04 10:55:00+00:00,4052.3,4052.5,4051.4,4052.1,0.196,6.0
2026-08-04 11:00:00+00:00,4051.4,4052.6,4050.8,4052.5,0.238,17.0
2026-08-04 11:05:00+00:00,4051.5,4051.5,4050.9,4051.0,0.736,15.0
2026-08-04 11:10:00+00:00,4052.2,4054.6,4052.2,4054.6,0.36,14.0
2026-08-04 11:15:00+00:00,4053.2,4053.9,4052.9,4052.9,0.256,10.0
2026-08-04 11:20:00+00:00,4052.9,4055.1,4052.3,4055.1,2.396,56.0
2026-08-04 11:25:00+00:00,4056.7,4056.8,4056.7,4056.8,0.028,4.0
2026-08-04 11:30:00+00:00,4056.8,4060.6,4056.8,4059.6,0.646,26.0
2026-08-04 11:35:00+00:00,4059.1,4059.6,4059.0,4059.1,0.084,7.0
2026-08-04 11:40:00+00:00,4059.1,4063.0,4058.0,4063.0,0.13,8.0
2026-08-04 11:45:00+00:00,4065.1,4074.8,4064.9,4070.9,6.51,41.0
2026-08-04 11:50:00+00:00,4071.9,4078.9,4071.9,4073.3,4.919,30.0
2026-08-04 11:55:00+00:00,4072.8,4072.8,4067.6,4070.5,0.916,16.0
2026-08-04 12:00:00+00:00,4069.6,4069.7,4063.5,4065.4,7.254,44.0
2026-08-04 12:05:00+00:00,4065.5,4065.9,4060.6,4060.9,8.992,68.0
2026-08-04 12:10:00+00:00,4060.8,4060.8,4059.7,4059.7,1.0,19.0
2026-08-04 12:15:00+00:00,4059.6,4062.3,4059.5,4062.3,0.577,13.0
2026-08-04 12:20:00+00:00,4063.8,4065.1,4063.4,4065.1,0.513,14.0
2026-08-04 12:25:00+00:00,4063.5,4065.0,4063.5,4064.4,0.468,13.0
2026-08-04 12:30:00+00:00,4065.4,4071.6,4065.4,4071.6,0.643,20.0
2026-08-04 12:35:00+00:00,4071.7,4078.5,4071.7,4075.9,7.794,34.0
2026-08-04 12:40:00+00:00,4077.7,4077.7,4075.2,4075.2,0.097,6.0
2026-08-04 12:45:00+00:00,4073.8,4073.8,4071.5,4071.5,0.546,15.0
2026-08-04 12:50:00+00:00,4071.6,4072.1,4070.1,4070.1,0.956,17.0
2026-08-04 12:55:00+00:00,4070.3,4071.1,4067.2,4067.2,0.195,7.0
2026-08-04 13:00:00+00:00,4066.8,4066.8,4060.6,4060.6,0.347,23.0
2026-08-04 13:05:00+00:00,4060.6,4061.6,4059.5,4060.7,3.749,13.0
2026-08-04 13:10:00+00:00,4061.1,4062.6,4060.1,4060.1,0.555,12.0
2026-08-04 13:15:00+00:00,4062.0,4062.0,4060.0,4060.2,0.301,21.0
2026-08-04 13:20:00+00:00,4064.4,4084.7,4064.4,4077.1,8.012,97.0
2026-08-04 13:25:00+00:00,4075.0,4076.1,4074.2,4074.2,0.447,10.0
2026-08-04 13:30:00+00:00,4078.1,4078.1,4073.4,4073.4,0.751,12.0
2026-08-04 13:35:00+00:00,4078.5,4083.7,4078.5,4081.2,0.573,16.0
2026-08-04 13:40:00+00:00,4083.5,4084.7,4079.1,4079.1,0.328,13.0
2026-08-04 13:45:00+00:00,4079.0,4087.3,4077.7,4087.0,2.011,33.0
2026-08-04 13:50:00+00:00,4087.3,4087.8,4082.1,4082.7,2.065,23.0
2026-08-04 13:55:00+00:00,4081.2,4081.6,4079.1,4079.3,1.068,21.0
2026-08-04 14:00:00+00:00,4081.3,4084.7,4080.1,4082.8,0.464,19.0
2026-08-04 14:05:00+00:00,4082.8,4085.1,4081.7,4084.4,5.248,21.0
2026-08-04 14:10:00+00:00,4084.4,4085.4,4083.9,4084.1,6.7,38.0
2026-08-04 14:15:00+00:00,4085.7,4086.0,4078.3,4079.1,4.256,39.0
2026-08-04 14:20:00+00:00,4077.4,4078.2,4076.0,4076.0,7.675,28.0
2026-08-04 14:25:00+00:00,4076.7,4080.8,4076.2,4078.8,1.608,34.0
2026-08-04 14:30:00+00:00,4078.8,4080.2,4073.7,4073.7,6.355,107.0
2026-08-04 14:35:00+00:00,4074.3,4081.0,4071.8,4073.5,3.12,38.0
2026-08-04 14:40:00+00:00,4074.5,4075.5,4072.6,4075.3,0.663,19.0
2026-08-04 14:45:00+00:00,4074.6,4076.3,4074.2,4075.8,0.083,11.0
2026-08-04 14:50:00+00:00,4077.5,4080.2,4077.5,4080.1,8.15,176.0
2026-08-04 14:55:00+00:00,4080.1,4080.7,4078.6,4080.0,25.221,388.0
2026-08-04 15:00:00+00:00,4080.0,4080.0,4078.0,4078.0,2.26,41.0
2026-08-04 15:05:00+00:00,4077.9,4077.9,4076.5,4076.5,2.331,23.0
2026-08-04 15:10:00+00:00,4079.0,4080.2,4078.5,4079.7,0.358,17.0
2026-08-04 15:15:00+00:00,4079.3,4079.3,4073.3,4073.3,0.331,15.0
2026-08-04 15:20:00+00:00,4072.9,4072.9,4071.8,4071.8,0.131,7.0
2026-08-04 15:25:00+00:00,4072.0,4072.8,4071.8,4072.7,0.118,10.0
2026-08-04 15:30:00+00:00,4073.8,4075.6,4073.6,4073.9,1.011,21.0
2026-08-04 15:35:00+00:00,4073.6,4081.2,4072.6,4079.1,0.544,22.0
2026-08-04 15:40:00+00:00,4080.6,4082.2,4079.5,4079.5,1.382,24.0
2026-08-04 15:45:00+00:00,4080.3,4080.3,4078.9,4079.3,1.676,23.0
2026-08-04 15:50:00+00:00,4078.8,4082.3,4078.6,4082.0,0.482,17.0
2026-08-04 15:55:00+00:00,4082.1,4082.5,4081.4,4081.5,0.403,15.0
2026-08-04 16:00:00+00:00,4082.1,4082.6,4080.6,4081.7,9.527,43.0
2026-08-04 16:05:00+00:00,4081.7,4081.7,4079.3,4081.4,16.672,76.0
2026-08-04 16:10:00+00:00,4081.6,4082.1,4079.8,4080.5,4.887,42.0
2026-08-04 16:15:00+00:00,4080.4,4080.6,4078.5,4079.0,7.553,43.0
2026-08-04 16:20:00+00:00,4079.4,4082.4,4079.4,4082.0,0.397,9.0
2026-08-04 16:25:00+00:00,4081.9,4083.8,4081.2,4083.5,0.373,13.0
2026-08-04 16:30:00+00:00,4082.3,4082.9,4081.8,4082.6,0.018,6.0
2026-08-04 16:35:00+00:00,4082.0,4082.0,4079.6,4079.6,1.239,11.0
2026-08-04 16:40:00+00:00,4079.8,4083.5,4079.8,4083.5,0.081,8.0
2026-08-04 16:45:00+00:00,4083.7,4086.2,4083.7,4086.2,0.181,11.0
2026-08-04 16:50:00+00:00,4086.7,4087.1,4086.2,4086.3,0.045,6.0
2026-08-04 16:55:00+00:00,4085.8,4087.5,4085.8,4087.5,0.039,8.0
2026-08-04 17:00:00+00:00,4087.9,4094.8,4087.9,4094.4,13.615,74.0
2026-08-04 17:05:00+00:00,4095.4,4097.8,4092.8,4093.4,3.568,51.0
2026-08-04 17:10:00+00:00,4092.3,4094.5,4092.2,4092.3,7.145,26.0
2026-08-04 17:15:00+00:00,4091.2,4093.5,4091.2,4091.7,2.514,18.0
2026-08-04 17:20:00+00:00,4091.0,4093.7,4090.5,4093.7,0.487,14.0
2026-08-04 17:25:00+00:00,4092.4,4092.9,4088.8,4088.9,2.599,30.0
2026-08-04 17:30:00+00:00,4088.8,4088.8,4085.1,4086.6,2.497,27.0
2026-08-04 17:35:00+00:00,4087.0,4088.2,4087.0,4088.2,0.023,6.0
2026-08-04 17:40:00+00:00,4088.3,4088.9,4088.0,4088.9,0.31,12.0
2026-08-04 17:45:00+00:00,4089.0,4089.6,4087.9,4088.1,1.635,32.0
2026-08-04 17:50:00+00:00,4088.0,4088.0,4084.8,4084.8,0.206,11.0
2026-08-04 17:55:00+00:00,4084.1,4084.1,4080.6,4080.6,1.898,25.0
2026-08-04 18:00:00+00:00,4080.5,4082.0,4080.2,4080.2,1.066,35.0
2026-08-04 18:05:00+00:00,4082.0,4082.3,4082.0,4082.0,0.049,12.0
2026-08-04 18:10:00+00:00,4082.0,4082.0,4080.3,4081.5,3.699,18.0
2026-08-04 18:15:00+00:00,4082.0,4082.0,4081.1,4081.1,0.328,16.0
2026-08-04 18:20:00+00:00,4081.1,4082.5,4081.0,4082.5,0.614,21.0
2026-08-04 18:25:00+00:00,4082.5,4082.5,4080.0,4080.1,0.246,16.0
2026-08-04 18:30:00+00:00,4080.1,4080.1,4078.2,4078.2,1.356,42.0
2026-08-04 18:35:00+00:00,4078.1,4078.1,4074.6,4074.6,15.305,31.0
2026-08-04 18:40:00+00:00,4074.7,4074.7,4072.4,4072.5,0.952,22.0
2026-08-04 18:45:00+00:00,4072.5,4074.9,4071.8,4074.9,0.457,22.0
2026-08-04 18:50:00+00:00,4074.9,4075.3,4074.2,4074.9,0.139,11.0
2026-08-04 18:55:00+00:00,4074.7,4075.4,4074.7,4074.7,0.244,9.0
2026-08-04 19:00:00+00:00,4074.2,4076.5,4074.2,4075.6,0.438,13.0
2026-08-04 19:05:00+00:00,4075.6,4077.6,4075.5,4077.6,1.622,28.0
2026-08-04 19:10:00+00:00,4077.8,4078.3,4077.8,4078.1,0.264,12.0
2026-08-04 19:15:00+00:00,4077.2,4078.4,4077.1,4078.4,0.186,11.0
2026-08-04 19:20:00+00:00,4078.6,4078.6,4076.0,4076.0,0.062,10.0
2026-08-04 19:25:00+00:00,4075.4,4075.4,4074.9,4074.9,0.115,12.0
2026-08-04 19:30:00+00:00,4075.0,4075.0,4074.9,4075.0,0.027,8.0
2026-08-04 19:35:00+00:00,4075.0,4075.3,4074.9,4075.3,0.045,9.0
2026-08-04 19:40:00+00:00,4075.3,4076.5,4075.3,4076.2,0.112,10.0
2026-08-04 19:45:00+00:00,4075.4,4075.9,4074.6,4074.6,0.109,9.0
2026-08-04 19:50:00+00:00,4074.6,4074.6,4072.0,4072.0,1.093,18.0
2026-08-04 19:55:00+00:00,4071.9,4073.6,4071.8,4073.6,0.104,11.0
2026-08-04 20:00:00+00:00,4073.2,4073.6,4073.2,4073.6,0.133,9.0
2026-08-04 20:05:00+00:00,4073.6,4073.8,4073.6,4073.8,0.015,5.0
2026-08-04 20:10:00+00:00,4073.9,4074.1,4073.7,4073.9,0.402,16.0
2026-08-04 20:15:00+00:00,4073.2,4073.2,4071.5,4071.5,0.26,15.0
2026-08-04 20:20:00+00:00,4071.5,4071.5,4070.8,4070.9,0.765,16.0
2026-08-04 20:25:00+00:00,4070.9,4070.9,4070.8,4070.9,0.062,8.0
2026-08-04 20:30:00+00:00,4071.0,4071.4,4071.0,4071.4,0.028,7.0
2026-08-04 20:35:00+00:00,4071.4,4071.7,4071.4,4071.7,0.059,9.0
2026-08-04 20:40:00+00:00,4071.7,4072.8,4071.6,4072.8,0.018,6.0
2026-08-04 20:45:00+00:00,4072.7,4072.7,4070.8,4071.7,20.562,29.0
2026-08-04 20:50:00+00:00,4072.4,4073.1,4072.4,4073.1,0.063,7.0
2026-08-04 20:55:00+00:00,4073.1,4073.1,4073.0,4073.0,0.092,8.0
2026-08-04 21:00:00+00:00,4073.2,4075.0,4073.2,4075.0,0.218,11.0
2026-08-04 21:05:00+00:00,4075.2,4075.5,4075.2,4075.5,0.37,10.0
2026-08-04 21:10:00+00:00,4075.4,4077.3,4075.4,4077.3,0.427,21.0
2026-08-04 21:15:00+00:00,4077.4,4077.7,4077.4,4077.7,0.062,7.0
2026-08-04 21:20:00+00:00,4077.7,4078.3,4077.6,4078.3,0.435,12.0
2026-08-04 21:25:00+00:00,4078.6,4079.1,4077.7,4078.0,0.096,7.0
2026-08-04 21:30:00+00:00,4078.0,4078.0,4077.9,4077.9,0.026,7.0
2026-08-04 21:35:00+00:00,4078.0,4078.0,4077.9,4078.0,0.11,6.0
2026-08-04 21:40:00+00:00,4079.1,4079.1,4079.0,4079.0,0.029,8.0
2026-08-04 21:45:00+00:00,4079.0,4079.0,4078.9,4079.0,0.04,7.0
2026-08-04 21:50:00+00:00,4079.0,4079.0,4079.0,4079.0,0.015,5.0
2026-08-04 21:55:00+00:00,4078.9,4078.9,4078.0,4078.0,0.598,19.0
2026-08-04 22:00:00+00:00,4078.0,4078.0,4073.7,4073.7,0.742,23.0
2026-08-04 22:05:00+00:00,4073.7,4073.7,4072.3,4072.3,0.251,13.0
2026-08-04 22:10:00+00:00,4072.3,4072.3,4072.3,4072.3,0.015,5.0
2026-08-04 22:15:00+00:00,4072.3,4072.3,4072.0,4072.0,0.038,9.0
2026-08-04 22:20:00+00:00,4071.9,4072.5,4071.8,4072.0,0.05,11.0
2026-08-04 22:25:00+00:00,4071.9,4074.7,4071.9,4074.7,0.437,16.0
2026-08-04 22:30:00+00:00,4074.7,4075.0,4074.7,4075.0,0.452,13.0
2026-08-04 22:35:00+00:00,4075.2,4078.1,4075.2,4078.1,0.131,14.0
2026-08-04 22:40:00+00:00,4078.0,4079.1,4076.8,4077.8,5.005,23.0
2026-08-04 22:45:00+00:00,4078.0,4078.1,4076.5,4076.9,0.15,10.0
2026-08-04 22:50:00+00:00,4077.3,4077.9,4075.8,4075.9,0.187,10.0
2026-08-04 22:55:00+00:00,4075.9,4075.9,4072.2,4072.2,0.033,8.0
2026-08-04 23:00:00+00:00,4072.0,4072.0,4065.2,4065.3,1.968,40.0
2026-08-04 23:05:00+00:00,4065.5,4067.0,4065.5,4067.0,0.327,19.0
2026-08-04 23:10:00+00:00,4067.6,4069.1,4066.7,4069.1,1.132,32.0
2026-08-04 23:15:00+00:00,4069.4,4069.9,4068.1,4068.2,1.271,19.0
2026-08-04 23:20:00+00:00,4068.2,4068.2,4063.6,4063.9,7.888,76.0
2026-08-04 23:25:00+00:00,4063.8,4064.0,4062.3,4062.7,1.299,17.0
2026-08-04 23:30:00+00:00,4062.2,4064.6,4062.2,4063.7,0.168,14.0
2026-08-04 23:35:00+00:00,4064.1,4064.2,4063.9,4064.1,1.566,22.0
2026-08-04 23:40:00+00:00,4064.1,4064.9,4063.2,4064.0,6.739,42.0
2026-08-04 23:45:00+00:00,4064.3,4065.9,4063.9,4065.9,11.29,54.0
2026-08-04 23:50:00+00:00,4065.9,4066.6,4065.8,4066.6,7.317,57.0
2026-08-04 23:55:00+00:00,4066.6,4068.1,4066.6,4068.1,1.712,23.0
2026-08-05 00:00:00+00:00,4068.0,4068.5,4066.4,4068.3,3.456,36.0
2026-08-05 00:05:00+00:00,4068.4,4068.8,4067.9,4067.9,1.982,26.0
2026-08-05 00:10:00+00:00,4067.9,4067.9,4066.4,4066.9,6.375,50.0
2026-08-05 00:15:00+00:00,4066.9,4069.9,4066.9,4069.1,2.525,36.0
2026-08-05 00:20:00+00:00,4069.3,4071.5,4068.9,4071.5,2.689,43.0
2026-08-05 00:25:00+00:00,4071.5,4073.0,4071.5,4072.9,2.754,42.0
2026-08-05 00:30:00+00:00,4073.0,4075.6,4073.0,4074.5,2.334,38.0
2026-08-05 00:35:00+00:00,4075.0,4076.9,4074.6,4074.6,2.466,69.0
2026-08-05 00:40:00+00:00,4074.6,4074.7,4072.8,4072.8,0.97,61.0
2026-08-05 00:45:00+00:00,4072.8,4073.7,4072.4,4073.4,1.313,45.0
2026-08-05 00:50:00+00:00,4073.4,4077.2,4073.4,4077.2,0.077,15.0
2026-08-05 00:55:00+00:00,4077.2,4077.2,4076.1,4076.1,0.266,10.0
2026-08-05 01:00:00+00:00,4076.1,4078.6,4072.9,4074.9,3.914,36.0
2026-08-05 01:05:00+00:00,4075.4,4076.6,4074.4,4075.8,0.063,11.0
2026-08-05 01:10:00+00:00,4075.8,4079.7,4075.8,4078.0,0.326,14.0
2026-08-05 01:15:00+00:00,4079.3,4081.3,4079.3,4080.3,0.763,19.0
2026-08-05 01:20:00+00:00,4081.1,4081.1,4079.3,4079.3,0.128,10.0
2026-08-05 01:25:00+00:00,4078.5,4078.5,4077.0,4078.2,0.26,9.0
2026-08-05 01:30:00+00:00,4078.2,4080.0,4074.8,4075.3,0.653,15.0
2026-08-05 01:35:00+00:00,4078.2,4083.1,4078.2,4083.0,0.224,12.0
2026-08-05 01:40:00+00:00,4083.2,4086.1,4083.2,4086.1,6.846,27.0
2026-08-05 01:45:00+00:00,4086.3,4087.6,4086.3,4086.9,0.098,7.0
2026-08-05 01:50:00+00:00,4086.9,4088.3,4086.8,4088.3,0.978,24.0
2026-08-05 01:55:00+00:00,4088.8,4095.5,4088.8,4095.5,0.671,24.0
2026-08-05 02:00:00+00:00,4094.0,4096.9,4093.4,4093.7,3.834,32.0
2026-08-05 02:05:00+00:00,4093.1,4093.1,4092.4,4092.8,0.314,11.0
2026-08-05 02:10:00+00:00,4092.5,4094.7,4092.4,4094.2,0.74,15.0
2026-08-05 02:15:00+00:00,4094.2,4094.2,4090.6,4091.9,0.565,16.0
2026-08-05 02:20:00+00:00,4092.2,4096.5,4092.2,4096.5,0.086,15.0
2026-08-05 02:25:00+00:00,4096.7,4101.8,4096.7,4097.3,1.682,34.0
2026-08-05 02:30:00+00:00,4096.8,4101.6,4096.8,4099.7,0.315,15.0
2026-08-05 02:35:00+00:00,4101.3,4114.5,4101.3,4114.5,19.451,93.0
2026-08-05 02:40:00+00:00,4114.4,4121.1,4114.4,4121.1,3.321,52.0
2026-08-05 02:45:00+00:00,4121.1,4123.8,4119.6,4123.8,1.148,27.0
2026-08-05 02:50:00+00:00,4122.6,4123.9,4117.8,4123.9,1.446,20.0
2026-08-05 02:55:00+00:00,4123.9,4126.3,4122.7,4122.7,13.892,95.0
2026-08-05 03:00:00+00:00,4122.1,4123.1,4120.9,4121.4,2.106,27.0
2026-08-05 03:05:00+00:00,4121.0,4126.3,4120.8,4125.9,0.965,28.0
2026-08-05 03:10:00+00:00,4125.8,4128.1,4125.7,4127.2,9.917,43.0
2026-08-05 03:15:00+00:00,4127.2,4127.5,4123.2,4123.2,7.082,12.0
2026-08-05 03:20:00+00:00,4123.2,4124.0,4123.0,4124.0,0.877,22.0
2026-08-05 03:25:00+00:00,4123.3,4123.3,4122.3,4122.3,0.911,18.0
2026-08-05 03:30:00+00:00,4122.3,4122.3,4120.0,4120.0,0.363,20.0
2026-08-05 03:35:00+00:00,4120.0,4120.1,4119.5,4119.5,0.203,14.0
2026-08-05 03:40:00+00:00,4119.5,4119.5,4119.1,4119.2,0.118,13.0
2026-08-05 03:45:00+00:00,4119.2,4120.3,4119.2,4119.4,19.692,59.0
2026-08-05 03:50:00+00:00,4119.4,4119.4,4119.2,4119.2,0.042,7.0
2026-08-05 03:55:00+00:00,4119.2,4119.9,4119.2,4119.9,0.026,7.0
2026-08-05 04:00:00+00:00,4119.9,4126.4,4119.9,4126.3,1.048,39.0
2026-08-05 04:05:00+00:00,4125.4,4131.3,4125.3,4131.3,1.958,28.0
2026-08-05 04:10:00+00:00,4131.5,4132.6,4130.3,4130.8,1.063,19.0
2026-08-05 04:15:00+00:00,4130.6,4132.0,4129.7,4132.0,0.48,16.0
2026-08-05 04:20:00+00:00,4132.3,4132.3,4131.1,4131.2,0.524,9.0
2026-08-05 04:25:00+00:00,4131.3,4131.3,4131.0,4131.3,0.229,9.0
2026-08-05 04:30:00+00:00,4130.6,4130.9,4129.8,4130.8,1.152,23.0
2026-08-05 04:35:00+00:00,4130.8,4130.8,4126.1,4126.1,17.493,102.0
2026-08-05 04:40:00+00:00,4127.0,4128.0,4127.0,4128.0,7.839,26.0
2026-08-05 04:45:00+00:00,4128.0,4128.0,4126.5,4126.5,0.056,7.0
2026-08-05 04:50:00+00:00,4126.0,4126.7,4125.3,4126.7,1.021,13.0
2026-08-05 04:55:00+00:00,4126.7,4128.3,4126.6,4128.0,0.352,14.0
2026-08-05 05:00:00+00:00,4128.1,4129.7,4128.1,4129.7,10.476,24.0
2026-08-05 05:05:00+00:00,4129.5,4130.5,4129.1,4129.5,2.507,32.0
2026-08-05 05:10:00+00:00,4129.5,4130.6,4129.4,4130.6,0.022,6.0
2026-08-05 05:15:00+00:00,4130.6,4130.7,4130.0,4130.7,0.213,12.0
2026-08-05 05:20:00+00:00,4130.8,4134.1,4130.8,4134.1,0.267,19.0
2026-08-05 05:25:00+00:00,4134.1,4134.1,4131.4,4132.0,0.521,15.0
2026-08-05 05:30:00+00:00,4132.1,4137.6,4132.1,4137.6,0.944,28.0
2026-08-05 05:35:00+00:00,4139.0,4145.0,4139.0,4144.0,1.758,37.0
2026-08-05 05:40:00+00:00,4144.2,4150.0,4143.8,4149.0,0.721,31.0
2026-08-05 05:45:00+00:00,4150.0,4161.0,4150.0,4156.4,5.509,74.0
2026-08-05 05:50:00+00:00,4156.4,4162.9,4156.4,4160.0,0.324,17.0
2026-08-05 05:55:00+00:00,4158.8,4162.0,4153.1,4153.1,1.456,20.0
2026-08-05 06:00:00+00:00,4155.1,4155.8,4152.4,4153.7,2.339,31.0
2026-08-05 06:05:00+00:00,4153.6,4157.7,4152.6,4157.7,0.307,11.0
2026-08-05 06:10:00+00:00,4159.9,4165.3,4159.9,4165.3,1.906,30.0
2026-08-05 06:15:00+00:00,4164.3,4164.3,4158.1,4158.1,1.394,20.0
2026-08-05 06:20:00+00:00,4158.0,4158.0,4153.9,4157.0,2.266,26.0
2026-08-05 06:25:00+00:00,4156.3,4158.6,4155.6,4158.6,2.673,17.0
2026-08-05 06:30:00+00:00,4158.9,4164.1,4158.9,4164.1,0.699,20.0
2026-08-05 06:35:00+00:00,4164.8,4168.7,4164.8,4165.4,2.315,63.0
2026-08-05 06:40:00+00:00,4167.1,4167.6,4164.4,4165.9,2.25,30.0
2026-08-05 06:45:00+00:00,4166.3,4166.3,4163.1,4164.3,1.429,16.0
2026-08-05 06:50:00+00:00,4166.4,4166.4,4163.7,4165.2,3.312,31.0
2026-08-05 06:55:00+00:00,4164.6,4167.8,4162.9,4167.8,2.193,25.0
2026-08-05 07:00:00+00:00,4168.6,4168.9,4162.9,4162.9,4.48,43.0
2026-08-05 07:05:00+00:00,4162.7,4163.0,4160.1,4161.1,10.048,48.0
2026-08-05 07:10:00+00:00,4161.8,4161.8,4156.9,4157.0,2.228,32.0
2026-08-05 07:15:00+00:00,4157.0,4159.4,4157.0,4159.4,3.523,30.0
2026-08-05 07:20:00+00:00,4159.3,4159.8,4157.9,4159.8,6.072,50.0
2026-08-05 07:25:00+00:00,4159.8,4159.8,4155.0,4155.0,9.34,61.0
2026-08-05 07:30:00+00:00,4155.0,4155.5,4154.4,4154.7,2.842,24.0
2026-08-05 07:35:00+00:00,4154.7,4157.2,4154.3,4157.0,4.332,38.0
2026-08-05 07:40:00+00:00,4157.0,4157.1,4156.9,4157.1,2.238,15.0
2026-08-05 07:45:00+00:00,4157.2,4159.4,4156.8,4157.8,0.65,19.0
2026-08-05 07:50:00+00:00,4158.0,4158.6,4157.0,4157.0,1.087,15.0
2026-08-05 07:55:00+00:00,4157.9,4162.8,4157.9,4162.8,0.209,13.0
2026-08-05 08:00:00+00:00,4163.2,4163.5,4160.6,4160.7,1.3,23.0
2026-08-05 08:05:00+00:00,4160.8,4160.8,4160.1,4160.7,1.388,76.0
2026-08-05 08:10:00+00:00,4160.7,4160.7,4156.4,4156.5,7.993,136.0
2026-08-05 08:15:00+00:00,4156.5,4158.4,4156.5,4158.2,9.586,132.0
2026-08-05 08:20:00+00:00,4158.1,4158.2,4154.5,4154.6,62.377,720.0
2026-08-05 08:25:00+00:00,4154.5,4156.0,4154.5,4156.0,6.517,52.0
2026-08-05 08:30:00+00:00,4156.1,4157.2,4156.0,4156.8,7.748,92.0
2026-08-05 08:35:00+00:00,4156.8,4156.9,4156.8,4156.9,21.679,132.0
2026-08-05 08:40:00+00:00,4156.8,4157.7,4154.5,4156.6,22.716,225.0
2026-08-05 08:45:00+00:00,4155.2,4155.2,4152.7,4154.6,7.12,65.0
2026-08-05 08:50:00+00:00,4154.0,4154.0,4153.0,4153.3,1.957,26.0
2026-08-05 08:55:00+00:00,4153.4,4153.4,4152.2,4153.0,1.185,12.0
2026-08-05 09:00:00+00:00,4154.3,4155.9,4154.1,4155.3,0.86,22.0
2026-08-05 09:05:00+00:00,4155.4,4157.6,4155.4,4156.9,1.29,23.0
2026-08-05 09:10:00+00:00,4155.4,4155.6,4154.4,4154.4,0.067,8.0
2026-08-05 09:15:00+00:00,4155.1,4155.1,4152.6,4152.6,0.079,11.0
2026-08-05 09:20:00+00:00,4152.3,4152.4,4148.4,4149.2,0.933,21.0
2026-08-05 09:25:00+00:00,4149.2,4149.2,4148.5,4149.2,1.12,20.0
2026-08-05 09:30:00+00:00,4148.3,4150.3,4147.2,4149.5,3.26,32.0
2026-08-05 09:35:00+00:00,4149.4,4150.9,4147.5,4150.9,0.029,4.0
2026-08-05 09:40:00+00:00,4148.8,4148.9,4147.5,4148.9,3.043,24.0
2026-08-05 09:45:00+00:00,4149.5,4150.3,4149.0,4149.6,0.075,9.0
2026-08-05 09:50:00+00:00,4149.1,4149.4,4148.6,4149.2,0.277,8.0
2026-08-05 09:55:00+00:00,4149.6,4150.7,4146.6,4150.7,0.72,24.0
2026-08-05 10:00:00+00:00,4149.4,4149.4,4145.1,4145.1,0.899,29.0
2026-08-05 10:05:00+00:00,4145.0,4145.3,4144.4,4144.5,0.184,19.0
2026-08-05 10:10:00+00:00,4144.6,4144.6,4143.4,4143.4,1.975,13.0
2026-08-05 10:15:00+00:00,4142.7,4146.9,4142.7,4146.9,1.714,19.0
2026-08-05 10:20:00+00:00,4147.8,4149.2,4147.8,4148.3,0.773,16.0
2026-08-05 10:25:00+00:00,4148.9,4150.3,4148.8,4149.8,1.431,22.0
2026-08-05 10:30:00+00:00,4149.7,4149.9,4148.5,4149.6,0.283,10.0
2026-08-05 10:35:00+00:00,4147.6,4148.7,4147.5,4148.7,0.09,10.0
2026-08-05 10:40:00+00:00,4148.3,4149.4,4147.9,4147.9,0.132,11.0
2026-08-05 10:45:00+00:00,4149.1,4149.1,4147.3,4148.1,7.997,149.0
2026-08-05 10:50:00+00:00,4148.2,4149.3,4146.8,4149.3,4.01,41.0
2026-08-05 10:55:00+00:00,4149.2,4153.9,4148.7,4153.6,2.36,27.0
2026-08-05 11:00:00+00:00,4153.7,4156.1,4153.7,4156.1,0.749,25.0
2026-08-05 11:05:00+00:00,4156.3,4157.5,4156.1,4157.5,2.514,33.0
2026-08-05 11:10:00+00:00,4158.6,4162.8,4158.6,4162.8,0.731,13.0
2026-08-05 11:15:00+00:00,4162.8,4165.6,4162.8,4163.8,0.537,16.0
2026-08-05 11:20:00+00:00,4164.5,4164.7,4161.7,4162.4,0.315,12.0
2026-08-05 11:25:00+00:00,4162.1,4171.5,4161.6,4166.1,2.546,36.0
2026-08-05 11:30:00+00:00,4167.8,4172.6,4166.5,4172.2,6.708,24.0
2026-08-05 11:35:00+00:00,4172.3,4177.9,4172.3,4177.6,2.32,35.0
2026-08-05 11:40:00+00:00,4174.1,4179.2,4174.1,4176.3,0.516,18.0
2026-08-05 11:45:00+00:00,4175.0,4178.2,4174.7,4178.0,4.939,12.0
2026-08-05 11:50:00+00:00,4177.8,4179.9,4177.8,4179.8,3.862,12.0
2026-08-05 11:55:00+00:00,4180.0,4183.7,4179.9,4182.0,3.008,88.0
2026-08-05 12:00:00+00:00,4180.9,4186.2,4180.8,4184.9,13.797,93.0
2026-08-05 12:05:00+00:00,4185.5,4189.9,4185.1,4189.2,23.382,129.0
2026-08-05 12:10:00+00:00,4189.5,4190.8,4189.5,4189.8,4.011,62.0
2026-08-05 12:15:00+00:00,4191.5,4199.7,4190.7,4196.8,3.094,60.0
2026-08-05 12:20:00+00:00,4197.2,4204.7,4197.2,4203.1,11.303,110.0
2026-08-05 12:25:00+00:00,4203.1,4203.2,4197.2,4197.9,14.423,120.0
2026-08-05 12:30:00+00:00,4200.5,4200.6,4191.2,4192.5,13.3,93.0
2026-08-05 12:35:00+00:00,4192.5,4196.1,4190.7,4193.4,7.481,75.0
2026-08-05 12:40:00+00:00,4192.2,4192.2,4186.2,4186.9,9.235,68.0
2026-08-05 12:45:00+00:00,4186.6,4187.9,4184.7,4185.9,5.303,42.0
2026-08-05 12:50:00+00:00,4186.3,4186.4,4180.4,4180.4,12.233,70.0
2026-08-05 12:55:00+00:00,4180.5,4180.9,4175.3,4176.6,8.305,59.0
2026-08-05 13:00:00+00:00,4180.7,4187.2,4180.7,4187.0,5.392,67.0
2026-08-05 13:05:00+00:00,4185.9,4190.0,4185.8,4188.7,4.504,50.0
2026-08-05 13:10:00+00:00,4187.9,4188.3,4181.2,4181.5,12.281,75.0
2026-08-05 13:15:00+00:00,4181.5,4183.8,4179.9,4183.8,6.877,62.0
2026-08-05 13:20:00+00:00,4184.9,4190.3,4184.9,4187.9,8.841,40.0
2026-08-05 13:25:00+00:00,4187.6,4190.5,4187.1,4190.5,9.724,56.0
2026-08-05 13:30:00+00:00,4191.9,4196.3,4188.5,4196.1,4.775,45.0
2026-08-05 13:35:00+00:00,4196.0,4196.0,4185.9,4195.1,5.08,69.0
2026-08-05 13:40:00+00:00,4192.8,4196.0,4190.7,4190.7,5.089,58.0
2026-08-05 13:45:00+00:00,4191.9,4191.9,4185.8,4186.3,5.344,68.0
2026-08-05 13:50:00+00:00,4186.3,4193.1,4184.1,4192.4,5.622,31.0
2026-08-05 13:55:00+00:00,4193.4,4198.3,4193.4,4198.3,3.178,23.0
2026-08-05 14:00:00+00:00,4198.1,4202.1,4198.1,4202.1,3.545,50.0
2026-08-05 14:05:00+00:00,4202.3,4219.4,4202.3,4219.0,11.809,86.0
2026-08-05 14:10:00+00:00,4219.4,4226.4,4217.9,4220.1,18.717,103.0
2026-08-05 14:15:00+00:00,4221.6,4229.9,4220.0,4227.2,2.473,43.0
2026-08-05 14:20:00+00:00,4225.6,4228.3,4222.8,4223.6,19.861,66.0
2026-08-05 14:25:00+00:00,4225.7,4231.8,4225.7,4231.5,3.109,35.0
2026-08-05 14:30:00+00:00,4231.1,4233.3,4221.6,4221.9,2.847,39.0
2026-08-05 14:35:00+00:00,4222.0,4225.2,4220.4,4223.2,1.592,44.0
2026-08-05 14:40:00+00:00,4222.1,4234.5,4222.1,4234.5,16.709,64.0
2026-08-05 14:45:00+00:00,4234.5,4238.3,4232.8,4238.3,5.827,62.0
2026-08-05 14:50:00+00:00,4237.3,4239.2,4225.2,4229.2,2.978,46.0
2026-08-05 14:55:00+00:00,4229.2,4236.1,4229.2,4235.0,3.581,44.0
2026-08-05 15:00:00+00:00,4235.6,4248.8,4235.6,4247.1,7.629,61.0
2026-08-05 15:05:00+00:00,4246.1,4248.2,4242.5,4245.5,5.082,34.0
2026-08-05 15:10:00+00:00,4246.3,4250.0,4246.2,4248.7,2.526,48.0
2026-08-05 15:15:00+00:00,4247.8,4247.8,4241.1,4246.8,4.782,42.0
2026-08-05 15:20:00+00:00,4247.2,4251.8,4245.8,4250.6,18.131,52.0
2026-08-05 15:25:00+00:00,4250.5,4253.4,4248.1,4248.5,2.539,23.0
2026-08-05 15:30:00+00:00,4247.7,4248.5,4245.3,4245.6,0.705,16.0
2026-08-05 15:35:00+00:00,4245.5,4249.3,4245.5,4248.4,0.843,21.0
2026-08-05 15:40:00+00:00,4246.0,4246.7,4243.3,4245.7,1.044,23.0
2026-08-05 15:45:00+00:00,4245.9,4245.9,4240.3,4242.5,1.904,34.0
2026-08-05 15:50:00+00:00,4240.2,4240.2,4232.3,4232.7,2.027,41.0
2026-08-05 15:55:00+00:00,4233.1,4233.2,4225.7,4225.7,6.175,48.0
2026-08-05 16:00:00+00:00,4225.6,4225.7,4218.4,4218.4,4.945,79.0
2026-08-05 16:05:00+00:00,4217.6,4227.0,4217.3,4227.0,11.332,52.0
2026-08-05 16:10:00+00:00,4227.0,4228.1,4224.4,4225.5,0.873,23.0
2026-08-05 16:15:00+00:00,4226.0,4228.1,4224.7,4226.7,1.52,22.0
2026-08-05 16:20:00+00:00,4226.3,4232.9,4226.3,4231.7,18.063,51.0
2026-08-05 16:25:00+00:00,4233.3,4234.0,4232.9,4234.0,0.149,10.0
2026-08-05 16:30:00+00:00,4234.3,4234.3,4231.9,4233.0,0.162,14.0
2026-08-05 16:35:00+00:00,4233.0,4237.4,4233.0,4237.3,0.594,19.0
2026-08-05 16:40:00+00:00,4237.2,4238.9,4236.7,4236.7,0.788,23.0
2026-08-05 16:45:00+00:00,4236.4,4236.4,4232.9,4232.9,0.274,18.0
2026-08-05 16:50:00+00:00,4234.8,4239.3,4234.4,4236.2,1.146,23.0
2026-08-05 16:55:00+00:00,4236.5,4236.5,4231.5,4232.5,0.258,14.0
2026-08-05 17:00:00+00:00,4234.7,4235.0,4232.1,4234.2,1.904,42.0
2026-08-05 17:05:00+00:00,4234.3,4235.3,4234.3,4234.6,0.598,18.0
2026-08-05 17:10:00+00:00,4235.1,4235.6,4234.5,4234.6,0.028,6.0
2026-08-05 17:15:00+00:00,4233.9,4233.9,4230.0,4230.0,3.195,26.0
2026-08-05 17:20:00+00:00,4230.9,4231.0,4229.3,4230.7,0.579,23.0
2026-08-05 17:25:00+00:00,4231.7,4236.7,4230.4,4236.7,62.798,271.0
2026-08-05 17:30:00+00:00,4236.1,4239.8,4233.9,4239.8,1.043,24.0
2026-08-05 17:35:00+00:00,4239.6,4242.5,4239.6,4242.5,1.461,22.0
2026-08-05 17:40:00+00:00,4242.9,4242.9,4241.1,4241.2,0.25,15.0
2026-08-05 17:45:00+00:00,4241.2,4243.2,4240.6,4243.2,0.282,10.0
2026-08-05 17:50:00+00:00,4241.5,4242.0,4241.5,4241.9,0.18,8.0
2026-08-05 17:55:00+00:00,4242.1,4244.1,4242.1,4243.8,0.26,14.0
2026-08-05 18:00:00+00:00,4243.0,4246.2,4242.0,4245.0,1.543,26.0
2026-08-05 18:05:00+00:00,4245.4,4249.3,4245.4,4248.1,2.087,32.0
2026-08-05 18:10:00+00:00,4248.2,4249.4,4248.1,4248.1,1.382,18.0
2026-08-05 18:15:00+00:00,4245.7,4248.9,4245.7,4248.8,0.463,15.0
2026-08-05 18:20:00+00:00,4249.7,4259.4,4249.7,4255.5,11.43,95.0
2026-08-05 18:25:00+00:00,4256.4,4257.3,4255.1,4256.3,2.969,25.0
2026-08-05 18:30:00+00:00,4256.1,4256.1,4247.9,4247.9,3.642,43.0
2026-08-05 18:35:00+00:00,4248.2,4250.0,4247.8,4249.8,2.676,37.0
2026-08-05 18:40:00+00:00,4249.8,4252.5,4249.4,4251.5,4.947,72.0
2026-08-05 18:45:00+00:00,4251.6,4253.3,4251.6,4251.6,6.178,36.0
2026-08-05 18:50:00+00:00,4251.4,4255.0,4251.3,4254.7,4.738,56.0
2026-08-05 18:55:00+00:00,4254.3,4255.6,4253.1,4253.1,3.239,21.0
2026-08-05 19:00:00+00:00,4253.1,4254.0,4251.5,4253.7,5.004,55.0
2026-08-05 19:05:00+00:00,4253.8,4254.3,4250.8,4250.8,3.068,37.0
2026-08-05 19:10:00+00:00,4250.9,4250.9,4249.1,4250.5,3.535,40.0
2026-08-05 19:15:00+00:00,4250.3,4250.4,4244.6,4244.7,4.034,42.0
2026-08-05 19:20:00+00:00,4244.6,4247.3,4243.0,4246.9,3.374,41.0
2026-08-05 19:25:00+00:00,4247.4,4247.6,4245.4,4245.4,2.888,25.0
2026-08-05 19:30:00+00:00,4245.4,4246.1,4241.9,4242.1,6.743,110.0
2026-08-05 19:35:00+00:00,4242.1,4243.1,4241.1,4241.9,4.854,79.0
2026-08-05 19:40:00+00:00,4242.2,4246.1,4242.2,4244.7,3.059,44.0
2026-08-05 19:45:00+00:00,4245.6,4245.8,4241.4,4241.6,2.918,22.0
2026-08-05 19:50:00+00:00,4241.4,4241.4,4239.4,4240.0,5.965,57.0
2026-08-05 19:55:00+00:00,4240.5,4241.2,4239.1,4239.6,3.17,39.0
2026-08-05 20:00:00+00:00,4239.2,4241.3,4239.1,4239.7,4.346,71.0
2026-08-05 20:05:00+00:00,4240.0,4240.7,4239.7,4240.0,4.792,44.0
2026-08-05 20:10:00+00:00,4240.2,4242.5,4240.2,4242.5,9.743,50.0
2026-08-05 20:15:00+00:00,4242.0,4242.5,4240.0,4240.0,9.515,103.0
2026-08-05 20:20:00+00:00,4239.7,4240.1,4239.4,4239.9,3.419,37.0
2026-08-05 20:25:00+00:00,4240.0,4240.4,4239.5,4240.2,2.955,28.0
2026-08-05 20:30:00+00:00,4239.9,4242.3,4239.8,4242.2,9.009,44.0
2026-08-05 20:35:00+00:00,4242.3,4242.4,4240.6,4240.7,3.918,42.0
2026-08-05 20:40:00+00:00,4240.7,4240.7,4239.4,4239.4,4.833,32.0
2026-08-05 20:45:00+00:00,4239.5,4239.5,4237.5,4237.5,3.205,40.0
2026-08-05 20:50:00+00:00,4237.5,4238.6,4237.5,4237.7,3.711,32.0
2026-08-05 20:55:00+00:00,4237.7,4243.7,4237.4,4241.4,5.684,63.0
2026-08-05 21:00:00+00:00,4241.5,4243.0,4241.5,4242.6,3.967,46.0
2026-08-05 21:05:00+00:00,4242.6,4242.6,4242.5,4242.5,2.574,20.0
2026-08-05 21:10:00+00:00,4242.6,4244.1,4242.6,4244.1,1.255,45.0
2026-08-05 21:15:00+00:00,4244.0,4244.0,4243.8,4243.8,0.591,12.0
2026-08-05 21:20:00+00:00,4243.9,4243.9,4242.6,4242.7,0.819,21.0
2026-08-05 21:25:00+00:00,4242.7,4242.8,4242.6,4242.6,8.514,21.0
2026-08-05 21:30:00+00:00,4242.2,4242.3,4241.9,4241.9,1.665,12.0
2026-08-05 21:35:00+00:00,4241.9,4242.2,4241.9,4242.0,1.979,17.0
2026-08-05 21:40:00+00:00,4242.0,4243.1,4241.6,4242.4,0.999,21.0
2026-08-05 21:45:00+00:00,4242.5,4242.5,4242.4,4242.4,0.068,8.0
2026-08-05 21:50:00+00:00,4242.5,4242.5,4241.9,4241.9,0.404,9.0
2026-08-05 21:55:00+00:00,4241.9,4242.1,4241.8,4241.8,2.149,31.0
2026-08-05 22:00:00+00:00,4241.3,4245.1,4240.8,4241.7,3.565,61.0
2026-08-05 22:05:00+00:00,4241.7,4241.9,4239.3,4241.0,5.439,53.0
2026-08-05 22:10:00+00:00,4240.8,4241.1,4240.5,4240.8,1.443,31.0
2026-08-05 22:15:00+00:00,4240.8,4240.9,4240.4,4240.7,0.663,15.0
2026-08-05 22:20:00+00:00,4240.8,4240.9,4240.4,4240.9,0.425,9.0
2026-08-05 22:25:00+00:00,4240.9,4240.9,4240.6,4240.6,0.054,5.0
2026-08-05 22:30:00+00:00,4240.7,4241.8,4240.7,4241.8,0.104,10.0
2026-08-05 22:35:00+00:00,4242.0,4242.6,4242.0,4242.4,0.121,7.0
2026-08-05 22:40:00+00:00,4242.5,4242.5,4242.2,4242.2,1.257,28.0
2026-08-05 22:45:00+00:00,4241.7,4241.7,4240.7,4240.9,1.394,19.0
2026-08-05 22:50:00+00:00,4240.9,4241.4,4240.8,4241.2,1.362,18.0
2026-08-05 22:55:00+00:00,4241.0,4241.6,4240.7,4241.6,1.683,21.0
2026-08-05 23:00:00+00:00,4241.7,4244.0,4241.6,4244.0,2.485,47.0
2026-08-05 23:05:00+00:00,4243.9,4245.6,4243.9,4245.1,1.822,23.0
2026-08-05 23:10:00+00:00,4245.1,4249.6,4245.1,4248.3,3.294,66.0
2026-08-05 23:15:00+00:00,4249.2,4252.3,4249.2,4251.8,2.685,41.0
2026-08-05 23:20:00+00:00,4251.8,4254.2,4250.3,4254.1,0.338,17.0
2026-08-05 23:25:00+00:00,4254.1,4256.0,4253.4,4255.3,8.145,48.0
2026-08-05 23:30:00+00:00,4255.5,4257.1,4253.7,4257.1,4.003,31.0
2026-08-05 23:35:00+00:00,4257.8,4271.6,4257.8,4271.6,19.236,162.0
2026-08-05 23:40:00+00:00,4271.6,4273.1,4268.5,4272.1,5.676,38.0
2026-08-05 23:45:00+00:00,4272.7,4272.7,4265.3,4267.1,4.133,40.0
2026-08-05 23:50:00+00:00,4267.4,4269.2,4267.4,4268.3,1.425,15.0
2026-08-05 23:55:00+00:00,4268.4,4270.8,4266.8,4270.8,2.75,23.0
2026-08-06 00:00:00+00:00,4270.3,4270.4,4259.3,4260.4,20.074,115.0
2026-08-06 00:05:00+00:00,4261.8,4269.9,4260.3,4266.4,30.847,95.0
2026-08-06 00:10:00+00:00,4264.9,4266.6,4259.9,4262.2,2.312,38.0
2026-08-06 00:15:00+00:00,4266.1,4269.8,4265.7,4267.0,1.303,23.0
2026-08-06 00:20:00+00:00,4269.0,4277.6,4267.7,4276.7,10.466,99.0
2026-08-06 00:25:00+00:00,4276.6,4278.3,4267.1,4267.6,5.359,60.0
2026-08-06 00:30:00+00:00,4267.9,4279.1,4267.9,4279.1,2.317,71.0
2026-08-06 00:35:00+00:00,4279.1,4284.1,4277.1,4279.3,16.522,157.0
2026-08-06 00:40:00+00:00,4279.2,4281.9,4278.5,4279.8,3.51,122.0
2026-08-06 00:45:00+00:00,4280.6,4288.0,4280.6,4284.3,3.506,54.0
2026-08-06 00:50:00+00:00,4282.0,4288.7,4280.4,4288.7,3.261,29.0
2026-08-06 00:55:00+00:00,4289.0,4292.5,4287.4,4290.2,8.561,51.0
2026-08-06 01:00:00+00:00,4290.7,4294.4,4286.6,4287.1,2.821,46.0
2026-08-06 01:05:00+00:00,4286.5,4290.3,4280.7,4289.8,3.728,55.0
2026-08-06 01:10:00+00:00,4290.7,4290.7,4274.2,4275.4,4.636,46.0
2026-08-06 01:15:00+00:00,4277.4,4280.0,4276.8,4277.9,1.218,17.0
2026-08-06 01:20:00+00:00,4277.7,4277.7,4267.7,4275.4,6.091,51.0
2026-08-06 01:25:00+00:00,4276.4,4278.6,4268.7,4268.7,4.304,25.0
2026-08-06 01:30:00+00:00,4274.7,4278.6,4273.7,4275.7,2.112,39.0
2026-08-06 01:35:00+00:00,4276.9,4288.0,4274.6,4287.2,8.671,71.0
2026-08-06 01:40:00+00:00,4284.9,4284.9,4281.4,4282.3,2.284,30.0
2026-08-06 01:45:00+00:00,4282.0,4286.9,4278.7,4286.9,8.799,58.0
2026-08-06 01:50:00+00:00,4286.8,4289.0,4281.0,4281.0,2.786,31.0
2026-08-06 01:55:00+00:00,4281.0,4282.0,4279.4,4280.0,4.963,36.0
2026-08-06 02:00:00+00:00,4279.9,4287.1,4278.1,4287.1,4.099,46.0
2026-08-06 02:05:00+00:00,4289.1,4295.2,4289.1,4293.3,5.422,65.0
2026-08-06 02:10:00+00:00,4293.6,4294.2,4286.9,4288.1,4.267,47.0
2026-08-06 02:15:00+00:00,4288.1,4290.9,4285.4,4285.6,0.554,18.0
2026-08-06 02:20:00+00:00,4286.5,4286.5,4285.4,4285.6,0.414,10.0
2026-08-06 02:25:00+00:00,4285.9,4287.3,4285.0,4286.0,0.308,14.0
2026-08-06 02:30:00+00:00,4284.9,4284.9,4275.8,4275.8,1.068,36.0
2026-08-06 02:35:00+00:00,4278.1,4280.2,4277.1,4278.3,4.317,42.0
2026-08-06 02:40:00+00:00,4276.6,4276.6,4274.1,4275.9,1.314,28.0
2026-08-06 02:45:00+00:00,4278.2,4278.2,4269.3,4269.3,2.798,51.0
2026-08-06 02:50:00+00:00,4269.2,4272.7,4269.2,4269.7,1.139,27.0
2026-08-06 02:55:00+00:00,4270.1,4272.0,4270.1,4270.4,1.691,19.0
2026-08-06 03:00:00+00:00,4269.9,4270.4,4268.0,4268.0,0.849,31.0
2026-08-06 03:05:00+00:00,4268.3,4272.0,4268.3,4272.0,2.979,62.0
2026-08-06 03:10:00+00:00,4271.4,4272.1,4267.8,4267.8,0.383,10.0
2026-08-06 03:15:00+00:00,4267.6,4267.6,4257.9,4258.3,5.653,59.0
2026-08-06 03:20:00+00:00,4258.0,4259.4,4257.8,4257.8,2.462,30.0
2026-08-06 03:25:00+00:00,4256.6,4257.5,4254.3,4257.5,1.224,22.0
2026-08-06 03:30:00+00:00,4258.3,4258.9,4257.0,4257.0,1.581,12.0
2026-08-06 03:35:00+00:00,4258.8,4259.1,4257.3,4257.9,0.107,9.0
2026-08-06 03:40:00+00:00,4257.3,4257.3,4255.3,4255.8,0.371,13.0
2026-08-06 03:45:00+00:00,4255.9,4256.2,4254.9,4256.1,0.875,11.0
2026-08-06 03:50:00+00:00,4256.3,4257.0,4255.7,4257.0,0.569,18.0
2026-08-06 03:55:00+00:00,4256.9,4258.9,4256.9,4258.9,1.255,19.0
2026-08-06 04:00:00+00:00,4259.7,4260.0,4256.5,4257.2,2.273,43.0
2026-08-06 04:05:00+00:00,4257.5,4260.0,4257.4,4259.6,3.331,45.0
2026-08-06 04:10:00+00:00,4259.5,4259.8,4257.7,4257.8,0.374,19.0
2026-08-06 04:15:00+00:00,4257.7,4257.7,4255.7,4255.7,3.688,37.0
2026-08-06 04:20:00+00:00,4256.0,4257.1,4255.4,4255.4,7.361,53.0
2026-08-06 04:25:00+00:00,4255.2,4255.8,4247.6,4247.6,8.479,74.0
2026-08-06 04:30:00+00:00,4250.8,4252.8,4250.2,4250.8,9.483,57.0
2026-08-06 04:35:00+00:00,4251.3,4253.8,4251.3,4253.0,5.863,37.0
2026-08-06 04:40:00+00:00,4253.3,4254.1,4251.8,4251.8,4.508,21.0
2026-08-06 04:45:00+00:00,4252.6,4253.9,4252.6,4253.9,1.153,16.0
2026-08-06 04:50:00+00:00,4254.2,4256.1,4252.8,4254.9,4.081,41.0
2026-08-06 04:55:00+00:00,4254.9,4256.7,4254.8,4256.5,3.447,31.0
2026-08-06 05:00:00+00:00,4255.8,4258.0,4253.8,4253.8,11.892,66.0
2026-08-06 05:05:00+00:00,4253.8,4254.8,4253.4,4254.2,5.222,33.0
2026-08-06 05:10:00+00:00,4254.1,4254.2,4250.9,4252.7,5.259,34.0
2026-08-06 05:15:00+00:00,4252.5,4252.5,4250.2,4250.2,4.793,28.0
2026-08-06 05:20:00+00:00,4250.0,4250.1,4247.3,4248.0,1.603,21.0
2026-08-06 05:25:00+00:00,4248.1,4249.3,4247.0,4247.1,13.185,65.0
2026-08-06 05:30:00+00:00,4246.0,4249.5,4240.7,4249.5,9.107,68.0
2026-08-06 05:35:00+00:00,4250.1,4255.1,4249.8,4255.1,3.396,25.0
2026-08-06 05:40:00+00:00,4255.1,4258.1,4254.1,4256.8,1.53,16.0
2026-08-06 05:45:00+00:00,4256.8,4259.2,4255.7,4255.8,3.577,36.0
2026-08-06 05:50:00+00:00,4256.1,4261.2,4255.3,4260.2,4.958,29.0
2026-08-06 05:55:00+00:00,4260.3,4260.3,4258.0,4259.8,1.741,13.0
2026-08-06 06:00:00+00:00,4259.1,4260.9,4258.6,4260.7,2.693,19.0
2026-08-06 06:05:00+00:00,4261.0,4261.6,4255.7,4255.7,5.006,42.0
2026-08-06 06:10:00+00:00,4256.7,4256.7,4250.2,4252.7,8.261,76.0
2026-08-06 06:15:00+00:00,4253.9,4254.0,4248.4,4252.2,3.378,30.0
2026-08-06 06:20:00+00:00,4253.3,4253.3,4249.3,4250.5,4.953,37.0
2026-08-06 06:25:00+00:00,4250.1,4251.1,4249.5,4251.1,2.317,20.0
2026-08-06 06:30:00+00:00,4251.6,4251.6,4248.4,4248.6,2.341,20.0
2026-08-06 06:35:00+00:00,4248.0,4248.0,4247.0,4247.4,0.136,6.0
2026-08-06 06:40:00+00:00,4247.3,4249.9,4245.6,4249.9,0.599,13.0
2026-08-06 06:45:00+00:00,4250.7,4250.7,4248.3,4248.3,1.284,23.0
2026-08-06 06:50:00+00:00,4248.7,4248.7,4244.8,4244.8,0.373,11.0
2026-08-06 06:55:00+00:00,4246.2,4249.0,4246.0,4249.0,0.61,12.0
2026-08-06 07:00:00+00:00,4248.8,4249.5,4247.4,4249.5,1.035,27.0
2026-08-06 07:05:00+00:00,4249.5,4253.5,4249.5,4253.5,0.767,21.0
2026-08-06 07:10:00+00:00,4253.5,4256.5,4253.5,4256.4,1.175,17.0
2026-08-06 07:15:00+00:00,4255.7,4256.8,4255.7,4256.8,0.071,9.0
2026-08-06 07:20:00+00:00,4258.4,4258.4,4254.7,4257.3,1.88,30.0
2026-08-06 07:25:00+00:00,4256.5,4256.8,4256.3,4256.3,0.051,6.0
2026-08-06 07:30:00+00:00,4256.3,4256.3,4254.8,4254.9,0.724,17.0
2026-08-06 07:35:00+00:00,4254.5,4254.5,4251.9,4252.0,0.353,10.0
2026-08-06 07:40:00+00:00,4251.9,4252.3,4250.2,4250.4,1.048,24.0
2026-08-06 07:45:00+00:00,4250.4,4251.1,4249.3,4249.9,3.069,38.0
2026-08-06 07:50:00+00:00,4249.2,4250.9,4248.3,4250.9,1.702,25.0
2026-08-06 07:55:00+00:00,4254.2,4255.9,4254.0,4255.9,1.9,32.0
2026-08-06 08:00:00+00:00,4256.5,4259.7,4255.4,4256.4,3.235,65.0
2026-08-06 08:05:00+00:00,4257.6,4258.3,4257.6,4258.2,0.041,7.0
2026-08-06 08:10:00+00:00,4258.7,4263.3,4258.6,4263.3,17.452,51.0
2026-08-06 08:15:00+00:00,4263.2,4265.1,4263.2,4265.1,0.775,15.0
2026-08-06 08:20:00+00:00,4264.1,4264.2,4259.4,4261.4,4.454,142.0
2026-08-06 08:25:00+00:00,4260.8,4263.7,4259.6,4262.8,5.418,142.0
2026-08-06 08:30:00+00:00,4262.7,4268.5,4262.7,4267.6,6.517,139.0
2026-08-06 08:35:00+00:00,4268.7,4269.9,4266.8,4266.9,8.731,259.0
2026-08-06 08:40:00+00:00,4267.1,4268.5,4265.6,4267.1,2.33,50.0
2026-08-06 08:45:00+00:00,4267.7,4268.9,4266.8,4267.2,1.025,12.0
2026-08-06 08:50:00+00:00,4268.4,4270.0,4267.2,4268.9,1.104,18.0
2026-08-06 08:55:00+00:00,4269.5,4272.2,4269.4,4271.9,2.122,26.0
2026-08-06 09:00:00+00:00,4272.1,4276.8,4272.1,4272.8,0.489,18.0
2026-08-06 09:05:00+00:00,4272.7,4272.8,4270.0,4270.2,1.018,23.0
2026-08-06 09:10:00+00:00,4271.1,4272.6,4270.6,4272.6,0.98,19.0
2026-08-06 09:15:00+00:00,4275.3,4275.8,4275.1,4275.7,0.381,10.0
2026-08-06 09:20:00+00:00,4274.8,4278.4,4274.8,4277.8,14.186,25.0
2026-08-06 09:25:00+00:00,4277.1,4277.1,4273.0,4276.1,0.622,13.0
2026-08-06 09:30:00+00:00,4277.6,4277.6,4272.2,4272.2,0.372,19.0
2026-08-06 09:35:00+00:00,4271.3,4271.7,4270.3,4270.7,0.397,11.0
2026-08-06 09:40:00+00:00,4272.3,4272.5,4266.4,4266.4,0.366,15.0
2026-08-06 09:45:00+00:00,4266.3,4272.2,4266.3,4271.1,6.507,40.0
2026-08-06 09:50:00+00:00,4271.8,4271.8,4266.8,4266.8,0.753,17.0
2026-08-06 09:55:00+00:00,4266.8,4268.0,4266.6,4268.0,1.983,23.0
2026-08-06 10:00:00+00:00,4268.1,4268.3,4266.4,4266.6,2.08,69.0
2026-08-06 10:05:00+00:00,4266.6,4266.6,4264.9,4265.5,5.034,76.0
2026-08-06 10:10:00+00:00,4265.5,4265.6,4264.2,4264.7,3.65,68.0
2026-08-06 10:15:00+00:00,4264.5,4264.5,4262.6,4263.5,1.678,40.0
2026-08-06 10:20:00+00:00,4263.5,4265.0,4263.0,4265.0,0.834,18.0
2026-08-06 10:25:00+00:00,4265.1,4265.1,4263.2,4263.2,0.169,9.0
2026-08-06 10:30:00+00:00,4263.2,4263.8,4261.5,4262.9,1.359,39.0
2026-08-06 10:35:00+00:00,4262.9,4262.9,4262.3,4262.6,0.234,5.0
2026-08-06 10:40:00+00:00,4262.6,4263.8,4260.8,4261.0,1.283,19.0
2026-08-06 10:45:00+00:00,4260.1,4263.0,4260.0,4263.0,8.951,48.0
2026-08-06 10:50:00+00:00,4262.9,4264.0,4262.9,4264.0,0.795,21.0
2026-08-06 10:55:00+00:00,4264.3,4265.1,4263.8,4264.9,0.167,6.0
2026-08-06 11:00:00+00:00,4266.6,4266.6,4264.4,4264.4,0.494,11.0
2026-08-06 11:05:00+00:00,4262.3,4262.7,4260.3,4261.4,0.278,10.0
2026-08-06 11:10:00+00:00,4261.9,4262.5,4261.6,4262.5,0.137,13.0
2026-08-06 11:15:00+00:00,4262.9,4265.2,4259.9,4259.9,0.185,15.0
2026-08-06 11:20:00+00:00,4259.7,4261.2,4256.1,4256.3,6.833,58.0
2026-08-06 11:25:00+00:00,4256.3,4258.1,4256.3,4257.5,1.058,18.0
2026-08-06 11:30:00+00:00,4257.6,4260.7,4257.6,4259.0,1.773,33.0
2026-08-06 11:35:00+00:00,4258.9,4260.7,4256.3,4256.3,0.91,12.0
2026-08-06 11:40:00+00:00,4255.6,4255.6,4253.9,4255.2,0.982,17.0
2026-08-06 11:45:00+00:00,4254.7,4254.8,4250.7,4251.3,1.638,24.0
2026-08-06 11:50:00+00:00,4251.0,4251.3,4248.9,4248.9,1.937,22.0
2026-08-06 11:55:00+00:00,4250.5,4257.0,4250.3,4257.0,0.464,13.0
2026-08-06 12:00:00+00:00,4258.1,4259.1,4255.7,4259.1,7.028,25.0
2026-08-06 12:05:00+00:00,4257.3,4257.3,4251.8,4251.8,0.867,9.0
2026-08-06 12:10:00+00:00,4251.6,4252.6,4249.8,4250.4,2.749,42.0
2026-08-06 12:15:00+00:00,4250.4,4250.7,4248.3,4250.6,2.044,47.0
2026-08-06 12:20:00+00:00,4251.2,4256.3,4251.2,4255.2,1.196,37.0
2026-08-06 12:25:00+00:00,4254.6,4254.6,4251.5,4254.3,2.331,34.0
2026-08-06 12:30:00+00:00,4255.4,4262.8,4253.0,4260.9,1.494,33.0
2026-08-06 12:35:00+00:00,4260.9,4263.6,4260.8,4263.6,4.17,39.0
2026-08-06 12:40:00+00:00,4263.4,4263.4,4261.1,4261.1,1.352,23.0
2026-08-06 12:45:00+00:00,4261.2,4261.2,4250.0,4250.4,1.524,28.0
2026-08-06 12:50:00+00:00,4250.1,4250.1,4246.3,4246.3,2.128,34.0
2026-08-06 12:55:00+00:00,4246.9,4249.1,4244.4,4244.8,5.609,56.0
2026-08-06 13:00:00+00:00,4244.7,4249.8,4243.8,4246.4,5.008,71.0
2026-08-06 13:05:00+00:00,4246.6,4246.6,4225.6,4225.7,9.675,128.0
2026-08-06 13:10:00+00:00,4226.6,4233.2,4225.6,4232.7,1.009,32.0
2026-08-06 13:15:00+00:00,4232.4,4237.5,4230.7,4237.5,1.369,31.0
2026-08-06 13:20:00+00:00,4237.7,4241.7,4236.2,4237.3,2.982,54.0
2026-08-06 13:25:00+00:00,4235.4,4241.6,4234.6,4241.4,1.065,31.0
2026-08-06 13:30:00+00:00,4242.8,4244.5,4240.3,4244.3,1.08,34.0
2026-08-06 13:35:00+00:00,4245.6,4257.5,4245.6,4252.3,2.187,55.0
2026-08-06 13:40:00+00:00,4252.4,4267.5,4252.4,4263.7,1.549,45.0
2026-08-06 13:45:00+00:00,4263.3,4263.3,4256.5,4256.5,3.02,38.0
2026-08-06 13:50:00+00:00,4257.7,4260.7,4256.6,4258.9,1.053,32.0
2026-08-06 13:55:00+00:00,4260.5,4263.0,4260.3,4261.1,2.054,25.0
2026-08-06 14:00:00+00:00,4261.3,4264.5,4260.6,4260.8,1.251,25.0
2026-08-06 14:05:00+00:00,4258.6,4264.2,4257.9,4258.5,1.371,22.0
2026-08-06 14:10:00+00:00,4260.4,4268.4,4260.4,4261.3,1.675,36.0
2026-08-06 14:15:00+00:00,4261.8,4261.8,4255.6,4259.0,0.584,22.0
2026-08-06 14:20:00+00:00,4259.2,4259.2,4254.7,4254.7,1.083,18.0
2026-08-06 14:25:00+00:00,4254.9,4260.8,4253.1,4258.5,99.216,400.0
2026-08-06 14:30:00+00:00,4259.2,4266.7,4259.2,4265.2,1.793,41.0
2026-08-06 14:35:00+00:00,4266.7,4267.4,4263.0,4263.0,1.2,30.0
2026-08-06 14:40:00+00:00,4264.1,4267.6,4263.8,4266.6,5.659,54.0
2026-08-06 14:45:00+00:00,4265.0,4267.8,4258.7,4258.8,1.528,36.0
2026-08-06 14:50:00+00:00,4257.9,4262.8,4256.9,4262.8,4.985,51.0
2026-08-06 14:55:00+00:00,4264.6,4264.6,4260.7,4264.5,0.888,24.0
2026-08-06 15:00:00+00:00,4265.8,4266.2,4261.8,4263.1,0.852,27.0
2026-08-06 15:05:00+00:00,4262.7,4263.3,4259.2,4259.2,0.527,18.0
2026-08-06 15:10:00+00:00,4260.4,4261.6,4256.1,4257.1,1.639,25.0
2026-08-06 15:15:00+00:00,4256.6,4256.6,4250.0,4250.0,1.07,28.0
2026-08-06 15:20:00+00:00,4250.0,4250.9,4244.7,4247.7,10.995,71.0
2026-08-06 15:25:00+00:00,4247.7,4251.2,4247.0,4247.3,0.676,22.0
2026-08-06 15:30:00+00:00,4247.3,4247.3,4242.3,4242.3,10.954,74.0
2026-08-06 15:35:00+00:00,4242.0,4244.9,4240.0,4244.9,9.889,85.0
2026-08-06 15:40:00+00:00,4245.0,4245.1,4241.8,4244.3,3.761,27.0
2026-08-06 15:45:00+00:00,4244.7,4244.7,4241.5,4241.7,1.859,21.0
2026-08-06 15:50:00+00:00,4241.7,4242.4,4228.2,4228.2,2.671,39.0
2026-08-06 15:55:00+00:00,4228.3,4230.8,4222.1,4226.7,39.285,164.0
2026-08-06 16:00:00+00:00,4226.8,4231.7,4226.7,4229.8,5.758,47.0
2026-08-06 16:05:00+00:00,4231.3,4236.1,4231.2,4235.4,1.014,22.0
2026-08-06 16:10:00+00:00,4235.4,4235.7,4226.0,4226.3,0.77,18.0
2026-08-06 16:15:00+00:00,4226.4,4226.9,4218.7,4220.6,3.736,61.0
2026-08-06 16:20:00+00:00,4220.9,4221.9,4218.0,4218.4,1.566,28.0
2026-08-06 16:25:00+00:00,4218.4,4224.8,4218.4,4224.2,1.92,23.0
2026-08-06 16:30:00+00:00,4226.0,4227.4,4225.0,4225.9,2.355,35.0
2026-08-06 16:35:00+00:00,4227.3,4229.4,4226.4,4229.4,1.732,28.0
2026-08-06 16:40:00+00:00,4229.1,4229.2,4227.2,4227.6,0.36,19.0
2026-08-06 16:45:00+00:00,4228.2,4230.0,4226.4,4229.9,0.88,25.0
2026-08-06 16:50:00+00:00,4230.0,4231.9,4230.0,4231.8,1.124,29.0
2026-08-06 16:55:00+00:00,4234.7,4238.5,4234.6,4237.0,3.122,38.0
2026-08-06 17:00:00+00:00,4237.4,4238.0,4236.1,4236.7,1.137,26.0
2026-08-06 17:05:00+00:00,4236.7,4238.6,4236.7,4238.6,0.701,28.0
2026-08-06 17:10:00+00:00,4238.7,4239.6,4236.8,4236.8,0.277,16.0
2026-08-06 17:15:00+00:00,4236.8,4236.8,4235.8,4236.6,0.718,17.0
2026-08-06 17:20:00+00:00,4237.3,4237.3,4235.0,4235.2,0.422,16.0
2026-08-06 17:25:00+00:00,4237.4,4237.7,4235.3,4236.2,0.287,16.0
2026-08-06 17:30:00+00:00,4236.3,4236.3,4234.4,4234.7,1.313,34.0
2026-08-06 17:35:00+00:00,4235.9,4237.3,4234.1,4236.6,0.436,26.0
2026-08-06 17:40:00+00:00,4237.4,4237.4,4236.1,4237.0,0.288,13.0
2026-08-06 17:45:00+00:00,4237.1,4237.1,4235.8,4236.6,0.412,21.0
2026-08-06 17:50:00+00:00,4237.3,4242.0,4237.2,4241.3,0.881,24.0
2026-08-06 17:55:00+00:00,4241.5,4241.7,4240.7,4241.7,0.367,16.0
2026-08-06 18:00:00+00:00,4242.2,4242.2,4239.4,4239.4,0.408,18.0
2026-08-06 18:05:00+00:00,4240.2,4243.3,4240.2,4243.2,0.092,15.0
2026-08-06 18:10:00+00:00,4243.2,4243.2,4241.4,4241.9,1.01,25.0
2026-08-06 18:15:00+00:00,4241.6,4243.3,4241.4,4242.5,0.278,14.0
2026-08-06 18:20:00+00:00,4242.5,4243.3,4241.5,4242.2,0.377,13.0
2026-08-06 18:25:00+00:00,4242.2,4242.2,4240.7,4240.7,0.278,12.0
2026-08-06 18:30:00+00:00,4240.9,4241.8,4237.5,4237.5,0.112,15.0
2026-08-06 18:35:00+00:00,4237.6,4238.2,4236.7,4237.9,0.072,11.0
2026-08-06 18:40:00+00:00,4237.9,4238.1,4235.2,4236.3,0.591,17.0
2026-08-06 18:45:00+00:00,4236.3,4239.0,4236.3,4239.0,0.092,14.0
2026-08-06 18:50:00+00:00,4239.1,4239.8,4236.1,4236.1,0.824,22.0
2026-08-06 18:55:00+00:00,4235.3,4237.2,4235.3,4237.2,0.048,12.0
2026-08-06 19:00:00+00:00,4237.9,4243.3,4237.6,4243.1,0.116,14.0
2026-08-06 19:05:00+00:00,4243.1,4243.3,4242.3,4243.3,0.055,11.0
2026-08-06 19:10:00+00:00,4243.4,4245.5,4242.6,4242.6,0.727,20.0
2026-08-06 19:15:00+00:00,4242.6,4243.6,4240.1,4240.1,2.037,24.0
2026-08-06 19:20:00+00:00,4240.3,4241.7,4234.2,4234.7,2.36,30.0
2026-08-06 19:25:00+00:00,4233.7,4235.3,4230.7,4231.5,4.046,31.0
2026-08-06 19:30:00+00:00,4231.7,4232.5,4230.5,4232.5,0.694,16.0
2026-08-06 19:35:00+00:00,4233.3,4233.3,4230.8,4231.3,0.707,24.0
2026-08-06 19:40:00+00:00,4231.1,4231.1,4228.2,4229.4,0.896,19.0
2026-08-06 19:45:00+00:00,4230.3,4233.1,4230.3,4232.4,0.939,21.0
2026-08-06 19:50:00+00:00,4233.2,4244.5,4232.5,4242.7,4.673,63.0
2026-08-06 19:55:00+00:00,4239.6,4243.6,4239.6,4243.6,2.511,43.0
2026-08-06 20:00:00+00:00,4244.1,4245.5,4242.3,4242.3,0.974,30.0
2026-08-06 20:05:00+00:00,4242.4,4242.4,4240.7,4240.7,1.189,28.0
2026-08-06 20:10:00+00:00,4240.8,4241.4,4238.4,4238.4,1.295,28.0
2026-08-06 20:15:00+00:00,4238.5,4240.8,4238.4,4239.4,3.688,36.0
2026-08-06 20:20:00+00:00,4239.5,4239.5,4237.5,4237.5,1.712,29.0
2026-08-06 20:25:00+00:00,4238.1,4238.1,4235.1,4236.3,1.007,27.0
2026-08-06 20:30:00+00:00,4236.4,4236.4,4236.3,4236.3,0.368,21.0
2026-08-06 20:35:00+00:00,4236.7,4237.4,4235.2,4235.2,0.643,23.0
2026-08-06 20:40:00+00:00,4235.3,4235.3,4230.0,4230.0,0.702,29.0
2026-08-06 20:45:00+00:00,4230.1,4233.7,4230.1,4232.0,0.157,14.0
2026-08-06 20:50:00+00:00,4231.4,4235.9,4231.4,4235.9,0.541,28.0
2026-08-06 20:55:00+00:00,4235.2,4235.9,4234.7,4234.7,0.255,18.0
2026-08-06 21:00:00+00:00,4235.7,4236.5,4235.5,4235.9,0.119,13.0
2026-08-06 21:05:00+00:00,4236.4,4236.4,4235.7,4235.7,0.042,11.0
2026-08-06 21:10:00+00:00,4235.7,4237.1,4235.7,4237.1,0.053,12.0
2026-08-06 21:15:00+00:00,4237.1,4237.5,4237.1,4237.4,0.075,12.0
2026-08-06 21:20:00+00:00,4237.4,4237.8,4237.4,4237.4,0.364,23.0
2026-08-06 21:25:00+00:00,4237.5,4238.2,4237.4,4238.2,0.079,16.0
2026-08-06 21:30:00+00:00,4238.3,4238.3,4237.5,4237.5,0.115,13.0
2026-08-06 21:35:00+00:00,4237.5,4237.6,4237.4,4237.4,0.045,12.0
2026-08-06 21:40:00+00:00,4237.5,4237.5,4234.0,4234.0,0.072,13.0
2026-08-06 21:45:00+00:00,4233.6,4233.8,4232.7,4233.5,0.165,13.0
2026-08-06 21:50:00+00:00,4233.5,4233.9,4233.3,4233.3,0.039,11.0
2026-08-06 21:55:00+00:00,4233.3,4233.8,4233.3,4233.5,0.042,12.0
2026-08-06 22:00:00+00:00,4234.1,4234.1,4230.5,4230.5,0.565,22.0
2026-08-06 22:05:00+00:00,4230.7,4231.8,4230.7,4231.8,0.039,10.0
2026-08-06 22:10:00+00:00,4231.8,4232.9,4231.3,4232.7,0.171,14.0
2026-08-06 22:15:00+00:00,4233.1,4235.5,4233.1,4234.8,0.435,16.0
2026-08-06 22:20:00+00:00,4235.5,4236.3,4233.9,4236.3,0.278,12.0
2026-08-06 22:25:00+00:00,4236.3,4236.7,4235.9,4236.3,0.039,10.0
2026-08-06 22:30:00+00:00,4236.6,4236.8,4235.5,4235.5,0.285,13.0
2026-08-06 22:35:00+00:00,4236.0,4236.0,4234.4,4234.4,0.183,14.0
2026-08-06 22:40:00+00:00,4234.9,4234.9,4234.1,4234.1,0.049,11.0
2026-08-06 22:45:00+00:00,4234.1,4235.6,4233.3,4235.6,0.284,14.0
2026-08-06 22:50:00+00:00,4235.6,4236.2,4235.5,4235.9,0.054,12.0
2026-08-06 22:55:00+00:00,4236.2,4236.2,4235.8,4235.8,0.042,11.0
2026-08-06 23:00:00+00:00,4235.8,4236.4,4234.2,4235.7,0.852,23.0
2026-08-06 23:05:00+00:00,4236.3,4238.3,4236.3,4237.7,0.09,15.0
2026-08-06 23:10:00+00:00,4237.7,4238.5,4237.5,4238.5,0.237,15.0
2026-08-06 23:15:00+00:00,4239.0,4240.4,4239.0,4240.4,8.118,30.0
2026-08-06 23:20:00+00:00,4240.4,4240.9,4240.4,4240.5,0.642,20.0
2026-08-06 23:25:00+00:00,4240.5,4241.1,4237.7,4239.0,10.747,51.0
2026-08-06 23:30:00+00:00,4239.0,4242.7,4239.0,4241.6,3.22,57.0
2026-08-06 23:35:00+00:00,4242.2,4242.7,4240.9,4240.9,10.353,68.0
2026-08-06 23:40:00+00:00,4241.4,4242.3,4240.2,4241.5,1.273,43.0
2026-08-06 23:45:00+00:00,4241.5,4243.1,4240.5,4243.0,8.268,32.0
2026-08-06 23:50:00+00:00,4243.6,4245.5,4243.4,4245.5,0.103,15.0
2026-08-06 23:55:00+00:00,4245.5,4248.1,4245.5,4247.4,8.81,33.0
2026-08-07 00:00:00+00:00,4247.5,4247.5,4243.1,4244.9,4.958,72.0
2026-08-07 00:05:00+00:00,4244.9,4246.3,4244.6,4244.9,1.008,24.0
2026-08-07 00:10:00+00:00,4244.9,4244.9,4239.0,4239.5,2.678,44.0
2026-08-07 00:15:00+00:00,4240.7,4240.8,4236.3,4236.5,1.347,36.0
2026-08-07 00:20:00+00:00,4236.6,4238.7,4234.7,4235.0,1.27,43.0
2026-08-07 00:25:00+00:00,4235.0,4238.0,4234.5,4238.0,1.153,45.0
2026-08-07 00:30:00+00:00,4238.0,4238.0,4235.7,4235.7,1.452,61.0
2026-08-07 00:35:00+00:00,4236.7,4237.0,4230.4,4230.6,2.311,87.0
2026-08-07 00:40:00+00:00,4230.6,4230.6,4225.8,4229.5,5.076,109.0
2026-08-07 00:45:00+00:00,4229.6,4231.4,4226.4,4226.7,1.665,35.0
2026-08-07 00:50:00+00:00,4225.7,4228.6,4225.6,4227.8,1.412,30.0
2026-08-07 00:55:00+00:00,4227.8,4227.8,4224.8,4226.0,1.58,36.0
2026-08-07 01:00:00+00:00,4226.1,4236.6,4226.1,4236.6,3.148,45.0
2026-08-07 01:05:00+00:00,4234.1,4239.9,4234.1,4236.5,1.41,31.0
2026-08-07 01:10:00+00:00,4237.1,4239.0,4235.6,4239.0,1.329,33.0
2026-08-07 01:15:00+00:00,4239.0,4239.9,4237.4,4239.0,1.491,34.0
2026-08-07 01:20:00+00:00,4238.4,4243.5,4235.2,4235.3,3.888,58.0
2026-08-07 01:25:00+00:00,4235.9,4239.4,4235.0,4237.9,3.512,38.0
2026-08-07 01:30:00+00:00,4238.0,4239.3,4234.4,4237.3,7.833,85.0
2026-08-07 01:35:00+00:00,4237.0,4239.5,4235.9,4239.5,3.451,49.0
2026-08-07 01:40:00+00:00,4241.2,4251.5,4241.2,4250.8,3.024,47.0
2026-08-07 01:45:00+00:00,4250.8,4252.1,4247.1,4247.7,3.34,40.0
2026-08-07 01:50:00+00:00,4247.7,4248.9,4247.1,4247.7,8.32,83.0
2026-08-07 01:55:00+00:00,4247.7,4252.1,4247.7,4250.4,0.891,19.0
2026-08-07 02:00:00+00:00,4250.8,4255.6,4250.4,4255.6,5.661,68.0
2026-08-07 02:05:00+00:00,4255.6,4255.6,4252.9,4253.4,2.063,42.0
2026-08-07 02:10:00+00:00,4253.4,4253.5,4252.2,4253.3,1.197,26.0
2026-08-07 02:15:00+00:00,4253.3,4255.0,4252.0,4252.1,1.857,27.0
2026-08-07 02:20:00+00:00,4252.1,4254.7,4251.9,4254.5,0.803,18.0
2026-08-07 02:25:00+00:00,4254.7,4254.8,4254.0,4254.7,0.943,22.0
2026-08-07 02:30:00+00:00,4255.3,4255.3,4251.3,4251.3,1.784,34.0
2026-08-07 02:35:00+00:00,4251.3,4251.3,4247.1,4247.1,19.139,162.0
2026-08-07 02:40:00+00:00,4247.1,4247.9,4244.8,4245.0,6.477,69.0
2026-08-07 02:45:00+00:00,4244.5,4246.4,4241.5,4245.2,1.51,42.0
2026-08-07 02:50:00+00:00,4245.8,4248.9,4245.8,4247.9,0.685,18.0
2026-08-07 02:55:00+00:00,4248.4,4249.6,4244.2,4244.5,1.198,23.0
2026-08-07 03:00:00+00:00,4244.7,4252.7,4244.7,4252.5,0.743,29.0
2026-08-07 03:05:00+00:00,4251.8,4253.0,4250.6,4251.6,0.822,19.0
2026-08-07 03:10:00+00:00,4251.6,4251.7,4249.4,4250.4,0.931,25.0
2026-08-07 03:15:00+00:00,4249.3,4249.8,4247.5,4248.6,1.128,24.0
2026-08-07 03:20:00+00:00,4248.8,4249.9,4247.6,4249.5,0.801,21.0
2026-08-07 03:25:00+00:00,4249.5,4252.2,4249.5,4252.2,0.633,20.0
2026-08-07 03:30:00+00:00,4253.6,4254.9,4253.2,4254.1,1.074,21.0
2026-08-07 03:35:00+00:00,4254.1,4255.2,4252.7,4255.2,2.597,19.0
2026-08-07 03:40:00+00:00,4255.2,4255.4,4255.2,4255.3,0.357,11.0
2026-08-07 03:45:00+00:00,4255.3,4255.4,4253.7,4255.4,1.37,18.0
2026-08-07 03:50:00+00:00,4255.4,4255.4,4253.7,4253.9,0.625,15.0
2026-08-07 03:55:00+00:00,4254.2,4259.7,4253.9,4259.7,0.839,24.0
2026-08-07 04:00:00+00:00,4259.9,4262.3,4257.0,4258.8,1.968,37.0
2026-08-07 04:05:00+00:00,4259.8,4260.9,4259.2,4260.9,1.007,19.0
2026-08-07 04:10:00+00:00,4261.9,4261.9,4259.5,4261.0,0.417,15.0
2026-08-07 04:15:00+00:00,4260.7,4261.2,4256.5,4256.5,0.463,14.0
2026-08-07 04:20:00+00:00,4256.7,4260.5,4256.0,4259.9,0.433,17.0
2026-08-07 04:25:00+00:00,4259.3,4260.0,4258.1,4259.9,0.36,11.0
2026-08-07 04:30:00+00:00,4258.5,4261.6,4257.6,4261.2,0.374,15.0
2026-08-07 04:35:00+00:00,4261.3,4261.4,4258.4,4258.4,0.363,12.0
2026-08-07 04:40:00+00:00,4257.7,4258.8,4255.4,4258.0,0.801,16.0
2026-08-07 04:45:00+00:00,4257.7,4257.8,4256.5,4257.5,0.38,14.0
2026-08-07 04:50:00+00:00,4257.6,4259.4,4257.6,4259.4,0.574,15.0
2026-08-07 04:55:00+00:00,4260.5,4260.5,4258.6,4258.6,0.682,19.0
2026-08-07 05:00:00+00:00,4258.8,4259.7,4257.8,4259.7,4.52,25.0
2026-08-07 05:05:00+00:00,4259.0,4259.7,4255.8,4259.7,0.476,14.0
2026-08-07 05:10:00+00:00,4260.3,4263.7,4260.3,4263.7,0.452,17.0
2026-08-07 05:15:00+00:00,4263.2,4263.5,4261.9,4261.9,0.455,15.0
2026-08-07 05:20:00+00:00,4261.7,4262.2,4259.3,4259.3,2.848,27.0
2026-08-07 05:25:00+00:00,4259.7,4260.9,4258.0,4259.2,0.481,13.0
2026-08-07 05:30:00+00:00,4260.9,4269.5,4260.8,4267.8,1.581,28.0
2026-08-07 05:35:00+00:00,4267.9,4270.0,4267.5,4267.7,0.785,20.0
2026-08-07 05:40:00+00:00,4267.3,4267.3,4264.9,4264.9,0.368,17.0
2026-08-07 05:45:00+00:00,4265.5,4268.7,4265.5,4268.7,0.27,11.0
2026-08-07 05:50:00+00:00,4270.0,4271.7,4267.9,4267.9,0.579,14.0
2026-08-07 05:55:00+00:00,4272.4,4273.9,4271.5,4272.0,5.05,28.0
2026-08-07 06:00:00+00:00,4272.7,4275.3,4272.6,4275.3,0.568,13.0
2026-08-07 06:05:00+00:00,4276.7,4277.4,4275.8,4276.5,9.816,29.0
2026-08-07 06:10:00+00:00,4276.7,4284.6,4276.7,4280.7,1.23,28.0
2026-08-07 06:15:00+00:00,4280.7,4283.9,4279.6,4282.8,0.083,9.0
2026-08-07 06:20:00+00:00,4282.8,4284.8,4281.4,4281.4,1.639,28.0
2026-08-07 06:25:00+00:00,4281.0,4281.0,4276.7,4276.9,2.305,19.0
2026-08-07 06:30:00+00:00,4276.6,4278.7,4274.1,4278.7,3.364,27.0
2026-08-07 06:35:00+00:00,4278.7,4285.8,4278.7,4284.9,3.472,76.0
2026-08-07 06:40:00+00:00,4286.1,4287.9,4285.7,4286.1,1.333,24.0
2026-08-07 06:45:00+00:00,4285.3,4288.0,4285.3,4286.4,6.18,32.0
2026-08-07 06:50:00+00:00,4283.6,4288.1,4283.5,4286.8,1.989,23.0
2026-08-07 06:55:00+00:00,4286.6,4290.0,4286.6,4289.5,2.779,28.0
2026-08-07 07:00:00+00:00,4289.3,4289.8,4286.5,4287.3,2.094,20.0
2026-08-07 07:05:00+00:00,4287.2,4287.2,4283.8,4284.8,2.57,29.0
2026-08-07 07:10:00+00:00,4283.9,4286.3,4283.9,4284.4,0.565,14.0
2026-08-07 07:15:00+00:00,4284.8,4285.8,4283.3,4285.6,2.421,17.0
2026-08-07 07:20:00+00:00,4285.7,4285.9,4283.4,4283.4,0.36,13.0
2026-08-07 07:25:00+00:00,4283.0,4283.0,4280.5,4280.9,0.741,9.0
2026-08-07 07:30:00+00:00,4280.5,4281.4,4279.3,4281.2,7.47,28.0
2026-08-07 07:35:00+00:00,4283.1,4283.1,4281.3,4281.3,0.14,7.0
2026-08-07 07:40:00+00:00,4279.1,4280.9,4279.0,4279.0,0.785,17.0
2026-08-07 07:45:00+00:00,4280.0,4280.0,4278.4,4278.7,0.049,7.0
2026-08-07 07:50:00+00:00,4279.7,4280.3,4278.8,4280.3,0.058,7.0
2026-08-07 07:55:00+00:00,4280.8,4294.3,4280.8,4286.7,305.407,151.0
2026-08-07 08:00:00+00:00,4285.9,4289.5,4284.9,4289.5,7.492,43.0
2026-08-07 08:05:00+00:00,4289.5,4291.8,4289.5,4290.7,3.302,41.0
2026-08-07 08:10:00+00:00,4290.6,4295.3,4290.6,4295.3,0.553,24.0
2026-08-07 08:15:00+00:00,4295.7,4296.6,4294.3,4294.6,6.995,193.0
2026-08-07 08:20:00+00:00,4294.6,4294.6,4291.7,4291.9,7.707,181.0
2026-08-07 08:25:00+00:00,4292.0,4292.0,4290.5,4290.5,7.688,189.0
2026-08-07 08:30:00+00:00,4290.6,4311.7,4290.6,4308.8,97.601,235.0
2026-08-07 08:35:00+00:00,4308.9,4310.6,4296.6,4300.1,31.1,218.0
2026-08-07 08:40:00+00:00,4299.9,4304.4,4299.9,4303.3,3.475,42.0
2026-08-07 08:45:00+00:00,4303.3,4305.2,4302.3,4302.3,1.431,34.0
2026-08-07 08:50:00+00:00,4301.5,4301.6,4298.7,4298.7,0.99,29.0
2026-08-07 08:55:00+00:00,4298.7,4301.9,4298.7,4301.4,0.505,20.0
2026-08-07 09:00:00+00:00,4301.0,4302.6,4299.9,4300.9,0.51,28.0
2026-08-07 09:05:00+00:00,4301.0,4301.4,4300.2,4300.7,0.874,21.0
2026-08-07 09:10:00+00:00,4301.2,4302.2,4300.4,4301.1,1.102,27.0
2026-08-07 09:15:00+00:00,4301.2,4303.1,4300.2,4303.0,1.798,32.0
2026-08-07 09:20:00+00:00,4301.9,4305.7,4301.7,4305.7,2.054,31.0
2026-08-07 09:25:00+00:00,4305.6,4305.7,4300.7,4300.7,2.635,30.0
2026-08-07 09:30:00+00:00,4301.0,4302.5,4297.9,4299.0,3.953,41.0
2026-08-07 09:35:00+00:00,4299.5,4303.3,4298.0,4303.0,2.044,36.0
2026-08-07 09:40:00+00:00,4305.1,4312.1,4304.4,4312.1,8.546,54.0
2026-08-07 09:45:00+00:00,4312.1,4314.9,4310.9,4310.9,3.572,49.0
2026-08-07 09:50:00+00:00,4311.8,4315.2,4311.8,4313.4,16.853,122.0
2026-08-07 09:55:00+00:00,4313.4,4314.6,4310.2,4311.6,15.252,122.0
2026-08-07 10:00:00+00:00,4311.6,4314.5,4310.2,4312.9,20.484,130.0
2026-08-07 10:05:00+00:00,4312.9,4312.9,4308.7,4309.1,10.281,70.0
2026-08-07 10:10:00+00:00,4308.6,4308.9,4303.9,4303.9,11.627,72.0
2026-08-07 10:15:00+00:00,4304.5,4308.3,4304.1,4307.9,12.683,82.0
2026-08-07 10:20:00+00:00,4308.5,4308.8,4306.6,4307.1,8.786,59.0
2026-08-07 10:25:00+00:00,4307.2,4308.8,4307.2,4308.8,7.448,61.0
2026-08-07 10:30:00+00:00,4308.8,4311.2,4308.4,4310.7,9.475,55.0
2026-08-07 10:35:00+00:00,4309.9,4312.8,4309.4,4312.5,12.614,41.0
2026-08-07 10:40:00+00:00,4312.4,4312.4,4308.2,4310.8,21.583,75.0
2026-08-07 10:45:00+00:00,4310.5,4313.2,4310.5,4313.2,7.028,45.0
2026-08-07 10:50:00+00:00,4313.2,4314.0,4311.3,4311.4,2.448,33.0
2026-08-07 10:55:00+00:00,4311.3,4311.7,4310.7,4311.0,2.576,37.0
2026-08-07 11:00:00+00:00,4311.8,4317.5,4311.7,4317.3,9.138,84.0
2026-08-07 11:05:00+00:00,4317.3,4319.7,4316.8,4319.6,1.874,43.0
2026-08-07 11:10:00+00:00,4318.6,4319.8,4314.6,4314.6,0.746,32.0
2026-08-07 11:15:00+00:00,4314.9,4315.2,4311.7,4314.3,0.844,28.0
2026-08-07 11:20:00+00:00,4315.1,4319.6,4315.1,4319.3,1.126,31.0
2026-08-07 11:25:00+00:00,4319.3,4321.0,4318.8,4319.7,12.9,132.0
2026-08-07 11:30:00+00:00,4319.6,4321.7,4319.6,4320.2,3.329,48.0
2026-08-07 11:35:00+00:00,4319.1,4319.3,4315.5,4317.8,1.257,34.0
2026-08-07 11:40:00+00:00,4317.8,4319.4,4317.4,4317.4,3.415,47.0
2026-08-07 11:45:00+00:00,4318.0,4319.6,4316.9,4319.1,3.827,76.0
2026-08-07 11:50:00+00:00,4318.9,4320.8,4315.8,4319.8,4.336,47.0
2026-08-07 11:55:00+00:00,4319.8,4320.7,4315.2,4315.3,3.819,39.0
2026-08-07 12:00:00+00:00,4315.3,4318.9,4313.9,4314.1,8.717,113.0
2026-08-07 12:05:00+00:00,4314.2,4314.2,4310.1,4312.0,1.137,50.0
2026-08-07 12:10:00+00:00,4312.1,4315.8,4309.1,4309.1,2.873,50.0
2026-08-07 12:15:00+00:00,4309.5,4309.6,4306.5,4307.0,1.524,39.0
2026-08-07 12:20:00+00:00,4309.7,4310.0,4305.0,4305.0,1.143,40.0
2026-08-07 12:25:00+00:00,4305.0,4308.6,4283.5,4301.4,28.242,145.0
2026-08-07 12:30:00+00:00,4301.7,4354.5,4301.0,4351.6,100.92,545.0
2026-08-07 12:35:00+00:00,4350.1,4355.9,4343.1,4355.0,6.441,125.0
2026-08-07 12:40:00+00:00,4354.6,4359.8,4352.9,4356.4,5.617,64.0
2026-08-07 12:45:00+00:00,4357.1,4362.0,4356.4,4358.3,4.418,56.0
2026-08-07 12:50:00+00:00,4358.7,4360.0,4355.0,4359.6,1.489,35.0
2026-08-07 12:55:00+00:00,4354.8,4354.8,4346.5,4351.5,1.969,47.0
2026-08-07 13:00:00+00:00,4352.4,4352.8,4339.8,4339.8,4.39,72.0
2026-08-07 13:05:00+00:00,4340.5,4343.7,4339.0,4340.3,1.209,45.0
2026-08-07 13:10:00+00:00,4340.8,4340.8,4338.1,4339.9,4.698,33.0
2026-08-07 13:15:00+00:00,4339.4,4339.7,4331.5,4335.4,1.714,47.0
2026-08-07 13:20:00+00:00,4339.8,4343.9,4339.5,4343.4,1.482,42.0
2026-08-07 13:25:00+00:00,4341.9,4347.8,4340.9,4347.8,2.921,40.0
2026-08-07 13:30:00+00:00,4347.4,4349.4,4342.5,4344.3,16.95,75.0
2026-08-07 13:35:00+00:00,4345.9,4356.8,4343.0,4355.7,2.127,43.0
2026-08-07 13:40:00+00:00,4355.4,4358.3,4348.9,4348.9,1.441,33.0
2026-08-07 13:45:00+00:00,4350.3,4350.5,4344.0,4344.7,1.537,34.0
2026-08-07 13:50:00+00:00,4343.2,4347.1,4343.2,4344.8,1.203,28.0
2026-08-07 13:55:00+00:00,4344.7,4346.9,4334.2,4337.8,3.842,52.0
2026-08-07 14:00:00+00:00,4338.9,4339.2,4325.2,4326.0,9.39,134.0
2026-08-07 14:05:00+00:00,4324.8,4329.5,4322.3,4328.9,5.438,59.0
2026-08-07 14:10:00+00:00,4329.7,4332.6,4320.3,4323.0,2.378,57.0
2026-08-07 14:15:00+00:00,4326.0,4338.2,4322.2,4337.0,2.892,54.0
2026-08-07 14:20:00+00:00,4337.6,4342.5,4336.2,4341.3,4.462,33.0
2026-08-07 14:25:00+00:00,4342.7,4343.8,4340.1,4341.0,2.396,55.0
2026-08-07 14:30:00+00:00,4340.9,4340.9,4336.6,4340.1,0.208,15.0
2026-08-07 14:35:00+00:00,4339.1,4340.3,4335.3,4335.3,0.572,29.0
2026-08-07 14:40:00+00:00,4335.5,4341.1,4335.3,4335.6,2.936,61.0
2026-08-07 14:45:00+00:00,4335.3,4337.9,4332.6,4333.4,14.066,68.0
2026-08-07 14:50:00+00:00,4334.7,4339.5,4334.7,4338.3,0.226,16.0
2026-08-07 14:55:00+00:00,4336.9,4338.1,4332.8,4332.8,1.102,31.0
2026-08-07 15:00:00+00:00,4332.7,4339.9,4332.7,4337.0,1.154,42.0
2026-08-07 15:05:00+00:00,4337.0,4344.1,4336.7,4344.1,1.68,52.0
2026-08-07 15:10:00+00:00,4339.7,4346.8,4338.8,4346.8,0.93,29.0
2026-08-07 15:15:00+00:00,4346.6,4347.9,4344.9,4345.8,0.705,27.0
2026-08-07 15:20:00+00:00,4346.7,4349.0,4346.3,4348.0,0.497,17.0
2026-08-07 15:25:00+00:00,4348.0,4348.6,4343.1,4343.1,0.545,25.0
2026-08-07 15:30:00+00:00,4344.1,4344.1,4340.0,4342.1,0.285,18.0
2026-08-07 15:35:00+00:00,4341.7,4345.5,4341.7,4344.3,0.164,15.0
2026-08-07 15:40:00+00:00,4343.9,4344.3,4341.6,4341.9,0.708,17.0
2026-08-07 15:45:00+00:00,4342.3,4343.0,4340.3,4340.9,0.191,18.0
2026-08-07 15:50:00+00:00,4341.0,4341.7,4332.9,4333.2,1.364,25.0
2026-08-07 15:55:00+00:00,4334.0,4336.0,4333.0,4333.0,1.605,25.0
2026-08-07 16:00:00+00:00,4332.8,4334.5,4331.7,4334.5,24.663,59.0
2026-08-07 16:05:00+00:00,4334.8,4339.9,4334.8,4339.9,0.37,31.0
2026-08-07 16:10:00+00:00,4338.6,4338.7,4335.9,4338.7,0.402,18.0
2026-08-07 16:15:00+00:00,4339.4,4339.4,4334.7,4334.7,7.257,50.0
2026-08-07 16:20:00+00:00,4333.9,4337.4,4330.0,4330.0,4.847,43.0
2026-08-07 16:25:00+00:00,4330.0,4330.0,4326.7,4329.2,2.894,51.0
2026-08-07 16:30:00+00:00,4329.2,4329.2,4324.8,4328.7,1.294,31.0
2026-08-07 16:35:00+00:00,4329.2,4333.0,4329.2,4331.6,1.425,33.0
2026-08-07 16:40:00+00:00,4331.4,4331.8,4328.6,4329.9,0.208,13.0
2026-08-07 16:45:00+00:00,4330.3,4333.2,4328.3,4328.3,2.005,36.0
2026-08-07 16:50:00+00:00,4329.9,4329.9,4325.0,4325.0,0.396,20.0
2026-08-07 16:55:00+00:00,4325.6,4325.6,4322.1,4323.3,1.392,29.0
2026-08-07 17:00:00+00:00,4321.7,4326.9,4321.1,4326.9,1.274,38.0
2026-08-07 17:05:00+00:00,4327.0,4330.3,4327.0,4328.5,0.21,19.0
2026-08-07 17:10:00+00:00,4328.2,4329.0,4326.8,4327.0,0.131,15.0
2026-08-07 17:15:00+00:00,4327.0,4327.6,4325.7,4326.6,1.318,15.0
2026-08-07 17:20:00+00:00,4327.4,4330.2,4326.4,4329.7,0.442,27.0
2026-08-07 17:25:00+00:00,4330.3,4333.2,4329.9,4331.6,0.666,23.0
2026-08-07 17:30:00+00:00,4330.0,4331.1,4326.1,4329.8,0.199,15.0
2026-08-07 17:35:00+00:00,4328.6,4328.6,4323.2,4327.3,9.436,42.0
2026-08-07 17:40:00+00:00,4327.9,4330.9,4327.9,4329.4,0.094,12.0
2026-08-07 17:45:00+00:00,4328.3,4329.8,4328.1,4329.5,0.232,15.0
2026-08-07 17:50:00+00:00,4329.6,4332.9,4329.6,4332.6,0.157,16.0
2026-08-07 17:55:00+00:00,4334.0,4334.7,4333.3,4333.3,0.384,25.0
2026-08-07 18:00:00+00:00,4333.0,4333.8,4332.5,4332.6,0.669,30.0
2026-08-07 18:05:00+00:00,4332.9,4335.5,4332.9,4334.7,0.116,19.0
2026-08-07 18:10:00+00:00,4334.7,4335.0,4328.4,4328.4,0.291,29.0
2026-08-07 18:15:00+00:00,4328.2,4331.5,4328.2,4328.9,26.044,69.0
2026-08-07 18:20:00+00:00,4328.9,4328.9,4325.5,4325.5,3.099,50.0
2026-08-07 18:25:00+00:00,4326.9,4328.0,4325.4,4326.6,0.415,21.0
2026-08-07 18:30:00+00:00,4327.1,4330.6,4326.3,4330.4,3.655,24.0
2026-08-07 18:35:00+00:00,4329.7,4331.6,4329.7,4330.5,1.599,18.0
2026-08-07 18:40:00+00:00,4329.9,4329.9,4326.5,4326.5,1.424,28.0
2026-08-07 18:45:00+00:00,4326.6,4329.1,4326.6,4328.5,1.957,19.0
2026-08-07 18:50:00+00:00,4328.8,4329.8,4327.4,4327.5,1.825,28.0
2026-08-07 18:55:00+00:00,4328.0,4328.2,4326.1,4327.1,0.259,14.0
2026-08-07 19:00:00+00:00,4328.0,4336.1,4328.0,4332.2,2.162,35.0
2026-08-07 19:05:00+00:00,4332.9,4337.2,4332.9,4337.2,0.4,28.0
2026-08-07 19:10:00+00:00,4337.5,4338.2,4335.8,4336.7,0.533,26.0
2026-08-07 19:15:00+00:00,4335.9,4340.6,4335.8,4340.6,0.995,36.0
2026-08-07 19:20:00+00:00,4339.8,4342.4,4339.8,4341.6,0.67,20.0
2026-08-07 19:25:00+00:00,4341.5,4341.5,4339.9,4340.2,0.087,14.0
2026-08-07 19:30:00+00:00,4340.9,4341.0,4338.0,4338.2,0.593,26.0
2026-08-07 19:35:00+00:00,4338.5,4339.6,4337.5,4339.5,0.185,15.0
2026-08-07 19:40:00+00:00,4339.0,4340.4,4337.9,4340.4,0.827,20.0
2026-08-07 19:45:00+00:00,4339.8,4341.3,4339.7,4340.0,1.772,24.0
2026-08-07 19:50:00+00:00,4339.5,4341.4,4335.7,4335.7,0.264,18.0
2026-08-07 19:55:00+00:00,4336.0,4338.3,4333.8,4336.6,0.272,19.0
2026-08-07 20:00:00+00:00,4336.7,4338.1,4335.3,4336.7,1.9,34.0
2026-08-07 20:05:00+00:00,4336.7,4336.7,4335.4,4335.4,0.42,21.0
2026-08-07 20:10:00+00:00,4335.2,4335.2,4331.3,4334.7,1.827,58.0
2026-08-07 20:15:00+00:00,4335.3,4335.9,4332.8,4332.8,0.401,17.0
2026-08-07 20:20:00+00:00,4333.0,4333.0,4332.1,4332.1,0.106,13.0
2026-08-07 20:25:00+00:00,4332.2,4332.8,4331.0,4332.2,0.411,23.0
2026-08-07 20:30:00+00:00,4331.0,4331.0,4330.1,4330.4,0.249,24.0
2026-08-07 20:35:00+00:00,4330.4,4333.9,4330.4,4333.9,0.598,30.0
2026-08-07 20:40:00+00:00,4335.1,4335.1,4333.4,4333.6,0.602,17.0
2026-08-07 20:45:00+00:00,4333.6,4334.4,4332.3,4332.9,1.515,17.0
2026-08-07 20:50:00+00:00,4333.4,4334.1,4333.4,4334.0,1.536,19.0
2026-08-07 20:55:00+00:00,4333.1,4335.3,4333.0,4334.7,0.104,8.0
2026-08-07 21:00:00+00:00,4335.9,4336.9,4335.9,4336.9,0.146,9.0
2026-08-07 21:05:00+00:00,4336.9,4338.9,4336.9,4338.9,0.557,20.0
2026-08-07 21:10:00+00:00,4339.2,4339.4,4339.2,4339.4,0.022,6.0
2026-08-07 21:15:00+00:00,4339.3,4340.9,4339.3,4339.4,8.16,20.0
2026-08-07 21:20:00+00:00,4339.6,4339.9,4339.1,4339.1,1.297,16.0
2026-08-07 21:25:00+00:00,4339.8,4340.3,4339.4,4340.3,0.295,9.0
2026-08-07 21:30:00+00:00,4340.3,4340.7,4340.2,4340.6,0.621,21.0
2026-08-07 21:35:00+00:00,4340.8,4341.3,4340.7,4341.3,0.079,7.0
2026-08-07 21:40:00+00:00,4342.5,4342.5,4338.4,4338.5,0.62,21.0
2026-08-07 21:45:00+00:00,4338.5,4339.8,4337.8,4337.8,0.613,18.0
2026-08-07 21:50:00+00:00,4336.6,4336.7,4336.1,4336.6,0.127,10.0
2026-08-07 21:55:00+00:00,4336.7,4338.4,4336.5,4337.6,3.304,27.0
2026-08-07 22:00:00+00:00,4337.6,4340.7,4337.6,4339.8,1.001,21.0
2026-08-07 22:05:00+00:00,4340.4,4340.4,4339.9,4340.4,0.265,14.0
2026-08-07 22:10:00+00:00,4340.3,4340.4,4339.4,4339.4,0.177,35.0
2026-08-07 22:15:00+00:00,4340.2,4340.2,4340.0,4340.0,0.13,7.0
2026-08-07 22:20:00+00:00,4340.1,4340.1,4339.3,4339.3,0.128,8.0
2026-08-07 22:25:00+00:00,4339.4,4339.4,4338.5,4338.5,0.097,9.0
2026-08-07 22:30:00+00:00,4338.4,4338.4,4337.8,4337.9,0.046,12.0
2026-08-07 22:35:00+00:00,4337.9,4341.3,4337.8,4341.3,0.049,9.0
2026-08-07 22:40:00+00:00,4341.3,4342.3,4341.3,4342.3,0.403,10.0
2026-08-07 22:45:00+00:00,4342.3,4342.9,4342.3,4342.9,0.311,11.0
2026-08-07 22:50:00+00:00,4342.9,4343.0,4342.9,4343.0,0.617,9.0
2026-08-07 22:55:00+00:00,4343.1,4343.1,4343.0,4343.0,0.068,8.0
2026-08-07 23:00:00+00:00,4343.1,4343.5,4342.6,4343.3,1.318,27.0
2026-08-07 23:05:00+00:00,4343.6,4344.9,4342.3,4342.4,0.824,28.0
2026-08-07 23:10:00+00:00,4342.7,4342.8,4342.1,4342.1,0.102,9.0
2026-08-07 23:15:00+00:00,4342.0,4342.1,4341.4,4342.0,0.525,36.0
2026-08-07 23:20:00+00:00,4342.0,4344.0,4342.0,4344.0,0.577,19.0
2026-08-07 23:25:00+00:00,4344.0,4344.0,4343.5,4343.5,0.09,13.0
2026-08-07 23:30:00+00:00,4343.8,4343.8,4337.4,4339.8,4.39,63.0
2026-08-07 23:35:00+00:00,4340.3,4340.3,4339.5,4340.1,0.287,16.0
2026-08-07 23:40:00+00:00,4340.1,4340.3,4340.1,4340.3,0.071,8.0
2026-08-07 23:45:00+00:00,4340.5,4340.6,4340.4,4340.5,1.335,22.0
2026-08-07 23:50:00+00:00,4340.6,4342.6,4340.5,4342.6,1.373,22.0
2026-08-07 23:55:00+00:00,4343.2,4344.7,4342.8,4343.4,6.014,37.0
2026-08-08 00:00:00+00:00,4343.5,4345.3,4343.1,4345.2,53.835,71.0
2026-08-08 00:05:00+00:00,4345.0,4345.7,4345.0,4345.6,1.318,23.0
2026-08-08 00:10:00+00:00,4345.7,4347.5,4345.6,4347.0,18.054,67.0
2026-08-08 00:15:00+00:00,4347.1,4347.8,4344.3,4345.8,33.139,137.0
2026-08-08 00:20:00+00:00,4345.9,4347.8,4345.7,4346.9,19.883,81.0
2026-08-08 00:25:00+00:00,4347.5,4347.5,4344.6,4345.7,24.014,110.0
2026-08-08 00:30:00+00:00,4345.8,4346.1,4345.8,4346.0,0.775,33.0
2026-08-08 00:35:00+00:00,4345.9,4346.0,4344.4,4344.6,3.781,116.0
2026-08-08 00:40:00+00:00,4344.6,4344.7,4342.3,4342.4,9.638,90.0
2026-08-08 00:45:00+00:00,4342.4,4342.6,4342.3,4342.6,0.815,23.0
2026-08-08 00:50:00+00:00,4342.6,4342.6,4342.3,4342.5,23.88,147.0
2026-08-08 00:55:00+00:00,4342.5,4342.5,4342.4,4342.5,5.734,48.0
2026-08-08 01:00:00+00:00,4342.5,4342.5,4342.1,4342.4,13.925,138.0
2026-08-08 01:05:00+00:00,4342.4,4342.7,4342.4,4342.7,16.946,191.0
2026-08-08 01:10:00+00:00,4342.9,4342.9,4342.1,4342.1,2.246,23.0
2026-08-08 01:15:00+00:00,4342.0,4342.5,4342.0,4342.5,0.362,19.0
2026-08-08 01:20:00+00:00,4342.5,4342.5,4342.4,4342.5,0.045,13.0
2026-08-08 01:25:00+00:00,4342.5,4342.5,4341.8,4341.8,0.599,14.0
2026-08-08 01:30:00+00:00,4341.8,4342.3,4340.5,4341.3,5.723,40.0
2026-08-08 01:35:00+00:00,4341.4,4341.6,4337.9,4337.9,2.654,43.0
2026-08-08 01:40:00+00:00,4337.9,4337.9,4337.0,4337.0,0.449,25.0
2026-08-08 01:45:00+00:00,4336.3,4338.0,4336.3,4337.7,0.697,28.0
2026-08-08 01:50:00+00:00,4337.7,4338.5,4337.1,4337.1,6.05,33.0
2026-08-08 01:55:00+00:00,4337.2,4338.5,4336.2,4337.3,4.678,20.0
2026-08-08 02:00:00+00:00,4337.3,4337.5,4336.1,4336.2,0.958,31.0
2026-08-08 02:05:00+00:00,4336.2,4336.8,4336.2,4336.8,0.76,26.0
2026-08-08 02:10:00+00:00,4336.8,4336.8,4333.2,4333.8,0.275,25.0
2026-08-08 02:15:00+00:00,4334.4,4335.1,4334.4,4335.1,0.051,13.0
2026-08-08 02:20:00+00:00,4335.0,4335.4,4335.0,4335.4,0.226,15.0
2026-08-08 02:25:00+00:00,4335.4,4337.4,4335.1,4336.0,0.582,18.0
2026-08-08 02:30:00+00:00,4336.0,4337.1,4335.9,4337.1,0.515,21.0
2026-08-08 02:35:00+00:00,4337.0,4337.4,4337.0,4337.4,0.428,18.0
2026-08-08 02:40:00+00:00,4337.4,4337.4,4335.5,4335.5,1.599,36.0
2026-08-08 02:45:00+00:00,4335.4,4336.7,4335.4,4336.7,0.342,15.0
2026-08-08 02:50:00+00:00,4336.7,4337.0,4336.4,4337.0,0.424,21.0
2026-08-08 02:55:00+00:00,4337.0,4337.9,4337.0,4337.9,1.529,23.0
2026-08-08 03:00:00+00:00,4337.9,4337.9,4335.9,4337.5,8.443,38.0
2026-08-08 03:05:00+00:00,4337.6,4337.6,4337.4,4337.6,0.127,15.0
2026-08-08 03:10:00+00:00,4337.6,4337.6,4335.9,4335.9,0.216,15.0
2026-08-08 03:15:00+00:00,4335.9,4335.9,4335.9,4335.9,0.03,10.0
2026-08-08 03:20:00+00:00,4336.1,4337.2,4336.1,4336.5,0.211,14.0
2026-08-08 03:25:00+00:00,4336.4,4336.4,4335.9,4335.9,0.048,13.0
2026-08-08 03:30:00+00:00,4335.9,4336.5,4335.9,4336.5,0.519,22.0
2026-08-08 03:35:00+00:00,4336.4,4338.0,4336.4,4338.0,0.093,7.0
2026-08-08 03:40:00+00:00,4338.1,4339.1,4338.1,4339.1,0.105,11.0
2026-08-08 03:45:00+00:00,4339.1,4339.1,4337.2,4337.2,0.269,10.0
2026-08-08 03:50:00+00:00,4337.1,4337.3,4337.1,4337.3,0.116,7.0
2026-08-08 03:55:00+00:00,4338.3,4339.0,4338.3,4339.0,0.356,13.0
2026-08-08 04:00:00+00:00,4339.0,4339.2,4338.3,4339.0,0.904,19.0
2026-08-08 04:05:00+00:00,4338.9,4339.0,4338.1,4338.5,0.358,16.0
2026-08-08 04:10:00+00:00,4338.3,4338.3,4335.5,4335.5,1.464,38.0
2026-08-08 04:15:00+00:00,4335.5,4336.5,4335.0,4335.3,0.912,19.0
2026-08-08 04:20:00+00:00,4335.6,4337.7,4334.5,4337.7,0.966,18.0
2026-08-08 04:25:00+00:00,4337.5,4337.5,4336.7,4337.1,1.214,25.0
2026-08-08 04:30:00+00:00,4337.2,4338.6,4337.1,4337.1,1.93,23.0
2026-08-08 04:35:00+00:00,4338.3,4338.5,4337.6,4337.6,0.092,11.0
2026-08-08 04:40:00+00:00,4337.1,4337.2,4335.7,4335.7,0.047,6.0
2026-08-08 04:45:00+00:00,4335.2,4335.2,4334.1,4334.1,0.286,9.0
2026-08-08 04:50:00+00:00,4334.1,4334.4,4332.9,4333.0,0.643,16.0
2026-08-08 04:55:00+00:00,4332.6,4333.9,4332.2,4332.2,0.629,13.0
2026-08-08 05:00:00+00:00,4332.1,4333.2,4330.7,4333.2,2.755,34.0
2026-08-08 05:05:00+00:00,4333.5,4334.5,4333.5,4333.9,2.489,31.0
2026-08-08 05:10:00+00:00,4334.0,4334.2,4333.9,4333.9,0.478,8.0
2026-08-08 05:15:00+00:00,4333.3,4333.3,4333.0,4333.0,0.152,7.0
2026-08-08 05:20:00+00:00,4332.9,4335.1,4332.8,4335.1,2.902,17.0
2026-08-08 05:25:00+00:00,4335.1,4335.9,4333.5,4334.4,0.572,24.0
2026-08-08 05:30:00+00:00,4334.8,4334.8,4334.6,4334.6,0.031,7.0
2026-08-08 05:35:00+00:00,4334.6,4334.7,4334.6,4334.6,0.278,9.0
2026-08-08 05:40:00+00:00,4334.5,4335.2,4334.5,4334.9,0.165,8.0
2026-08-08 05:45:00+00:00,4334.9,4335.1,4334.4,4334.5,0.333,21.0
2026-08-08 05:50:00+00:00,4334.5,4336.0,4334.5,4336.0,5.948,22.0
2026-08-08 05:55:00+00:00,4335.9,4336.0,4334.7,4334.8,0.05,10.0
2026-08-08 06:00:00+00:00,4335.8,4336.5,4335.8,4336.5,0.286,9.0
2026-08-08 06:05:00+00:00,4336.5,4337.1,4336.5,4337.0,0.679,9.0
2026-08-08 06:10:00+00:00,4337.3,4337.8,4337.3,4337.8,0.233,13.0
2026-08-08 06:15:00+00:00,4337.8,4339.0,4337.7,4338.1,6.621,43.0
2026-08-08 06:20:00+00:00,4338.1,4338.1,4336.1,4336.2,0.077,6.0
2026-08-08 06:25:00+00:00,4336.1,4336.2,4335.2,4335.8,0.726,15.0
2026-08-08 06:30:00+00:00,4335.8,4336.4,4335.7,4336.0,2.55,21.0
2026-08-08 06:35:00+00:00,4336.6,4337.7,4336.6,4337.1,3.328,16.0
2026-08-08 06:40:00+00:00,4337.0,4337.0,4334.9,4335.0,1.656,32.0
2026-08-08 06:45:00+00:00,4337.4,4337.4,4336.9,4337.2,0.11,10.0
2026-08-08 06:50:00+00:00,4337.3,4337.8,4337.2,4337.2,2.587,21.0
2026-08-08 06:55:00+00:00,4337.4,4338.0,4337.3,4337.9,3.386,24.0
2026-08-08 07:00:00+00:00,4337.8,4338.1,4337.6,4337.8,0.305,13.0
2026-08-08 07:05:00+00:00,4338.1,4339.4,4338.0,4339.4,1.001,23.0
2026-08-08 07:10:00+00:00,4339.4,4339.4,4339.1,4339.1,0.086,7.0
2026-08-08 07:15:00+00:00,4339.1,4339.2,4338.8,4338.8,0.025,6.0
2026-08-08 07:20:00+00:00,4338.9,4338.9,4336.6,4337.6,1.453,24.0
2026-08-08 07:25:00+00:00,4337.6,4337.7,4337.6,4337.7,0.474,10.0
2026-08-08 07:30:00+00:00,4337.7,4337.9,4337.2,4337.2,0.114,9.0
2026-08-08 07:35:00+00:00,4337.3,4337.3,4336.6,4337.2,0.068,12.0
2026-08-08 07:40:00+00:00,4337.2,4337.7,4337.2,4337.2,0.436,10.0
2026-08-08 07:45:00+00:00,4337.3,4337.8,4337.1,4337.3,0.98,22.0
2026-08-08 07:50:00+00:00,4337.4,4337.4,4337.3,4337.4,0.137,8.0
2026-08-08 07:55:00+00:00,4337.8,4338.7,4337.8,4338.3,1.21,22.0
2026-08-08 08:00:00+00:00,4338.3,4338.7,4337.2,4337.2,1.198,37.0
2026-08-08 08:05:00+00:00,4337.2,4337.8,4337.1,4337.1,0.137,14.0
2026-08-08 08:10:00+00:00,4337.2,4338.3,4337.1,4338.3,1.439,18.0
2026-08-08 08:15:00+00:00,4338.4,4338.6,4338.4,4338.6,1.335,90.0
2026-08-08 08:20:00+00:00,4338.8,4339.0,4338.7,4339.0,0.055,9.0
2026-08-08 08:25:00+00:00,4339.1,4340.9,4339.0,4339.4,1.516,24.0
2026-08-08 08:30:00+00:00,4339.3,4340.3,4339.3,4340.3,0.076,13.0
2026-08-08 08:35:00+00:00,4340.3,4340.3,4340.2,4340.2,0.337,27.0
2026-08-08 08:40:00+00:00,4340.3,4340.6,4340.2,4340.2,5.393,121.0
2026-08-08 08:45:00+00:00,4340.1,4340.4,4340.1,4340.2,0.651,32.0
2026-08-08 08:50:00+00:00,4340.2,4340.6,4340.2,4340.5,0.061,9.0
2026-08-08 08:55:00+00:00,4340.6,4340.9,4340.4,4340.4,0.755,16.0
2026-08-08 09:00:00+00:00,4340.5,4341.0,4340.5,4341.0,0.813,20.0
2026-08-08 09:05:00+00:00,4340.9,4341.0,4339.7,4340.1,19.021,79.0
2026-08-08 09:10:00+00:00,4340.1,4340.1,4340.0,4340.1,0.661,17.0
2026-08-08 09:15:00+00:00,4341.0,4341.0,4340.3,4340.4,0.436,11.0
2026-08-08 09:20:00+00:00,4340.3,4340.6,4340.3,4340.6,0.106,10.0
2026-08-08 09:25:00+00:00,4340.6,4341.4,4340.4,4341.0,6.792,39.0
2026-08-08 09:30:00+00:00,4340.8,4342.0,4340.7,4342.0,0.65,14.0
2026-08-08 09:35:00+00:00,4341.9,4342.0,4341.9,4341.9,0.635,11.0
2026-08-08 09:40:00+00:00,4342.0,4342.3,4341.8,4342.3,2.031,23.0
2026-08-08 09:45:00+00:00,4342.1,4342.3,4341.9,4341.9,0.43,14.0
2026-08-08 09:50:00+00:00,4342.2,4342.2,4341.3,4341.4,0.087,10.0
2026-08-08 09:55:00+00:00,4341.4,4341.4,4341.3,4341.4,0.185,13.0
2026-08-08 10:00:00+00:00,4341.4,4342.3,4341.4,4342.2,3.483,79.0
2026-08-08 10:05:00+00:00,4342.2,4342.6,4342.2,4342.6,6.618,81.0
2026-08-08 10:10:00+00:00,4342.6,4343.0,4342.5,4342.6,1.904,107.0
2026-08-08 10:15:00+00:00,4342.6,4342.6,4342.4,4342.4,0.876,50.0
2026-08-08 10:20:00+00:00,4342.3,4342.3,4341.4,4342.0,1.092,51.0
2026-08-08 10:25:00+00:00,4342.0,4342.0,4341.2,4341.5,1.006,35.0
2026-08-08 10:30:00+00:00,4341.4,4341.4,4341.3,4341.4,0.062,10.0
2026-08-08 10:35:00+00:00,4341.4,4341.4,4339.1,4339.1,19.02,43.0
2026-08-08 10:40:00+00:00,4339.2,4339.2,4339.1,4339.1,2.025,22.0
2026-08-08 10:45:00+00:00,4339.1,4339.1,4338.8,4338.8,8.542,27.0
2026-08-08 10:50:00+00:00,4338.9,4338.9,4338.8,4338.9,0.076,15.0
2026-08-08 10:55:00+00:00,4338.9,4338.9,4338.7,4338.9,0.169,13.0
2026-08-08 11:00:00+00:00,4338.9,4339.0,4338.8,4338.8,0.317,14.0
2026-08-08 11:05:00+00:00,4338.8,4338.9,4338.8,4338.9,0.056,9.0
2026-08-08 11:10:00+00:00,4338.9,4338.9,4338.8,4338.9,0.089,10.0
2026-08-08 11:15:00+00:00,4338.8,4340.8,4338.8,4340.8,1.964,36.0
2026-08-08 11:20:00+00:00,4340.9,4341.2,4340.8,4340.9,0.926,16.0
2026-08-08 11:25:00+00:00,4340.6,4341.1,4340.0,4340.9,0.772,20.0
2026-08-08 11:30:00+00:00,4340.9,4341.0,4340.9,4340.9,0.031,7.0
2026-08-08 11:35:00+00:00,4341.0,4341.5,4340.9,4341.5,0.668,10.0
2026-08-08 11:40:00+00:00,4341.5,4341.6,4341.2,4341.2,0.068,8.0
2026-08-08 11:45:00+00:00,4341.2,4341.3,4339.3,4339.4,1.271,19.0
2026-08-08 11:50:00+00:00,4339.4,4340.1,4339.2,4339.2,1.277,27.0
2026-08-08 11:55:00+00:00,4339.8,4339.9,4339.8,4339.8,0.105,8.0
2026-08-08 12:00:00+00:00,4339.9,4339.9,4338.8,4338.9,0.506,30.0
2026-08-08 12:05:00+00:00,4338.9,4339.9,4338.8,4338.8,3.049,35.0
2026-08-08 12:10:00+00:00,4339.3,4339.5,4339.2,4339.4,1.07,14.0
2026-08-08 12:15:00+00:00,4339.4,4339.4,4338.7,4339.2,0.36,19.0
2026-08-08 12:20:00+00:00,4339.3,4339.3,4339.2,4339.3,0.106,8.0
2026-08-08 12:25:00+00:00,4339.2,4339.3,4338.9,4338.9,0.076,12.0
2026-08-08 12:30:00+00:00,4338.9,4339.3,4338.9,4339.1,0.078,12.0
2026-08-08 12:35:00+00:00,4339.1,4339.6,4339.0,4339.1,0.399,24.0
2026-08-08 12:40:00+00:00,4339.2,4341.8,4339.1,4341.8,3.121,26.0
2026-08-08 12:45:00+00:00,4341.0,4341.1,4341.0,4341.0,0.027,6.0
2026-08-08 12:50:00+00:00,4341.0,4341.6,4340.8,4341.3,0.085,9.0
2026-08-08 12:55:00+00:00,4340.9,4341.2,4340.9,4341.2,0.148,10.0
2026-08-08 13:00:00+00:00,4341.1,4341.2,4340.6,4340.6,0.092,10.0
2026-08-08 13:05:00+00:00,4340.7,4341.5,4340.6,4341.5,0.302,23.0
2026-08-08 13:10:00+00:00,4341.4,4341.9,4341.4,4341.8,0.989,18.0
2026-08-08 13:15:00+00:00,4341.8,4342.2,4341.8,4342.2,0.114,10.0
2026-08-08 13:20:00+00:00,4342.3,4342.4,4342.3,4342.4,0.044,4.0
2026-08-08 13:25:00+00:00,4342.3,4342.4,4340.9,4341.4,0.255,17.0
2026-08-08 13:30:00+00:00,4341.5,4341.5,4341.0,4341.4,0.552,16.0
2026-08-08 13:35:00+00:00,4341.3,4341.4,4341.3,4341.3,0.039,8.0
2026-08-08 13:40:00+00:00,4341.4,4341.4,4341.1,4341.3,0.103,8.0
2026-08-08 13:45:00+00:00,4341.4,4341.4,4341.1,4341.4,0.453,18.0
2026-08-08 13:50:00+00:00,4341.6,4342.0,4341.3,4342.0,0.578,16.0
2026-08-08 13:55:00+00:00,4341.4,4341.5,4341.3,4341.4,0.229,10.0
2026-08-08 14:00:00+00:00,4341.5,4341.8,4341.3,4341.7,0.347,23.0
2026-08-08 14:05:00+00:00,4341.7,4342.0,4341.7,4342.0,0.126,13.0
2026-08-08 14:10:00+00:00,4342.0,4342.0,4341.9,4342.0,0.515,8.0
2026-08-08 14:15:00+00:00,4342.0,4342.0,4341.9,4341.9,0.119,7.0
2026-08-08 14:20:00+00:00,4341.9,4342.0,4341.9,4341.9,0.554,10.0
2026-08-08 14:25:00+00:00,4341.6,4341.6,4341.5,4341.5,2.011,20.0
2026-08-08 14:30:00+00:00,4341.6,4341.6,4341.5,4341.5,1.103,23.0
2026-08-08 14:35:00+00:00,4341.6,4341.6,4341.5,4341.5,1.126,20.0
2026-08-08 14:40:00+00:00,4341.5,4342.1,4341.5,4342.0,2.002,51.0
2026-08-08 14:45:00+00:00,4341.5,4342.0,4341.5,4341.8,0.753,34.0
2026-08-08 14:50:00+00:00,4341.9,4343.7,4341.9,4343.6,0.101,11.0
2026-08-08 14:55:00+00:00,4343.6,4344.1,4341.8,4341.9,0.639,18.0
2026-08-08 15:00:00+00:00,4341.8,4342.7,4340.1,4342.5,2.928,32.0
2026-08-08 15:05:00+00:00,4342.8,4342.8,4342.5,4342.5,5.837,92.0
2026-08-08 15:10:00+00:00,4342.4,4343.2,4340.8,4341.5,2.547,38.0
2026-08-08 15:15:00+00:00,4341.4,4341.5,4341.2,4341.4,7.23,31.0
2026-08-08 15:20:00+00:00,4341.5,4341.5,4341.4,4341.5,0.497,20.0
2026-08-08 15:25:00+00:00,4341.5,4341.5,4341.4,4341.5,0.099,7.0
2026-08-08 15:30:00+00:00,4341.4,4342.7,4341.4,4342.7,0.533,11.0
2026-08-08 15:35:00+00:00,4342.7,4343.0,4342.6,4343.0,0.053,10.0
2026-08-08 15:40:00+00:00,4342.9,4344.0,4342.9,4344.0,0.049,12.0
2026-08-08 15:45:00+00:00,4344.0,4344.1,4343.8,4344.0,1.125,11.0
2026-08-08 15:50:00+00:00,4344.1,4344.5,4344.0,4344.2,1.509,25.0
2026-08-08 15:55:00+00:00,4344.1,4344.3,4344.1,4344.3,0.368,9.0
2026-08-08 16:00:00+00:00,4344.2,4344.2,4341.8,4341.9,0.584,20.0
2026-08-08 16:05:00+00:00,4341.9,4342.0,4339.4,4339.9,0.376,19.0
2026-08-08 16:10:00+00:00,4340.4,4340.5,4339.7,4340.3,1.089,14.0
2026-08-08 16:15:00+00:00,4340.2,4341.1,4340.0,4341.1,0.521,12.0
2026-08-08 16:20:00+00:00,4341.1,4341.9,4341.1,4341.3,0.202,9.0
2026-08-08 16:25:00+00:00,4341.2,4341.3,4340.2,4340.2,0.279,10.0
2026-08-08 16:30:00+00:00,4340.3,4340.3,4340.0,4340.2,0.132,8.0
2026-08-08 16:35:00+00:00,4340.1,4340.1,4339.5,4340.0,0.083,10.0
2026-08-08 16:40:00+00:00,4340.0,4341.6,4340.0,4340.9,2.823,29.0
2026-08-08 16:45:00+00:00,4341.5,4341.7,4341.1,4341.6,0.265,11.0
2026-08-08 16:50:00+00:00,4341.7,4342.5,4341.3,4341.6,2.651,26.0
2026-08-08 16:55:00+00:00,4341.7,4341.7,4339.9,4340.3,0.317,23.0
2026-08-08 17:00:00+00:00,4340.1,4342.2,4339.4,4339.4,0.676,32.0
2026-08-08 17:05:00+00:00,4339.8,4340.0,4339.2,4339.4,0.894,14.0
2026-08-08 17:10:00+00:00,4339.4,4339.4,4339.3,4339.3,0.15,12.0
2026-08-08 17:15:00+00:00,4339.3,4339.4,4339.3,4339.4,0.064,11.0
2026-08-08 17:20:00+00:00,4339.3,4339.4,4339.3,4339.4,0.07,7.0
2026-08-08 17:25:00+00:00,4339.3,4340.8,4339.3,4340.1,1.084,19.0
2026-08-08 17:30:00+00:00,4340.1,4340.6,4340.0,4340.6,0.504,19.0
2026-08-08 17:35:00+00:00,4340.5,4341.3,4340.5,4340.9,0.171,16.0
2026-08-08 17:40:00+00:00,4341.2,4341.3,4338.9,4340.9,1.325,16.0
2026-08-08 17:45:00+00:00,4340.8,4340.9,4340.4,4340.5,3.023,11.0
2026-08-08 17:50:00+00:00,4340.5,4340.8,4340.5,4340.5,1.076,7.0
2026-08-08 17:55:00+00:00,4340.5,4342.6,4340.5,4341.2,11.433,38.0
2026-08-08 18:00:00+00:00,4341.5,4341.8,4340.1,4341.8,14.055,46.0
2026-08-08 18:05:00+00:00,4341.0,4342.4,4341.0,4341.1,0.169,12.0
2026-08-08 18:10:00+00:00,4341.1,4342.4,4341.1,4342.2,0.457,15.0
2026-08-08 18:15:00+00:00,4341.9,4342.0,4341.4,4342.0,0.413,14.0
2026-08-08 18:20:00+00:00,4341.4,4341.7,4341.4,4341.6,0.084,8.0
2026-08-08 18:25:00+00:00,4341.6,4342.3,4341.6,4341.6,0.272,11.0
2026-08-08 18:30:00+00:00,4341.7,4341.7,4341.4,4341.6,0.147,12.0
2026-08-08 18:35:00+00:00,4341.6,4343.0,4341.6,4342.5,0.828,18.0
2026-08-08 18:40:00+00:00,4342.9,4342.9,4342.2,4342.9,0.112,8.0
2026-08-08 18:45:00+00:00,4342.7,4342.7,4342.6,4342.6,0.162,11.0
2026-08-08 18:50:00+00:00,4342.7,4342.7,4342.5,4342.6,0.222,24.0
2026-08-08 18:55:00+00:00,4342.5,4342.5,4341.8,4342.1,0.354,14.0
2026-08-08 19:00:00+00:00,4342.1,4342.7,4341.4,4342.0,4.306,32.0
2026-08-08 19:05:00+00:00,4342.1,4342.1,4342.0,4342.0,0.274,6.0
2026-08-08 19:10:00+00:00,4342.0,4342.0,4341.7,4341.7,0.342,16.0
2026-08-08 19:15:00+00:00,4341.7,4341.8,4341.6,4341.7,0.269,8.0
2026-08-08 19:20:00+00:00,4341.7,4342.2,4341.6,4341.7,0.027,6.0
2026-08-08 19:25:00+00:00,4342.0,4342.0,4340.8,4341.3,0.151,10.0
2026-08-08 19:30:00+00:00,4341.2,4341.6,4340.8,4341.0,1.617,12.0
2026-08-08 19:35:00+00:00,4340.9,4342.8,4340.9,4342.8,0.352,14.0
2026-08-08 19:40:00+00:00,4342.8,4342.9,4342.8,4342.8,0.033,6.0
2026-08-08 19:45:00+00:00,4342.8,4342.8,4341.7,4342.0,0.192,12.0
2026-08-08 19:50:00+00:00,4342.1,4342.1,4342.0,4342.1,0.066,9.0
2026-08-08 19:55:00+00:00,4342.0,4342.4,4341.7,4341.7,0.301,12.0
2026-08-08 20:00:00+00:00,4341.7,4342.4,4341.0,4341.1,0.737,24.0
2026-08-08 20:05:00+00:00,4341.1,4341.8,4341.1,4341.6,0.958,13.0
2026-08-08 20:10:00+00:00,4341.7,4342.8,4341.4,4342.2,0.646,19.0
2026-08-08 20:15:00+00:00,4342.1,4342.5,4341.9,4342.0,0.593,9.0
2026-08-08 20:20:00+00:00,4342.0,4342.6,4341.9,4342.6,0.283,7.0
2026-08-08 20:25:00+00:00,4342.6,4342.6,4341.8,4341.8,0.214,14.0
2026-08-08 20:30:00+00:00,4341.9,4342.9,4341.9,4342.1,2.067,26.0
2026-08-08 20:35:00+00:00,4342.0,4342.7,4342.0,4342.1,0.205,10.0
2026-08-08 20:40:00+00:00,4342.5,4342.5,4342.3,4342.3,0.124,6.0
2026-08-08 20:45:00+00:00,4342.2,4342.9,4342.1,4342.4,0.578,16.0
2026-08-08 20:50:00+00:00,4342.3,4342.5,4342.2,4342.5,0.055,7.0
2026-08-08 20:55:00+00:00,4342.5,4342.7,4342.2,4342.3,0.154,13.0
2026-08-08 21:00:00+00:00,4342.3,4343.0,4342.3,4342.5,0.322,19.0
2026-08-08 21:05:00+00:00,4342.9,4343.0,4342.6,4342.7,0.359,16.0
2026-08-08 21:10:00+00:00,4342.6,4342.7,4342.6,4342.7,0.062,8.0
2026-08-08 21:15:00+00:00,4342.7,4342.7,4342.6,4342.6,0.585,10.0
2026-08-08 21:20:00+00:00,4342.7,4342.7,4342.6,4342.6,0.049,9.0
2026-08-08 21:25:00+00:00,4342.7,4342.8,4342.7,4342.7,0.122,7.0
2026-08-08 21:30:00+00:00,4342.8,4342.8,4342.7,4342.8,0.164,8.0
2026-08-08 21:35:00+00:00,4342.7,4342.9,4342.7,4342.8,0.143,11.0
2026-08-08 21:40:00+00:00,4342.8,4343.3,4341.8,4341.8,0.415,14.0
2026-08-08 21:45:00+00:00,4342.2,4342.2,4341.8,4341.9,0.128,11.0
2026-08-08 21:50:00+00:00,4342.3,4342.3,4342.2,4342.3,0.048,7.0
2026-08-08 21:55:00+00:00,4342.3,4342.3,4342.1,4342.1,0.116,11.0
2026-08-08 22:00:00+00:00,4342.2,4342.3,4342.2,4342.2,0.354,12.0
2026-08-08 22:05:00+00:00,4342.3,4342.3,4342.2,4342.2,0.089,7.0
2026-08-08 22:10:00+00:00,4342.3,4342.5,4342.1,4342.5,0.144,8.0
2026-08-08 22:15:00+00:00,4342.4,4342.5,4342.1,4342.3,0.07,12.0
2026-08-08 22:20:00+00:00,4342.3,4342.3,4342.2,4342.3,0.033,5.0
2026-08-08 22:25:00+00:00,4342.3,4342.3,4342.2,4342.2,0.04,8.0
2026-08-08 22:30:00+00:00,4342.2,4342.3,4342.2,4342.3,0.042,8.0
2026-08-08 22:35:00+00:00,4342.2,4344.0,4342.1,4343.0,4.716,37.0
2026-08-08 22:40:00+00:00,4343.0,4343.0,4342.5,4342.7,0.353,13.0
2026-08-08 22:45:00+00:00,4342.7,4343.2,4342.3,4342.7,0.6,16.0
2026-08-08 22:50:00+00:00,4342.6,4342.7,4342.4,4342.7,0.173,13.0
2026-08-08 22:55:00+00:00,4342.6,4342.7,4342.4,4342.7,0.395,10.0
2026-08-08 23:00:00+00:00,4342.6,4344.0,4342.6,4344.0,0.63,14.0
2026-08-08 23:05:00+00:00,4344.2,4347.4,4344.2,4346.6,1.97,30.0
2026-08-08 23:10:00+00:00,4347.1,4347.4,4346.2,4346.2,0.662,19.0
2026-08-08 23:15:00+00:00,4345.9,4346.5,4345.8,4346.1,0.652,21.0
2026-08-08 23:20:00+00:00,4346.1,4346.1,4345.8,4345.8,0.08,6.0
2026-08-08 23:25:00+00:00,4346.1,4346.4,4345.9,4346.3,0.12,9.0
2026-08-08 23:30:00+00:00,4346.3,4346.4,4345.8,4346.3,0.552,11.0
2026-08-08 23:35:00+00:00,4346.2,4346.2,4346.1,4346.2,0.155,12.0
2026-08-08 23:40:00+00:00,4346.2,4346.8,4346.1,4346.8,0.048,7.0
2026-08-08 23:45:00+00:00,4346.2,4346.2,4345.6,4346.0,0.13,8.0
2026-08-08 23:50:00+00:00,4346.3,4347.1,4345.6,4345.8,2.232,32.0
2026-08-08 23:55:00+00:00,4345.7,4346.2,4345.7,4346.0,0.247,14.0
2026-08-09 00:00:00+00:00,4346.2,4347.7,4345.8,4347.1,6.812,59.0
2026-08-09 00:05:00+00:00,4347.2,4347.2,4346.0,4347.1,1.965,43.0
2026-08-09 00:10:00+00:00,4346.3,4347.2,4346.2,4346.4,1.104,28.0
2026-08-09 00:15:00+00:00,4346.4,4349.4,4346.4,4348.3,3.613,44.0
2026-08-09 00:20:00+00:00,4348.4,4348.5,4346.9,4348.2,2.142,32.0
2026-08-09 00:25:00+00:00,4347.5,4348.4,4347.1,4347.1,5.235,42.0
2026-08-09 00:30:00+00:00,4346.2,4347.1,4346.2,4346.3,1.535,30.0
2026-08-09 00:35:00+00:00,4346.9,4347.3,4346.0,4346.3,1.766,26.0
2026-08-09 00:40:00+00:00,4346.3,4346.3,4344.3,4344.4,0.886,31.0
2026-08-09 00:45:00+00:00,4344.4,4345.5,4344.4,4345.4,0.165,17.0
2026-08-09 00:50:00+00:00,4345.4,4345.5,4345.1,4345.4,0.211,16.0
2026-08-09 00:55:00+00:00,4345.4,4345.5,4344.9,4344.9,0.182,13.0
2026-08-09 01:00:00+00:00,4344.0,4344.6,4344.0,4344.6,0.558,28.0
2026-08-09 01:05:00+00:00,4344.6,4345.5,4344.6,4344.9,0.564,20.0
2026-08-09 01:10:00+00:00,4344.9,4344.9,4342.8,4344.0,2.132,39.0
2026-08-09 01:15:00+00:00,4343.3,4343.4,4342.9,4343.4,0.216,14.0
2026-08-09 01:20:00+00:00,4342.7,4342.8,4341.6,4342.3,0.65,29.0
2026-08-09 01:25:00+00:00,4342.3,4342.7,4342.3,4342.6,0.318,18.0
2026-08-09 01:30:00+00:00,4342.6,4343.0,4342.1,4343.0,0.307,17.0
2026-08-09 01:35:00+00:00,4342.9,4343.0,4342.2,4343.0,0.539,22.0
2026-08-09 01:40:00+00:00,4342.9,4343.6,4342.7,4342.7,0.732,21.0
2026-08-09 01:45:00+00:00,4342.9,4345.1,4342.7,4345.1,1.243,27.0
2026-08-09 01:50:00+00:00,4345.1,4345.1,4344.2,4344.8,0.309,16.0
2026-08-09 01:55:00+00:00,4344.8,4344.8,4343.6,4344.0,0.054,13.0
2026-08-09 02:00:00+00:00,4344.0,4344.8,4344.0,4344.8,0.621,22.0
2026-08-09 02:05:00+00:00,4344.1,4346.3,4344.1,4345.8,0.293,20.0
2026-08-09 02:10:00+00:00,4345.8,4346.3,4345.8,4345.9,0.164,13.0
2026-08-09 02:15:00+00:00,4345.8,4345.8,4345.5,4345.5,0.176,14.0
2026-08-09 02:20:00+00:00,4345.5,4345.6,4345.2,4345.5,0.105,11.0
2026-08-09 02:25:00+00:00,4345.5,4346.3,4345.2,4346.1,0.563,19.0
2026-08-09 02:30:00+00:00,4346.1,4346.1,4344.0,4344.0,0.282,14.0
2026-08-09 02:35:00+00:00,4344.0,4344.0,4343.8,4344.0,0.219,14.0
2026-08-09 02:40:00+00:00,4344.5,4346.0,4344.5,4345.8,0.14,12.0
2026-08-09 02:45:00+00:00,4345.8,4345.8,4345.4,4345.5,0.397,16.0
2026-08-09 02:50:00+00:00,4345.5,4346.3,4345.5,4346.3,0.635,15.0
2026-08-09 02:55:00+00:00,4346.3,4346.4,4346.0,4346.0,0.079,11.0
2026-08-09 03:00:00+00:00,4346.1,4346.4,4346.1,4346.3,0.299,18.0
2026-08-09 03:05:00+00:00,4346.3,4346.4,4346.3,4346.3,0.065,12.0
2026-08-09 03:10:00+00:00,4346.1,4346.9,4346.1,4346.3,0.645,17.0
2026-08-09 03:15:00+00:00,4346.3,4346.4,4346.2,4346.2,0.486,20.0
2026-08-09 03:20:00+00:00,4346.2,4346.7,4346.2,4346.7,1.19,16.0
2026-08-09 03:25:00+00:00,4346.7,4346.7,4344.5,4346.2,0.854,27.0
2026-08-09 03:30:00+00:00,4345.8,4345.8,4345.7,4345.8,0.136,11.0
2026-08-09 03:35:00+00:00,4345.8,4346.2,4344.5,4345.8,0.596,21.0
2026-08-09 03:40:00+00:00,4345.7,4345.8,4344.6,4344.6,0.232,9.0
2026-08-09 03:45:00+00:00,4344.5,4344.8,4344.4,4344.7,0.075,10.0
2026-08-09 03:50:00+00:00,4344.7,4344.7,4342.7,4342.9,0.801,21.0
2026-08-09 03:55:00+00:00,4343.0,4343.0,4342.8,4342.8,0.076,6.0
2026-08-09 04:00:00+00:00,4343.0,4343.6,4342.9,4343.6,0.222,12.0
2026-08-09 04:05:00+00:00,4343.6,4343.8,4343.6,4343.8,0.069,7.0
2026-08-09 04:10:00+00:00,4344.0,4344.6,4343.9,4344.4,0.209,12.0
2026-08-09 04:15:00+00:00,4344.4,4344.4,4343.3,4344.3,0.177,8.0
2026-08-09 04:20:00+00:00,4343.8,4343.9,4343.4,4343.4,0.021,4.0
2026-08-09 04:25:00+00:00,4343.5,4343.6,4343.5,4343.5,0.031,6.0
2026-08-09 04:30:00+00:00,4343.5,4343.6,4343.5,4343.5,0.04,7.0
2026-08-09 04:35:00+00:00,4343.5,4343.8,4343.2,4343.8,0.202,10.0
2026-08-09 04:40:00+00:00,4343.9,4344.3,4343.3,4344.3,0.486,16.0
2026-08-09 04:45:00+00:00,4343.7,4344.1,4343.7,4344.0,0.161,10.0
2026-08-09 04:50:00+00:00,4344.0,4344.5,4344.0,4344.4,0.218,7.0
2026-08-09 04:55:00+00:00,4344.4,4344.6,4344.4,4344.6,0.053,8.0
2026-08-09 05:00:00+00:00,4344.7,4344.7,4344.3,4344.3,0.306,11.0
2026-08-09 05:05:00+00:00,4344.3,4344.9,4344.3,4344.9,0.051,6.0
2026-08-09 05:10:00+00:00,4345.0,4345.2,4344.5,4344.7,0.318,9.0
2026-08-09 05:15:00+00:00,4344.7,4344.8,4344.7,4344.8,0.065,8.0
2026-08-09 05:20:00+00:00,4344.7,4345.2,4344.7,4345.2,0.263,21.0
2026-08-09 05:25:00+00:00,4345.2,4346.3,4345.2,4345.7,1.076,29.0
2026-08-09 05:30:00+00:00,4345.6,4345.8,4345.2,4345.8,0.4,18.0
2026-08-09 05:35:00+00:00,4345.8,4345.8,4345.5,4345.5,0.2,8.0
2026-08-09 05:40:00+00:00,4345.9,4345.9,4345.1,4345.5,0.135,8.0
2026-08-09 05:45:00+00:00,4345.2,4345.4,4345.2,4345.4,1.135,16.0
2026-08-09 05:50:00+00:00,4345.5,4345.5,4345.2,4345.3,0.091,9.0
2026-08-09 05:55:00+00:00,4345.4,4346.2,4345.4,4345.6,0.915,15.0
2026-08-09 06:00:00+00:00,4345.7,4346.1,4345.6,4346.1,0.127,16.0
2026-08-09 06:05:00+00:00,4346.0,4346.1,4346.0,4346.0,0.066,9.0
2026-08-09 06:10:00+00:00,4346.1,4346.1,4346.0,4346.0,0.043,6.0
2026-08-09 06:15:00+00:00,4346.1,4347.3,4346.0,4346.0,1.648,19.0
2026-08-09 06:20:00+00:00,4346.0,4346.9,4346.0,4346.1,0.342,13.0
2026-08-09 06:25:00+00:00,4346.0,4346.8,4346.0,4346.8,0.215,6.0
2026-08-09 06:30:00+00:00,4346.7,4346.8,4346.7,4346.7,0.042,6.0
2026-08-09 06:35:00+00:00,4346.2,4347.3,4346.2,4346.8,1.374,15.0
2026-08-09 06:40:00+00:00,4346.8,4346.9,4346.8,4346.9,0.046,7.0
2026-08-09 06:45:00+00:00,4346.8,4346.9,4346.3,4346.3,0.433,9.0
2026-08-09 06:50:00+00:00,4346.9,4347.2,4345.7,4346.6,6.815,33.0
2026-08-09 06:55:00+00:00,4346.5,4347.1,4346.3,4347.1,1.711,9.0
2026-08-09 07:00:00+00:00,4346.4,4346.4,4345.6,4345.7,0.205,12.0
2026-08-09 07:05:00+00:00,4345.7,4346.3,4345.1,4345.2,2.556,29.0
2026-08-09 07:10:00+00:00,4345.7,4347.0,4345.7,4346.1,0.694,12.0
2026-08-09 07:15:00+00:00,4347.3,4347.7,4347.2,4347.6,0.167,12.0
2026-08-09 07:20:00+00:00,4347.5,4347.9,4347.5,4347.9,0.121,7.0
2026-08-09 07:25:00+00:00,4347.9,4349.5,4347.0,4347.2,0.881,16.0
2026-08-09 07:30:00+00:00,4348.0,4349.5,4347.9,4349.3,7.464,23.0
2026-08-09 07:35:00+00:00,4349.3,4353.2,4348.8,4352.2,2.096,46.0
2026-08-09 07:40:00+00:00,4353.3,4355.4,4351.8,4352.6,2.144,25.0
2026-08-09 07:45:00+00:00,4352.7,4353.1,4351.1,4353.1,8.221,68.0
2026-08-09 07:50:00+00:00,4353.1,4354.0,4352.3,4353.7,13.169,76.0
2026-08-09 07:55:00+00:00,4354.3,4355.1,4353.0,4353.0,7.18,65.0
2026-08-09 08:00:00+00:00,4354.5,4355.4,4352.6,4353.2,3.079,33.0
2026-08-09 08:05:00+00:00,4353.5,4353.6,4352.5,4352.9,3.21,47.0
2026-08-09 08:10:00+00:00,4353.0,4353.0,4352.9,4353.0,1.696,15.0
2026-08-09 08:15:00+00:00,4352.9,4353.4,4351.1,4352.4,10.618,75.0
2026-08-09 08:20:00+00:00,4353.1,4353.1,4351.3,4351.3,5.876,37.0
2026-08-09 08:25:00+00:00,4352.6,4352.6,4347.6,4347.7,3.443,45.0
2026-08-09 08:30:00+00:00,4348.2,4349.7,4347.7,4349.7,0.043,12.0
2026-08-09 08:35:00+00:00,4349.9,4353.1,4349.9,4353.0,1.95,18.0
2026-08-09 08:40:00+00:00,4353.0,4353.1,4353.0,4353.0,1.075,89.0
2026-08-09 08:45:00+00:00,4353.1,4353.1,4350.0,4351.4,6.18,325.0
2026-08-09 08:50:00+00:00,4351.9,4351.9,4349.9,4350.0,2.092,33.0
2026-08-09 08:55:00+00:00,4350.0,4350.0,4349.9,4350.0,0.119,11.0
2026-08-09 09:00:00+00:00,4350.0,4350.0,4349.9,4349.9,0.537,58.0
2026-08-09 09:05:00+00:00,4349.9,4350.0,4349.9,4349.9,0.036,10.0
2026-08-09 09:10:00+00:00,4349.9,4350.0,4349.9,4350.0,0.2,8.0
2026-08-09 09:15:00+00:00,4349.9,4350.0,4349.9,4349.9,0.307,12.0
2026-08-09 09:20:00+00:00,4349.9,4349.9,4348.5,4348.8,1.215,21.0
2026-08-09 09:25:00+00:00,4348.9,4350.2,4348.8,4350.2,0.784,15.0
2026-08-09 09:30:00+00:00,4350.2,4350.3,4350.0,4350.2,0.05,7.0
2026-08-09 09:35:00+00:00,4350.2,4350.3,4347.5,4347.8,0.985,24.0
2026-08-09 09:40:00+00:00,4347.8,4348.6,4347.8,4348.6,0.271,8.0
2026-08-09 09:45:00+00:00,4348.1,4348.2,4347.0,4347.8,2.539,21.0
2026-08-09 09:50:00+00:00,4347.4,4348.5,4346.2,4346.3,1.314,22.0
2026-08-09 09:55:00+00:00,4346.8,4346.8,4346.3,4346.6,1.129,16.0
2026-08-09 10:00:00+00:00,4345.3,4347.9,4345.0,4347.3,2.43,33.0
2026-08-09 10:05:00+00:00,4347.3,4348.8,4347.1,4348.7,0.56,15.0
2026-08-09 10:10:00+00:00,4348.8,4348.8,4348.6,4348.6,0.231,14.0
2026-08-09 10:15:00+00:00,4348.7,4348.7,4348.1,4348.2,0.276,28.0
2026-08-09 10:20:00+00:00,4348.4,4348.4,4346.8,4346.9,1.373,44.0
2026-08-09 10:25:00+00:00,4346.9,4347.2,4346.9,4346.9,0.66,26.0
2026-08-09 10:30:00+00:00,4346.9,4347.1,4345.8,4346.3,0.696,36.0
2026-08-09 10:35:00+00:00,4346.2,4346.2,4345.9,4345.9,0.058,10.0
2026-08-09 10:40:00+00:00,4345.9,4347.2,4345.9,4347.2,1.265,19.0
2026-08-09 10:45:00+00:00,4347.2,4348.2,4347.2,4348.2,0.479,9.0
2026-08-09 10:50:00+00:00,4348.3,4348.3,4348.2,4348.3,0.033,6.0
2026-08-09 10:55:00+00:00,4348.3,4348.3,4348.1,4348.1,0.076,6.0
2026-08-09 11:00:00+00:00,4348.1,4349.9,4348.1,4349.8,1.757,31.0
2026-08-09 11:05:00+00:00,4349.9,4350.8,4349.9,4350.8,0.272,14.0
2026-08-09 11:10:00+00:00,4350.9,4351.0,4350.5,4351.0,0.045,6.0
2026-08-09 11:15:00+00:00,4351.0,4351.1,4351.0,4351.1,0.038,5.0
2026-08-09 11:20:00+00:00,4351.3,4351.6,4351.0,4351.0,0.255,15.0
2026-08-09 11:25:00+00:00,4351.0,4351.0,4349.3,4349.3,0.795,39.0
2026-08-09 11:30:00+00:00,4349.3,4349.4,4348.9,4348.9,0.214,8.0
2026-08-09 11:35:00+00:00,4348.9,4349.6,4348.9,4349.6,0.287,9.0
2026-08-09 11:40:00+00:00,4349.7,4350.0,4349.7,4350.0,0.065,10.0
2026-08-09 11:45:00+00:00,4349.9,4350.0,4349.7,4349.7,0.024,4.0
2026-08-09 11:50:00+00:00,4349.7,4349.9,4349.5,4349.8,0.292,10.0
2026-08-09 11:55:00+00:00,4349.8,4349.8,4349.5,4349.5,0.236,10.0
2026-08-09 12:00:00+00:00,4349.5,4350.5,4349.4,4349.5,0.754,25.0
2026-08-09 12:05:00+00:00,4349.5,4349.8,4349.5,4349.7,0.715,17.0
2026-08-09 12:10:00+00:00,4349.6,4349.7,4349.5,4349.6,0.143,8.0
2026-08-09 12:15:00+00:00,4349.8,4349.8,4349.5,4349.5,0.098,6.0
2026-08-09 12:20:00+00:00,4349.5,4349.6,4349.5,4349.6,0.025,4.0
2026-08-09 12:25:00+00:00,4349.6,4349.8,4349.3,4349.7,0.261,13.0
2026-08-09 12:30:00+00:00,4349.8,4350.8,4349.7,4350.3,0.326,12.0
2026-08-09 12:35:00+00:00,4350.1,4351.9,4350.0,4351.4,0.78,19.0
2026-08-09 12:40:00+00:00,4351.4,4351.5,4351.4,4351.4,0.14,8.0
2026-08-09 12:45:00+00:00,4351.4,4351.7,4351.3,4351.4,0.266,12.0
2026-08-09 12:50:00+00:00,4351.7,4352.3,4351.7,4352.3,0.143,7.0
2026-08-09 12:55:00+00:00,4352.4,4352.4,4352.3,4352.3,1.581,6.0
2026-08-09 13:00:00+00:00,4352.4,4352.7,4352.4,4352.6,0.594,17.0
2026-08-09 13:05:00+00:00,4352.6,4352.7,4352.6,4352.6,1.367,30.0
2026-08-09 13:10:00+00:00,4352.6,4352.7,4352.6,4352.7,0.801,7.0
2026-08-09 13:15:00+00:00,4352.8,4354.3,4352.7,4353.8,5.218,27.0
2026-08-09 13:20:00+00:00,4353.5,4353.6,4353.0,4353.0,1.42,41.0
2026-08-09 13:25:00+00:00,4353.1,4353.1,4352.1,4352.3,1.491,23.0
2026-08-09 13:30:00+00:00,4352.4,4352.6,4352.3,4352.3,0.046,10.0
2026-08-09 13:35:00+00:00,4352.3,4352.9,4352.3,4352.7,0.211,9.0
2026-08-09 13:40:00+00:00,4352.8,4352.9,4352.3,4352.7,0.071,10.0
2026-08-09 13:45:00+00:00,4352.6,4352.6,4351.8,4352.4,0.217,8.0
2026-08-09 13:50:00+00:00,4352.6,4353.0,4352.5,4352.5,0.566,8.0
2026-08-09 13:55:00+00:00,4353.0,4353.0,4352.5,4352.5,0.169,11.0
2026-08-09 14:00:00+00:00,4352.6,4353.4,4352.6,4353.4,0.348,13.0
2026-08-09 14:05:00+00:00,4353.5,4353.5,4352.5,4352.5,0.357,15.0
2026-08-09 14:10:00+00:00,4352.1,4352.5,4351.8,4352.5,0.507,19.0
2026-08-09 14:15:00+00:00,4352.4,4352.8,4352.4,4352.4,0.206,9.0
2026-08-09 14:20:00+00:00,4352.4,4352.9,4352.4,4352.5,0.146,14.0
2026-08-09 14:25:00+00:00,4352.4,4352.5,4352.4,4352.4,0.039,9.0
2026-08-09 14:30:00+00:00,4352.4,4353.2,4352.4,4353.1,0.337,13.0
2026-08-09 14:35:00+00:00,4353.1,4353.2,4352.7,4352.8,0.725,23.0
2026-08-09 14:40:00+00:00,4352.8,4353.1,4352.7,4352.8,0.434,16.0
2026-08-09 14:45:00+00:00,4353.1,4353.5,4353.1,4353.2,0.178,10.0
2026-08-09 14:50:00+00:00,4353.2,4353.3,4353.2,4353.3,0.057,3.0
2026-08-09 14:55:00+00:00,4353.3,4353.3,4353.2,4353.2,0.029,7.0
2026-08-09 15:00:00+00:00,4353.3,4354.4,4352.6,4353.1,9.044,35.0
2026-08-09 15:05:00+00:00,4353.1,4353.5,4353.0,4353.5,0.838,17.0
2026-08-09 15:10:00+00:00,4353.7,4353.8,4353.7,4353.7,0.033,7.0
2026-08-09 15:15:00+00:00,4353.7,4353.8,4353.3,4353.7,0.132,10.0
2026-08-09 15:20:00+00:00,4353.7,4353.8,4353.4,4353.6,0.228,10.0
2026-08-09 15:25:00+00:00,4353.7,4353.7,4353.6,4353.7,0.032,6.0
2026-08-09 15:30:00+00:00,4353.8,4353.8,4353.6,4353.6,0.06,6.0
2026-08-09 15:35:00+00:00,4353.7,4353.7,4353.6,4353.6,0.196,10.0
2026-08-09 15:40:00+00:00,4353.7,4353.7,4353.6,4353.6,0.322,10.0
2026-08-09 15:45:00+00:00,4353.7,4353.7,4353.6,4353.6,0.075,7.0
2026-08-09 15:50:00+00:00,4353.6,4353.7,4353.6,4353.7,0.548,13.0
2026-08-09 15:55:00+00:00,4353.6,4356.3,4353.6,4356.3,5.167,42.0
2026-08-09 16:00:00+00:00,4356.4,4357.0,4355.3,4356.1,3.081,31.0
2026-08-09 16:05:00+00:00,4356.4,4356.6,4353.3,4353.4,1.705,37.0
2026-08-09 16:10:00+00:00,4353.8,4356.0,4353.2,4354.7,34.826,51.0
2026-08-09 16:15:00+00:00,4354.1,4354.2,4354.1,4354.1,0.331,19.0
2026-08-09 16:20:00+00:00,4354.2,4355.1,4354.1,4354.2,0.799,16.0
2026-08-09 16:25:00+00:00,4354.3,4354.6,4354.1,4354.6,0.241,9.0
2026-08-09 16:30:00+00:00,4354.6,4355.1,4354.1,4354.7,2.07,19.0
2026-08-09 16:35:00+00:00,4354.5,4354.9,4354.5,4354.5,0.061,8.0
2026-08-09 16:40:00+00:00,4354.9,4354.9,4354.8,4354.9,0.486,16.0
2026-08-09 16:45:00+00:00,4355.3,4355.4,4354.6,4354.7,0.175,15.0
2026-08-09 16:50:00+00:00,4354.3,4354.4,4354.3,4354.3,0.207,8.0
2026-08-09 16:55:00+00:00,4354.3,4354.4,4354.3,4354.3,0.221,8.0
2026-08-09 17:00:00+00:00,4354.3,4354.3,4353.4,4353.5,0.369,12.0
2026-08-09 17:05:00+00:00,4353.4,4353.5,4353.1,4353.1,0.235,10.0
2026-08-09 17:10:00+00:00,4353.2,4353.2,4352.6,4352.6,0.162,14.0
2026-08-09 17:15:00+00:00,4352.6,4352.7,4352.6,4352.7,0.719,17.0
2026-08-09 17:20:00+00:00,4352.7,4352.7,4352.6,4352.7,0.525,13.0
2026-08-09 17:25:00+00:00,4352.7,4352.7,4352.6,4352.7,0.522,18.0
2026-08-09 17:30:00+00:00,4352.6,4352.7,4352.6,4352.7,0.116,7.0
2026-08-09 17:35:00+00:00,4352.6,4352.7,4351.1,4351.8,2.617,26.0
2026-08-09 17:40:00+00:00,4351.6,4351.7,4351.6,4351.6,0.252,11.0
2026-08-09 17:45:00+00:00,4351.7,4351.7,4350.6,4350.6,0.384,17.0
2026-08-09 17:50:00+00:00,4350.6,4352.4,4350.2,4352.4,1.641,41.0
2026-08-09 17:55:00+00:00,4352.4,4352.4,4351.2,4351.2,0.466,9.0
2026-08-09 18:00:00+00:00,4351.3,4351.3,4351.2,4351.2,0.261,10.0
2026-08-09 18:05:00+00:00,4350.9,4352.1,4350.0,4351.4,1.269,28.0
2026-08-09 18:10:00+00:00,4351.6,4351.7,4351.3,4351.4,0.455,11.0
2026-08-09 18:15:00+00:00,4351.6,4352.0,4350.3,4350.3,0.119,6.0
2026-08-09 18:20:00+00:00,4351.0,4351.0,4350.6,4350.9,0.093,5.0
